{
  "nodes": [
    "0",
    "1",
    "10",
    "11",
    "12",
    "13",
    "14",
    "15",
    "16",
    "17",
    "18",
    "19",
    "2",
    "3",
    "4",
    "5",
    "6",
    "7",
    "8",
    "9",
    "LENGTH amount",
    "LENGTH recipient",
    "REF_1(uint256)",
    "REF_1(uint256) (",
    "REF_11",
    "REF_11(mapping(address => uint256))",
    "REF_12(uint256)",
    "REF_13",
    "REF_13(mapping(address => uint256))",
    "REF_14(uint256)",
    "REF_14(uint256) (",
    "REF_15(uint256)",
    "REF_16(uint256)",
    "REF_16(uint256) (",
    "REF_17(uint256)",
    "REF_2(uint256)",
    "REF_22(uint256)",
    "REF_22(uint256) (",
    "REF_23(uint256)",
    "REF_25(uint256)",
    "REF_25(uint256) (",
    "REF_26(uint256)",
    "REF_28",
    "REF_29",
    "REF_30",
    "REF_31(address)",
    "REF_32(uint256)",
    "REF_33",
    "REF_33(mapping(address => uint256))",
    "REF_34(uint256)",
    "REF_34(uint256) (",
    "REF_35",
    "REF_35(mapping(address => uint256))",
    "REF_36(uint256)",
    "REF_39(uint256)",
    "REF_39(uint256) (",
    "REF_4(uint256)",
    "REF_4(uint256) (",
    "REF_40(uint256)",
    "REF_43",
    "REF_44",
    "REF_45",
    "REF_46(address)",
    "REF_47(uint256)",
    "REF_47(uint256) (",
    "REF_48(address)",
    "REF_49(uint256)",
    "REF_5(uint256)",
    "REF_51(uint256)",
    "REF_53(uint256)",
    "REF_54(address)",
    "REF_55(uint256)",
    "REF_57(uint256)",
    "REF_57(uint256) (",
    "REF_58(uint256)",
    "TMP_13(uint256) = LIBRARY_CALL, dest:SafeMath, function:SafeMath.add(uint256,uint256), arguments:",
    "TMP_16(uint256) = LIBRARY_CALL, dest:SafeMath, function:SafeMath.add(uint256,uint256), arguments:",
    "TMP_19(uint256) = LIBRARY_CALL, dest:SafeMath, function:SafeMath.add(uint256,uint256), arguments:",
    "TMP_20(uint256) = LIBRARY_CALL, dest:SafeMath, function:SafeMath.add(uint256,uint256), arguments:",
    "TMP_30(uint256) = LIBRARY_CALL, dest:SafeMath, function:SafeMath.mul(uint256,uint256), arguments:",
    "TMP_41(uint256) = LIBRARY_CALL, dest:SafeMath, function:SafeMath.sub(uint256,uint256), arguments:",
    "TMP_42(uint256) = LIBRARY_CALL, dest:SafeMath, function:SafeMath.sub(uint256,uint256), arguments:",
    "TMP_46(uint256) = LIBRARY_CALL, dest:SafeMath, function:SafeMath.sub(uint256,uint256), arguments:",
    "TMP_47(uint256) = LIBRARY_CALL, dest:SafeMath, function:SafeMath.add(uint256,uint256), arguments:",
    "TMP_59(uint256) = LIBRARY_CALL, dest:SafeMath, function:SafeMath.sub(uint256,uint256), arguments:",
    "TMP_60(uint256) = LIBRARY_CALL, dest:SafeMath, function:SafeMath.add(uint256,uint256), arguments:",
    "TMP_63(uint256) = LIBRARY_CALL, dest:SafeMath, function:SafeMath.add(uint256,uint256), arguments:",
    "TMP_64(uint256) = LIBRARY_CALL, dest:SafeMath, function:SafeMath.add(uint256,uint256), arguments:",
    "TMP_71(uint256) = LIBRARY_CALL, dest:SafeMath, function:SafeMath.add(uint256,uint256), arguments:",
    "TMP_72(uint256) = LIBRARY_CALL, dest:SafeMath, function:SafeMath.add(uint256,uint256), arguments:",
    "TMP_82(uint256) = LIBRARY_CALL, dest:SafeMath, function:SafeMath.add(uint256,uint256), arguments:",
    "TMP_87(uint256) = LIBRARY_CALL, dest:SafeMath, function:SafeMath.add(uint256,uint256), arguments:",
    "TMP_88(uint256) = LIBRARY_CALL, dest:SafeMath, function:SafeMath.add(uint256,uint256), arguments:",
    "TUPLE_0(bool,bytes) = LOW_LEVEL_CALL, dest:owner, function:call, arguments:",
    "TUPLE_1(bool,bytes) = LOW_LEVEL_CALL, dest:sender, function:call, arguments:",
    "Transfer(address(0),recipient",
    "_transfer(msg.sender,recipient",
    "allowances",
    "allowances) := TMP_59(uint256)\"]",
    "allowances) := amount(uint256)\"]",
    "amount",
    "balances",
    "balances) := TMP_16(uint256)\"]",
    "balances) := TMP_19(uint256)\"]",
    "balances) := TMP_41(uint256)\"]",
    "balances) := TMP_46(uint256)\"]",
    "balances) := TMP_47(uint256)\"]",
    "balances) := TMP_63(uint256)\"]",
    "balances) := TMP_71(uint256)\"]",
    "balances) := TMP_87(uint256)\"]",
    "recipient",
    "require(bool,string)(amount == 0 || allowances",
    "totalSupply = totalSupply.add(amount"
  ],
  "edges": [
    {
      "source": "0",
      "target": "1"
    },
    {
      "source": "1",
      "target": "2"
    },
    {
      "source": "2",
      "target": "3"
    },
    {
      "source": "3",
      "target": "4"
    },
    {
      "source": "4",
      "target": "5"
    },
    {
      "source": "5",
      "target": "6"
    },
    {
      "source": "6",
      "target": "7"
    },
    {
      "source": "7",
      "target": "8"
    },
    {
      "source": "8",
      "target": "9"
    },
    {
      "source": "9",
      "target": "10"
    },
    {
      "source": "10",
      "target": "11"
    },
    {
      "source": "11",
      "target": "12"
    },
    {
      "source": "12",
      "target": "13"
    },
    {
      "source": "13",
      "target": "14"
    },
    {
      "source": "REF_1(uint256)",
      "target": "balances"
    },
    {
      "source": "REF_2(uint256)",
      "target": "balances"
    },
    {
      "source": "REF_1(uint256) (",
      "target": "balances) := TMP_16(uint256)\"]"
    },
    {
      "source": "14",
      "target": "15"
    },
    {
      "source": "REF_4(uint256)",
      "target": "balances"
    },
    {
      "source": "REF_5(uint256)",
      "target": "balances"
    },
    {
      "source": "REF_4(uint256) (",
      "target": "balances) := TMP_19(uint256)\"]"
    },
    {
      "source": "15",
      "target": "16"
    },
    {
      "source": "16",
      "target": "17"
    },
    {
      "source": "17",
      "target": "18"
    },
    {
      "source": "18",
      "target": "19"
    },
    {
      "source": "0",
      "target": "1"
    },
    {
      "source": "1",
      "target": "2"
    },
    {
      "source": "REF_28",
      "target": "LENGTH recipient"
    },
    {
      "source": "REF_29",
      "target": "LENGTH amount"
    },
    {
      "source": "2",
      "target": "5"
    },
    {
      "source": "3",
      "target": "6"
    },
    {
      "source": "4",
      "target": "9"
    },
    {
      "source": "5",
      "target": "3"
    },
    {
      "source": "REF_30",
      "target": "LENGTH recipient"
    },
    {
      "source": "6",
      "target": "7"
    },
    {
      "source": "6",
      "target": "4"
    },
    {
      "source": "REF_31(address)",
      "target": "recipient"
    },
    {
      "source": "REF_32(uint256)",
      "target": "amount"
    },
    {
      "source": "7",
      "target": "8"
    },
    {
      "source": "8",
      "target": "6"
    },
    {
      "source": "0",
      "target": "1"
    },
    {
      "source": "1",
      "target": "2"
    },
    {
      "source": "REF_22(uint256)",
      "target": "balances"
    },
    {
      "source": "REF_23(uint256)",
      "target": "balances"
    },
    {
      "source": "REF_22(uint256) (",
      "target": "balances) := TMP_46(uint256)\"]"
    },
    {
      "source": "2",
      "target": "3"
    },
    {
      "source": "REF_25(uint256)",
      "target": "balances"
    },
    {
      "source": "REF_26(uint256)",
      "target": "balances"
    },
    {
      "source": "REF_25(uint256) (",
      "target": "balances) := TMP_47(uint256)\"]"
    },
    {
      "source": "3",
      "target": "4"
    },
    {
      "source": "0",
      "target": "1"
    },
    {
      "source": "REF_15(uint256)",
      "target": "balances"
    },
    {
      "source": "0",
      "target": "11"
    },
    {
      "source": "REF_43",
      "target": "LENGTH recipient"
    },
    {
      "source": "REF_44",
      "target": "LENGTH amount"
    },
    {
      "source": "1",
      "target": "4"
    },
    {
      "source": "2",
      "target": "5"
    },
    {
      "source": "3",
      "target": "10"
    },
    {
      "source": "4",
      "target": "2"
    },
    {
      "source": "REF_45",
      "target": "LENGTH recipient"
    },
    {
      "source": "5",
      "target": "6"
    },
    {
      "source": "5",
      "target": "3"
    },
    {
      "source": "REF_46(address)",
      "target": "recipient"
    },
    {
      "source": "REF_47(uint256)",
      "target": "balances"
    },
    {
      "source": "REF_48(address)",
      "target": "recipient"
    },
    {
      "source": "REF_49(uint256)",
      "target": "balances"
    },
    {
      "source": "REF_51(uint256)",
      "target": "amount"
    },
    {
      "source": "REF_47(uint256) (",
      "target": "balances) := TMP_71(uint256)\"]"
    },
    {
      "source": "6",
      "target": "7"
    },
    {
      "source": "REF_53(uint256)",
      "target": "amount"
    },
    {
      "source": "7",
      "target": "8"
    },
    {
      "source": "REF_54(address)",
      "target": "recipient"
    },
    {
      "source": "REF_55(uint256)",
      "target": "amount"
    },
    {
      "source": "8",
      "target": "9"
    },
    {
      "source": "9",
      "target": "5"
    },
    {
      "source": "11",
      "target": "1"
    },
    {
      "source": "0",
      "target": "1"
    },
    {
      "source": "1",
      "target": "2"
    },
    {
      "source": "2",
      "target": "3"
    },
    {
      "source": "3",
      "target": "4"
    },
    {
      "source": "4",
      "target": "5"
    },
    {
      "source": "5",
      "target": "6"
    },
    {
      "source": "0",
      "target": "1"
    },
    {
      "source": "1",
      "target": "2"
    },
    {
      "source": "0",
      "target": "2"
    },
    {
      "source": "2",
      "target": "1"
    },
    {
      "source": "0",
      "target": "2"
    },
    {
      "source": "2",
      "target": "1"
    },
    {
      "source": "0",
      "target": "1"
    },
    {
      "source": "0",
      "target": "6"
    },
    {
      "source": "1",
      "target": "2"
    },
    {
      "source": "2",
      "target": "3"
    },
    {
      "source": "REF_57(uint256)",
      "target": "balances"
    },
    {
      "source": "REF_58(uint256)",
      "target": "balances"
    },
    {
      "source": "REF_57(uint256) (",
      "target": "balances) := TMP_87(uint256)\"]"
    },
    {
      "source": "3",
      "target": "4"
    },
    {
      "source": "4",
      "target": "5"
    },
    {
      "source": "6",
      "target": "1"
    },
    {
      "source": "0",
      "target": "1"
    },
    {
      "source": "1",
      "target": "2"
    },
    {
      "source": "2",
      "target": "3"
    },
    {
      "source": "0",
      "target": "1"
    },
    {
      "source": "1",
      "target": "2"
    },
    {
      "source": "2",
      "target": "3"
    },
    {
      "source": "0",
      "target": "2"
    },
    {
      "source": "2",
      "target": "1"
    },
    {
      "source": "0",
      "target": "1"
    },
    {
      "source": "1",
      "target": "2"
    },
    {
      "source": "2",
      "target": "3"
    },
    {
      "source": "0",
      "target": "1"
    },
    {
      "source": "1",
      "target": "2"
    },
    {
      "source": "1",
      "target": "3"
    },
    {
      "source": "3",
      "target": "4"
    },
    {
      "source": "4",
      "target": "5"
    },
    {
      "source": "5",
      "target": "6"
    },
    {
      "source": "0",
      "target": "5"
    },
    {
      "source": "1",
      "target": "2"
    },
    {
      "source": "REF_39(uint256)",
      "target": "balances"
    },
    {
      "source": "REF_40(uint256)",
      "target": "balances"
    },
    {
      "source": "REF_39(uint256) (",
      "target": "balances) := TMP_63(uint256)\"]"
    },
    {
      "source": "2",
      "target": "3"
    },
    {
      "source": "3",
      "target": "4"
    },
    {
      "source": "5",
      "target": "1"
    },
    {
      "source": "0",
      "target": "1"
    },
    {
      "source": "1",
      "target": "2"
    },
    {
      "source": "2",
      "target": "3"
    },
    {
      "source": "REF_33(mapping(address => uint256))",
      "target": "allowances"
    },
    {
      "source": "REF_34(uint256)",
      "target": "REF_33"
    },
    {
      "source": "REF_35(mapping(address => uint256))",
      "target": "allowances"
    },
    {
      "source": "REF_36(uint256)",
      "target": "REF_35"
    },
    {
      "source": "REF_34(uint256) (",
      "target": "allowances) := TMP_59(uint256)\"]"
    },
    {
      "source": "3",
      "target": "4"
    },
    {
      "source": "0",
      "target": "1"
    },
    {
      "source": "REF_11(mapping(address => uint256))",
      "target": "allowances"
    },
    {
      "source": "REF_12(uint256)",
      "target": "REF_11"
    },
    {
      "source": "1",
      "target": "2"
    },
    {
      "source": "REF_13(mapping(address => uint256))",
      "target": "allowances"
    },
    {
      "source": "REF_14(uint256)",
      "target": "REF_13"
    },
    {
      "source": "REF_14(uint256) (",
      "target": "allowances) := amount(uint256)\"]"
    },
    {
      "source": "2",
      "target": "3"
    },
    {
      "source": "3",
      "target": "4"
    },
    {
      "source": "0",
      "target": "2"
    },
    {
      "source": "2",
      "target": "1"
    },
    {
      "source": "0",
      "target": "1"
    },
    {
      "source": "0",
      "target": "2"
    },
    {
      "source": "2",
      "target": "1"
    },
    {
      "source": "0",
      "target": "1"
    },
    {
      "source": "1",
      "target": "2"
    },
    {
      "source": "2",
      "target": "3"
    },
    {
      "source": "0",
      "target": "1"
    },
    {
      "source": "REF_16(uint256)",
      "target": "balances"
    },
    {
      "source": "REF_17(uint256)",
      "target": "balances"
    },
    {
      "source": "REF_16(uint256) (",
      "target": "balances) := TMP_41(uint256)\"]"
    },
    {
      "source": "1",
      "target": "2"
    },
    {
      "source": "2",
      "target": "3"
    }
  ]
}