{
  "nodes": [
    "0",
    "1",
    "2",
    "REF_0(",
    "REF_0(uint256)",
    "REF_3(uint256)",
    "REF_4(uint256)",
    "REF_4(uint256) (",
    "TMP_1(bool) = LOW_LEVEL_CALL, dest:msg.sender, function:call, arguments:",
    "balances",
    "balances) := 0(uint256)\"]",
    "balances) = REF_0 + msg.value\"]",
    "msg.sender.call.value(balances"
  ],
  "edges": [
    {
      "source": "0",
      "target": "1"
    },
    {
      "source": "REF_0(uint256)",
      "target": "balances"
    },
    {
      "source": "REF_0(",
      "target": "balances) = REF_0 + msg.value\"]"
    },
    {
      "source": "0",
      "target": "1"
    },
    {
      "source": "REF_3(uint256)",
      "target": "balances"
    },
    {
      "source": "1",
      "target": "2"
    },
    {
      "source": "REF_4(uint256)",
      "target": "balances"
    },
    {
      "source": "REF_4(uint256) (",
      "target": "balances) := 0(uint256)\"]"
    }
  ]
}