{
  "nodes": [
    "(allowances",
    "0",
    "1",
    "10",
    "11",
    "12",
    "13",
    "14",
    "15",
    "2",
    "3",
    "4",
    "5",
    "6",
    "7",
    "8",
    "9",
    "REF_0(uint256)",
    "REF_0(uint256) (",
    "REF_10(uint256)",
    "REF_12(uint256)",
    "REF_13(uint256)",
    "REF_13(uint256) (",
    "REF_14(uint256)",
    "REF_16(uint256)",
    "REF_16(uint256) (",
    "REF_17(uint256)",
    "REF_19",
    "REF_19(mapping(address => uint256))",
    "REF_2(uint256)",
    "REF_20(uint256)",
    "REF_20(uint256) (",
    "REF_21",
    "REF_21(mapping(address => uint256))",
    "REF_22(uint256)",
    "REF_24",
    "REF_24(mapping(address => uint256))",
    "REF_25(uint256)",
    "REF_26",
    "REF_26(mapping(address => uint256))",
    "REF_27(uint256)",
    "REF_28",
    "REF_28(mapping(address => uint256))",
    "REF_29(uint256)",
    "REF_3(uint256)",
    "REF_31",
    "REF_31(mapping(address => uint256))",
    "REF_32(uint256)",
    "REF_33(uint256)",
    "REF_34",
    "REF_34(mapping(address => uint256))",
    "REF_35(uint256)",
    "REF_35(uint256) (",
    "REF_36(uint256)",
    "REF_37",
    "REF_37(mapping(address => uint256))",
    "REF_38(uint256)",
    "REF_38(uint256) (",
    "REF_39",
    "REF_39(mapping(address => uint256))",
    "REF_40(uint256)",
    "REF_42",
    "REF_42(mapping(address => uint256))",
    "REF_43(uint256)",
    "REF_44",
    "REF_44(mapping(address => uint256))",
    "REF_45(uint256)",
    "REF_45(uint256) (",
    "REF_46",
    "REF_46(mapping(address => uint256))",
    "REF_47(uint256)",
    "REF_49(uint256)",
    "REF_5(uint256)",
    "REF_53(uint256)",
    "REF_53(uint256) (",
    "REF_54(uint256)",
    "REF_56(uint256)",
    "REF_56(uint256) (",
    "REF_57(uint256)",
    "REF_6(uint256)",
    "REF_6(uint256) (",
    "REF_62(uint256)",
    "REF_63(uint256)",
    "REF_63(uint256) (",
    "REF_64(uint256)",
    "REF_66(uint256)",
    "REF_66(uint256) (",
    "REF_67(uint256)",
    "REF_7(uint256)",
    "REF_72(uint256)",
    "REF_72(uint256) (",
    "REF_73(uint256)",
    "REF_75(uint256)",
    "REF_76(uint256)",
    "REF_76(uint256) (",
    "REF_77(uint256)",
    "REF_80(uint256)",
    "REF_81",
    "REF_81(mapping(address => uint256))",
    "REF_82(uint256)",
    "REF_83",
    "REF_83(mapping(address => uint256))",
    "REF_84(uint256)",
    "REF_86",
    "REF_86(mapping(address => uint256))",
    "REF_87(uint256)",
    "REF_9(uint256)",
    "REF_9(uint256) (",
    "TMP_109(uint256) = LIBRARY_CALL, dest:SafeMath, function:SafeMath.add(uint256,uint256), arguments:",
    "TMP_110(uint256) = LIBRARY_CALL, dest:SafeMath, function:SafeMath.add(uint256,uint256), arguments:",
    "TMP_115(uint256) = LIBRARY_CALL, dest:SafeMath, function:SafeMath.sub(uint256,uint256), arguments:",
    "TMP_116(uint256) = LIBRARY_CALL, dest:SafeMath, function:SafeMath.sub(uint256,uint256), arguments:",
    "TMP_128(uint256) = LIBRARY_CALL, dest:SafeMath, function:SafeMath.sub(uint256,uint256), arguments:",
    "TMP_22(uint256) = LIBRARY_CALL, dest:SafeMath, function:SafeMath.mul(uint256,uint256), arguments:",
    "TMP_26(uint256) = LIBRARY_CALL, dest:SafeMath, function:SafeMath.add(uint256,uint256), arguments:",
    "TMP_29(uint256) = LIBRARY_CALL, dest:SafeMath, function:SafeMath.sub(uint256,uint256), arguments:",
    "TMP_30(uint256) = LIBRARY_CALL, dest:SafeMath, function:SafeMath.add(uint256,uint256), arguments:",
    "TMP_37(uint256) = LIBRARY_CALL, dest:SafeMath, function:SafeMath.sub(uint256,uint256), arguments:",
    "TMP_38(uint256) = LIBRARY_CALL, dest:SafeMath, function:SafeMath.add(uint256,uint256), arguments:",
    "TMP_39(uint256) = LIBRARY_CALL, dest:SafeMath, function:SafeMath.add(uint256,uint256), arguments:",
    "TMP_45(uint256) = LIBRARY_CALL, dest:SafeMath, function:SafeMath.sub(uint256,uint256), arguments:",
    "TMP_60(uint256) = LIBRARY_CALL, dest:SafeMath, function:SafeMath.add(uint256,uint256), arguments:",
    "TMP_67(uint256) = LIBRARY_CALL, dest:SafeMath, function:SafeMath.sub(uint256,uint256), arguments:",
    "TMP_76(uint256) = LIBRARY_CALL, dest:SafeMath, function:SafeMath.div(uint256,uint256), arguments:",
    "TMP_82(uint256) = LIBRARY_CALL, dest:SafeMath, function:SafeMath.sub(uint256,uint256), arguments:",
    "TMP_83(uint256) = LIBRARY_CALL, dest:SafeMath, function:SafeMath.add(uint256,uint256), arguments:",
    "TMP_92(uint256) = LIBRARY_CALL, dest:SafeMath, function:SafeMath.mul(uint256,uint256), arguments:",
    "TMP_95(uint256) = LIBRARY_CALL, dest:SafeMath, function:SafeMath.add(uint256,uint256), arguments:",
    "TMP_96(uint256) = LIBRARY_CALL, dest:SafeMath, function:SafeMath.sub(uint256,uint256), arguments:",
    "TUPLE_0(bool,bytes) = LOW_LEVEL_CALL, dest:msg.sender, function:call, arguments:",
    "TUPLE_1(bool,bytes) = LOW_LEVEL_CALL, dest:msg.sender, function:call, arguments:",
    "TUPLE_2(bool,bytes) = LOW_LEVEL_CALL, dest:msg.sender, function:call, arguments:",
    "_transferred = transferred",
    "allowances",
    "allowances) := TMP_60(uint256)\"]",
    "allowances) := TMP_67(uint256)\"]",
    "allowances) := tokens(uint256)\"]",
    "balances",
    "balances) := TMP_110(uint256)\"]",
    "balances) := TMP_115(uint256)\"]",
    "balances) := TMP_29(uint256)\"]",
    "balances) := TMP_30(uint256)\"]",
    "balances) := TMP_37(uint256)\"]",
    "balances) := TMP_38(uint256)\"]",
    "balances) := TMP_82(uint256)\"]",
    "balances) := TMP_83(uint256)\"]",
    "balances) := TMP_95(uint256)\"]",
    "balances) := TMP_96(uint256)\"]",
    "balances) := initialSupply(uint256)\"]",
    "require(bool,string)(allowances",
    "require(bool,string)(balances",
    "require(bool,string)(tokens <= allowances",
    "transferred",
    "transferred) := TMP_39(uint256)\"]"
  ],
  "edges": [
    {
      "source": "0",
      "target": "2"
    },
    {
      "source": "REF_86(mapping(address => uint256))",
      "target": "transferred"
    },
    {
      "source": "REF_87(uint256)",
      "target": "REF_86"
    },
    {
      "source": "2",
      "target": "1"
    },
    {
      "source": "0",
      "target": "1"
    },
    {
      "source": "1",
      "target": "2"
    },
    {
      "source": "2",
      "target": "3"
    },
    {
      "source": "0",
      "target": "1"
    },
    {
      "source": "1",
      "target": "5"
    },
    {
      "source": "REF_0(uint256)",
      "target": "balances"
    },
    {
      "source": "REF_0(uint256) (",
      "target": "balances) := initialSupply(uint256)\"]"
    },
    {
      "source": "3",
      "target": "4"
    },
    {
      "source": "5",
      "target": "6"
    },
    {
      "source": "5",
      "target": "7"
    },
    {
      "source": "6",
      "target": "8"
    },
    {
      "source": "7",
      "target": "8"
    },
    {
      "source": "8",
      "target": "3"
    },
    {
      "source": "0",
      "target": "1"
    },
    {
      "source": "1",
      "target": "2"
    },
    {
      "source": "2",
      "target": "3"
    },
    {
      "source": "0",
      "target": "5"
    },
    {
      "source": "REF_75(uint256)",
      "target": "balances"
    },
    {
      "source": "1",
      "target": "2"
    },
    {
      "source": "REF_76(uint256)",
      "target": "balances"
    },
    {
      "source": "REF_77(uint256)",
      "target": "balances"
    },
    {
      "source": "REF_76(uint256) (",
      "target": "balances) := TMP_115(uint256)\"]"
    },
    {
      "source": "2",
      "target": "3"
    },
    {
      "source": "3",
      "target": "4"
    },
    {
      "source": "5",
      "target": "1"
    },
    {
      "source": "0",
      "target": "1"
    },
    {
      "source": "0",
      "target": "3"
    },
    {
      "source": "1",
      "target": "2"
    },
    {
      "source": "3",
      "target": "1"
    },
    {
      "source": "0",
      "target": "1"
    },
    {
      "source": "1",
      "target": "2"
    },
    {
      "source": "0",
      "target": "8"
    },
    {
      "source": "REF_12(uint256)",
      "target": "balances"
    },
    {
      "source": "1",
      "target": "11"
    },
    {
      "source": "REF_13(uint256)",
      "target": "balances"
    },
    {
      "source": "REF_14(uint256)",
      "target": "balances"
    },
    {
      "source": "REF_13(uint256) (",
      "target": "balances) := TMP_37(uint256)\"]"
    },
    {
      "source": "3",
      "target": "4"
    },
    {
      "source": "REF_16(uint256)",
      "target": "balances"
    },
    {
      "source": "REF_17(uint256)",
      "target": "balances"
    },
    {
      "source": "REF_16(uint256) (",
      "target": "balances) := TMP_38(uint256)\"]"
    },
    {
      "source": "4",
      "target": "5"
    },
    {
      "source": "REF_19(mapping(address => uint256))",
      "target": "transferred"
    },
    {
      "source": "REF_20(uint256)",
      "target": "REF_19"
    },
    {
      "source": "REF_21(mapping(address => uint256))",
      "target": "transferred"
    },
    {
      "source": "REF_22(uint256)",
      "target": "REF_21"
    },
    {
      "source": "REF_20(uint256) (",
      "target": "transferred) := TMP_39(uint256)\"]"
    },
    {
      "source": "5",
      "target": "6"
    },
    {
      "source": "6",
      "target": "7"
    },
    {
      "source": "8",
      "target": "9"
    },
    {
      "source": "9",
      "target": "10"
    },
    {
      "source": "10",
      "target": "1"
    },
    {
      "source": "REF_24(mapping(address => uint256))",
      "target": "allowances"
    },
    {
      "source": "REF_25(uint256)",
      "target": "REF_24"
    },
    {
      "source": "REF_26(mapping(address => uint256))",
      "target": "transferred"
    },
    {
      "source": "REF_27(uint256)",
      "target": "REF_26"
    },
    {
      "source": "11",
      "target": "12"
    },
    {
      "source": "11",
      "target": "13"
    },
    {
      "source": "REF_28(mapping(address => uint256))",
      "target": "allowances"
    },
    {
      "source": "REF_29(uint256)",
      "target": "REF_28"
    },
    {
      "source": "REF_31(mapping(address => uint256))",
      "target": "transferred"
    },
    {
      "source": "REF_32(uint256)",
      "target": "REF_31"
    },
    {
      "source": "12",
      "target": "14"
    },
    {
      "source": "13",
      "target": "14"
    },
    {
      "source": "14",
      "target": "3"
    },
    {
      "source": "0",
      "target": "3"
    },
    {
      "source": "1",
      "target": "2"
    },
    {
      "source": "3",
      "target": "1"
    },
    {
      "source": "0",
      "target": "1"
    },
    {
      "source": "1",
      "target": "2"
    },
    {
      "source": "1",
      "target": "3"
    },
    {
      "source": "3",
      "target": "4"
    },
    {
      "source": "4",
      "target": "5"
    },
    {
      "source": "5",
      "target": "6"
    },
    {
      "source": "0",
      "target": "1"
    },
    {
      "source": "1",
      "target": "2"
    },
    {
      "source": "2",
      "target": "3"
    },
    {
      "source": "0",
      "target": "8"
    },
    {
      "source": "1",
      "target": "2"
    },
    {
      "source": "2",
      "target": "3"
    },
    {
      "source": "REF_62(uint256)",
      "target": "balances"
    },
    {
      "source": "3",
      "target": "4"
    },
    {
      "source": "REF_63(uint256)",
      "target": "balances"
    },
    {
      "source": "REF_64(uint256)",
      "target": "balances"
    },
    {
      "source": "REF_63(uint256) (",
      "target": "balances) := TMP_95(uint256)\"]"
    },
    {
      "source": "4",
      "target": "5"
    },
    {
      "source": "REF_66(uint256)",
      "target": "balances"
    },
    {
      "source": "REF_67(uint256)",
      "target": "balances"
    },
    {
      "source": "REF_66(uint256) (",
      "target": "balances) := TMP_96(uint256)\"]"
    },
    {
      "source": "5",
      "target": "6"
    },
    {
      "source": "6",
      "target": "7"
    },
    {
      "source": "8",
      "target": "9"
    },
    {
      "source": "9",
      "target": "1"
    },
    {
      "source": "0",
      "target": "1"
    },
    {
      "source": "REF_80(uint256)",
      "target": "balances"
    },
    {
      "source": "0",
      "target": "1"
    },
    {
      "source": "1",
      "target": "2"
    },
    {
      "source": "0",
      "target": "11"
    },
    {
      "source": "1",
      "target": "2"
    },
    {
      "source": "REF_49(uint256)",
      "target": "balances"
    },
    {
      "source": "2",
      "target": "3"
    },
    {
      "source": "3",
      "target": "4"
    },
    {
      "source": "4",
      "target": "5"
    },
    {
      "source": "5",
      "target": "6"
    },
    {
      "source": "REF_53(uint256)",
      "target": "balances"
    },
    {
      "source": "REF_54(uint256)",
      "target": "balances"
    },
    {
      "source": "REF_53(uint256) (",
      "target": "balances) := TMP_82(uint256)\"]"
    },
    {
      "source": "6",
      "target": "7"
    },
    {
      "source": "REF_56(uint256)",
      "target": "balances"
    },
    {
      "source": "REF_57(uint256)",
      "target": "balances"
    },
    {
      "source": "REF_56(uint256) (",
      "target": "balances) := TMP_83(uint256)\"]"
    },
    {
      "source": "7",
      "target": "8"
    },
    {
      "source": "8",
      "target": "9"
    },
    {
      "source": "9",
      "target": "10"
    },
    {
      "source": "10",
      "target": "13"
    },
    {
      "source": "11",
      "target": "12"
    },
    {
      "source": "12",
      "target": "1"
    },
    {
      "source": "0",
      "target": "5"
    },
    {
      "source": "REF_42(mapping(address => uint256))",
      "target": "allowances"
    },
    {
      "source": "REF_43(uint256)",
      "target": "REF_42"
    },
    {
      "source": "1",
      "target": "2"
    },
    {
      "source": "REF_44(mapping(address => uint256))",
      "target": "allowances"
    },
    {
      "source": "REF_45(uint256)",
      "target": "REF_44"
    },
    {
      "source": "REF_46(mapping(address => uint256))",
      "target": "allowances"
    },
    {
      "source": "REF_47(uint256)",
      "target": "REF_46"
    },
    {
      "source": "REF_45(uint256) (",
      "target": "allowances) := TMP_67(uint256)\"]"
    },
    {
      "source": "2",
      "target": "3"
    },
    {
      "source": "3",
      "target": "4"
    },
    {
      "source": "5",
      "target": "6"
    },
    {
      "source": "6",
      "target": "7"
    },
    {
      "source": "7",
      "target": "1"
    },
    {
      "source": "0",
      "target": "1"
    },
    {
      "source": "1",
      "target": "2"
    },
    {
      "source": "2",
      "target": "3"
    },
    {
      "source": "0",
      "target": "1"
    },
    {
      "source": "1",
      "target": "2"
    },
    {
      "source": "0",
      "target": "5"
    },
    {
      "source": "1",
      "target": "2"
    },
    {
      "source": "2",
      "target": "3"
    },
    {
      "source": "3",
      "target": "4"
    },
    {
      "source": "5",
      "target": "1"
    },
    {
      "source": "0",
      "target": "5"
    },
    {
      "source": "REF_36(uint256)",
      "target": "balances"
    },
    {
      "source": "1",
      "target": "2"
    },
    {
      "source": "REF_37(mapping(address => uint256))",
      "target": "allowances"
    },
    {
      "source": "REF_38(uint256)",
      "target": "REF_37"
    },
    {
      "source": "REF_39(mapping(address => uint256))",
      "target": "allowances"
    },
    {
      "source": "REF_40(uint256)",
      "target": "REF_39"
    },
    {
      "source": "REF_38(uint256) (",
      "target": "allowances) := TMP_60(uint256)\"]"
    },
    {
      "source": "2",
      "target": "3"
    },
    {
      "source": "3",
      "target": "4"
    },
    {
      "source": "5",
      "target": "6"
    },
    {
      "source": "6",
      "target": "7"
    },
    {
      "source": "7",
      "target": "1"
    },
    {
      "source": "0",
      "target": "5"
    },
    {
      "source": "1",
      "target": "2"
    },
    {
      "source": "2",
      "target": "3"
    },
    {
      "source": "3",
      "target": "4"
    },
    {
      "source": "4",
      "target": "6"
    },
    {
      "source": "5",
      "target": "1"
    },
    {
      "source": "0",
      "target": "1"
    },
    {
      "source": "0",
      "target": "4"
    },
    {
      "source": "1",
      "target": "2"
    },
    {
      "source": "2",
      "target": "3"
    },
    {
      "source": "4",
      "target": "5"
    },
    {
      "source": "5",
      "target": "1"
    },
    {
      "source": "0",
      "target": "1"
    },
    {
      "source": "1",
      "target": "2"
    },
    {
      "source": "2",
      "target": "3"
    },
    {
      "source": "3",
      "target": "4"
    },
    {
      "source": "0",
      "target": "1"
    },
    {
      "source": "0",
      "target": "1"
    },
    {
      "source": "1",
      "target": "2"
    },
    {
      "source": "0",
      "target": "7"
    },
    {
      "source": "REF_2(uint256)",
      "target": "balances"
    },
    {
      "source": "1",
      "target": "2"
    },
    {
      "source": "REF_3(uint256)",
      "target": "balances"
    },
    {
      "source": "REF_5(uint256)",
      "target": "balances"
    },
    {
      "source": "2",
      "target": "3"
    },
    {
      "source": "REF_6(uint256)",
      "target": "balances"
    },
    {
      "source": "REF_7(uint256)",
      "target": "balances"
    },
    {
      "source": "REF_6(uint256) (",
      "target": "balances) := TMP_29(uint256)\"]"
    },
    {
      "source": "3",
      "target": "4"
    },
    {
      "source": "REF_9(uint256)",
      "target": "balances"
    },
    {
      "source": "REF_10(uint256)",
      "target": "balances"
    },
    {
      "source": "REF_9(uint256) (",
      "target": "balances) := TMP_30(uint256)\"]"
    },
    {
      "source": "4",
      "target": "5"
    },
    {
      "source": "5",
      "target": "6"
    },
    {
      "source": "7",
      "target": "8"
    },
    {
      "source": "8",
      "target": "9"
    },
    {
      "source": "9",
      "target": "1"
    },
    {
      "source": "0",
      "target": "6"
    },
    {
      "source": "1",
      "target": "2"
    },
    {
      "source": "REF_33(uint256)",
      "target": "balances"
    },
    {
      "source": "2",
      "target": "3"
    },
    {
      "source": "REF_34(mapping(address => uint256))",
      "target": "allowances"
    },
    {
      "source": "REF_35(uint256)",
      "target": "REF_34"
    },
    {
      "source": "REF_35(uint256) (",
      "target": "allowances) := tokens(uint256)\"]"
    },
    {
      "source": "3",
      "target": "4"
    },
    {
      "source": "4",
      "target": "5"
    },
    {
      "source": "6",
      "target": "7"
    },
    {
      "source": "7",
      "target": "8"
    },
    {
      "source": "8",
      "target": "1"
    },
    {
      "source": "0",
      "target": "4"
    },
    {
      "source": "1",
      "target": "2"
    },
    {
      "source": "REF_72(uint256)",
      "target": "balances"
    },
    {
      "source": "REF_73(uint256)",
      "target": "balances"
    },
    {
      "source": "REF_72(uint256) (",
      "target": "balances) := TMP_110(uint256)\"]"
    },
    {
      "source": "2",
      "target": "3"
    },
    {
      "source": "4",
      "target": "1"
    },
    {
      "source": "0",
      "target": "3"
    },
    {
      "source": "REF_81(mapping(address => uint256))",
      "target": "transferred"
    },
    {
      "source": "REF_82(uint256)",
      "target": "REF_81"
    },
    {
      "source": "1",
      "target": "2"
    },
    {
      "source": "REF_83(mapping(address => uint256))",
      "target": "allowances"
    },
    {
      "source": "REF_84(uint256)",
      "target": "REF_83"
    },
    {
      "source": "3",
      "target": "1"
    }
  ]
}