{
  "nodes": [
    "! (msg.sender.send(userBalance_re_ent19",
    "(success,None) = msg.sender.call.value(balances_re_ent8",
    "(success,None) = msg.sender.call.value(userBalance_re_ent26",
    "(success,None) = msg.sender.call.value(userBalance_re_ent33",
    "(success,None) = msg.sender.call.value(userBalance_re_ent40",
    "0",
    "1",
    "10",
    "11",
    "12",
    "13",
    "14",
    "15",
    "16",
    "17",
    "18",
    "19",
    "2",
    "20",
    "21",
    "22",
    "23",
    "24",
    "25",
    "26",
    "27",
    "28",
    "29",
    "3",
    "30",
    "4",
    "5",
    "6",
    "7",
    "8",
    "9",
    "LENGTH amounts",
    "LENGTH listingIds",
    "REF_11(uint256)",
    "REF_12(uint256)",
    "REF_12(uint256) (",
    "REF_14(uint256)",
    "REF_15(uint256)",
    "REF_17(uint256)",
    "REF_17(uint256) (",
    "REF_18(uint256)",
    "REF_20(",
    "REF_20(uint256)",
    "REF_21(uint256)",
    "REF_22(uint256)",
    "REF_24(uint256)",
    "REF_24(uint256) (",
    "REF_26(uint256)",
    "REF_28(",
    "REF_28(uint256)",
    "REF_32",
    "REF_33",
    "REF_34",
    "REF_35(uint256)",
    "REF_36(uint256)",
    "REF_37(RaffleTokenExchange.Listing)",
    "REF_38(bool)",
    "REF_39(uint256)",
    "REF_39(uint256) (",
    "REF_40(uint256)",
    "REF_42(uint256)",
    "REF_43(uint256)",
    "REF_44(bool)",
    "REF_44(bool) (",
    "REF_45(uint256)",
    "REF_46(address)",
    "REF_51(address)",
    "REF_52(RaffleTokenExchange.Purchase)",
    "REF_53(uint256)",
    "REF_53(uint256) (",
    "REF_54(uint256)",
    "REF_54(uint256) (",
    "REF_55(uint256)",
    "REF_55(uint256) (",
    "REF_58(uint256)",
    "REF_59(uint256)",
    "REF_59(uint256) (",
    "REF_62(RaffleTokenExchange.Listing)",
    "REF_63(uint256)",
    "REF_63(uint256) (",
    "REF_64(uint256)",
    "REF_64(uint256) (",
    "REF_65(uint256)",
    "REF_65(uint256) (",
    "REF_66(address)",
    "REF_66(address) (",
    "REF_67(bool)",
    "REF_67(bool) (",
    "REF_68(uint256)",
    "REF_69(uint256)",
    "REF_7(uint256)",
    "REF_70(address)",
    "REF_71(uint256)",
    "REF_72(uint256)",
    "REF_74(uint256)",
    "REF_74(uint256) (",
    "REF_75(RaffleTokenExchange.Listing)",
    "REF_76(bool)",
    "REF_77(address)",
    "REF_78(bool)",
    "REF_78(bool) (",
    "REF_8(uint256)",
    "REF_8(uint256) (",
    "REF_80(uint256)",
    "REF_81(uint256)",
    "REF_81(uint256) (",
    "REF_86(uint256)",
    "REF_87(uint256)",
    "REF_87(uint256) (",
    "REF_90(uint256)",
    "REF_91(uint256)",
    "REF_91(uint256) (",
    "TMP_105(uint256) = HIGH_LEVEL_CALL, dest:raffleContract(RaffleToken), function:balanceOf, arguments:",
    "TMP_109(uint256) = HIGH_LEVEL_CALL, dest:raffleContract(RaffleToken), function:allowance, arguments:",
    "TMP_88(uint256) = LIBRARY_CALL, dest:SafeMath, function:SafeMath.sub(uint256,uint256), arguments:",
    "TMP_94(uint256) = LIBRARY_CALL, dest:SafeMath, function:SafeMath.add(uint256,uint256), arguments:",
    "TMP_95(uint256) = LIBRARY_CALL, dest:SafeMath, function:SafeMath.add(uint256,uint256), arguments:",
    "TMP_96(bool) = HIGH_LEVEL_CALL, dest:raffleContract(RaffleToken), function:transferFrom, arguments:",
    "TUPLE_0(bool,bytes) = LOW_LEVEL_CALL, dest:msg.sender, function:call, arguments:",
    "TUPLE_1(bool,bytes) = LOW_LEVEL_CALL, dest:msg.sender, function:call, arguments:",
    "TUPLE_2(bool,bytes) = LOW_LEVEL_CALL, dest:msg.sender, function:call, arguments:",
    "TUPLE_3(bool,bytes) = LOW_LEVEL_CALL, dest:msg.sender, function:call, arguments:",
    "TUPLE_4(bool,bytes) = LOW_LEVEL_CALL, dest:msg.sender, function:call, arguments:",
    "amount = amounts",
    "amounts",
    "balances_re_ent31",
    "balances_re_ent31) = REF_28 - _weiToWithdraw\"]",
    "balances_re_ent36",
    "balances_re_ent36) := 0(uint256)\"]",
    "balances_re_ent38",
    "balances_re_ent38) = REF_20 - _weiToWithdraw\"]",
    "balances_re_ent8",
    "balances_re_ent8) := 0(uint256)\"]",
    "id = listingIds",
    "listing = listingsById",
    "listing) := False(bool)\"]",
    "listing) := TMP_88(uint256)\"]",
    "listing) := True(bool)\"]",
    "listing) := initialAmount(uint256)\"]",
    "listing) := msg.sender(address)\"]",
    "listing) := pricePerToken(uint256)\"]",
    "listing.active",
    "listing.amountLeft",
    "listing.initialAmount",
    "listing.pricePerToken",
    "listing.seller",
    "listingIds",
    "listingsById",
    "msg.sender.send(balances_re_ent36",
    "purchase = purchasesById",
    "purchase) := now(uint256)\"]",
    "purchase) := totalAmount(uint256)\"]",
    "purchase) := totalAmountPayed(uint256)\"]",
    "purchase.timestamp",
    "purchase.totalAmount",
    "purchase.totalAmountPayed",
    "purchasesById",
    "redeemableEther_re_ent32",
    "redeemableEther_re_ent32) := 0(uint256)\"]",
    "redeemableEther_re_ent39",
    "redeemableEther_re_ent39) := 0(uint256)\"]",
    "redeemableEther_re_ent4",
    "redeemableEther_re_ent4) := 0(uint256)\"]",
    "require(bool)(balances_re_ent31",
    "require(bool)(balances_re_ent38",
    "require(bool)(redeemableEther_re_ent32",
    "require(bool)(redeemableEther_re_ent39",
    "require(bool)(redeemableEther_re_ent4",
    "transferValue_re_ent32 = redeemableEther_re_ent32",
    "transferValue_re_ent39 = redeemableEther_re_ent39",
    "transferValue_re_ent4 = redeemableEther_re_ent4",
    "userBalance_re_ent19",
    "userBalance_re_ent19) := 0(uint256)\"]",
    "userBalance_re_ent26",
    "userBalance_re_ent26) := 0(uint256)\"]",
    "userBalance_re_ent33",
    "userBalance_re_ent33) := 0(uint256)\"]",
    "userBalance_re_ent40",
    "userBalance_re_ent40) := 0(uint256)\"]"
  ],
  "edges": [
    {
      "source": "0",
      "target": "1"
    },
    {
      "source": "1",
      "target": "2"
    },
    {
      "source": "2",
      "target": "3"
    },
    {
      "source": "2",
      "target": "4"
    },
    {
      "source": "3",
      "target": "4"
    },
    {
      "source": "4",
      "target": "5"
    },
    {
      "source": "0",
      "target": "1"
    },
    {
      "source": "REF_18(uint256)",
      "target": "balances_re_ent38"
    },
    {
      "source": "1",
      "target": "2"
    },
    {
      "source": "2",
      "target": "3"
    },
    {
      "source": "REF_20(uint256)",
      "target": "balances_re_ent38"
    },
    {
      "source": "REF_20(",
      "target": "balances_re_ent38) = REF_20 - _weiToWithdraw\"]"
    },
    {
      "source": "0",
      "target": "1"
    },
    {
      "source": "1",
      "target": "2"
    },
    {
      "source": "2",
      "target": "3"
    },
    {
      "source": "0",
      "target": "1"
    },
    {
      "source": "1",
      "target": "2"
    },
    {
      "source": "2",
      "target": "3"
    },
    {
      "source": "2",
      "target": "4"
    },
    {
      "source": "3",
      "target": "4"
    },
    {
      "source": "4",
      "target": "5"
    },
    {
      "source": "0",
      "target": "1"
    },
    {
      "source": "1",
      "target": "2"
    },
    {
      "source": "0",
      "target": "1"
    },
    {
      "source": "1",
      "target": "2"
    },
    {
      "source": "2",
      "target": "3"
    },
    {
      "source": "0",
      "target": "1"
    },
    {
      "source": "1",
      "target": "2"
    },
    {
      "source": "2",
      "target": "3"
    },
    {
      "source": "2",
      "target": "4"
    },
    {
      "source": "3",
      "target": "4"
    },
    {
      "source": "4",
      "target": "5"
    },
    {
      "source": "0",
      "target": "11"
    },
    {
      "source": "1",
      "target": "2"
    },
    {
      "source": "2",
      "target": "3"
    },
    {
      "source": "3",
      "target": "4"
    },
    {
      "source": "REF_62(RaffleTokenExchange.Listing)",
      "target": "listingsById"
    },
    {
      "source": "4",
      "target": "5"
    },
    {
      "source": "REF_63(uint256)",
      "target": "listing.initialAmount"
    },
    {
      "source": "REF_63(uint256) (",
      "target": "listing) := initialAmount(uint256)\"]"
    },
    {
      "source": "5",
      "target": "6"
    },
    {
      "source": "REF_64(uint256)",
      "target": "listing.amountLeft"
    },
    {
      "source": "REF_64(uint256) (",
      "target": "listing) := initialAmount(uint256)\"]"
    },
    {
      "source": "6",
      "target": "7"
    },
    {
      "source": "REF_65(uint256)",
      "target": "listing.pricePerToken"
    },
    {
      "source": "REF_65(uint256) (",
      "target": "listing) := pricePerToken(uint256)\"]"
    },
    {
      "source": "7",
      "target": "8"
    },
    {
      "source": "REF_66(address)",
      "target": "listing.seller"
    },
    {
      "source": "REF_66(address) (",
      "target": "listing) := msg.sender(address)\"]"
    },
    {
      "source": "8",
      "target": "9"
    },
    {
      "source": "REF_67(bool)",
      "target": "listing.active"
    },
    {
      "source": "REF_67(bool) (",
      "target": "listing) := True(bool)\"]"
    },
    {
      "source": "9",
      "target": "10"
    },
    {
      "source": "REF_68(uint256)",
      "target": "listing.pricePerToken"
    },
    {
      "source": "REF_69(uint256)",
      "target": "listing.initialAmount"
    },
    {
      "source": "REF_70(address)",
      "target": "listing.seller"
    },
    {
      "source": "11",
      "target": "1"
    },
    {
      "source": "0",
      "target": "1"
    },
    {
      "source": "1",
      "target": "2"
    },
    {
      "source": "2",
      "target": "3"
    },
    {
      "source": "2",
      "target": "4"
    },
    {
      "source": "3",
      "target": "4"
    },
    {
      "source": "4",
      "target": "5"
    },
    {
      "source": "0",
      "target": "2"
    },
    {
      "source": "2",
      "target": "1"
    },
    {
      "source": "0",
      "target": "1"
    },
    {
      "source": "REF_7(uint256)",
      "target": "userBalance_re_ent19"
    },
    {
      "source": "1",
      "target": "2"
    },
    {
      "source": "1",
      "target": "3"
    },
    {
      "source": "2",
      "target": "3"
    },
    {
      "source": "3",
      "target": "4"
    },
    {
      "source": "REF_8(uint256)",
      "target": "userBalance_re_ent19"
    },
    {
      "source": "REF_8(uint256) (",
      "target": "userBalance_re_ent19) := 0(uint256)\"]"
    },
    {
      "source": "0",
      "target": "1"
    },
    {
      "source": "1",
      "target": "2"
    },
    {
      "source": "2",
      "target": "3"
    },
    {
      "source": "2",
      "target": "4"
    },
    {
      "source": "3",
      "target": "4"
    },
    {
      "source": "4",
      "target": "5"
    },
    {
      "source": "0",
      "target": "1"
    },
    {
      "source": "REF_75(RaffleTokenExchange.Listing)",
      "target": "listingsById"
    },
    {
      "source": "1",
      "target": "2"
    },
    {
      "source": "REF_76(bool)",
      "target": "listing.active"
    },
    {
      "source": "2",
      "target": "3"
    },
    {
      "source": "REF_77(address)",
      "target": "listing.seller"
    },
    {
      "source": "3",
      "target": "4"
    },
    {
      "source": "REF_78(bool)",
      "target": "listing.active"
    },
    {
      "source": "REF_78(bool) (",
      "target": "listing) := False(bool)\"]"
    },
    {
      "source": "4",
      "target": "5"
    },
    {
      "source": "0",
      "target": "2"
    },
    {
      "source": "2",
      "target": "1"
    },
    {
      "source": "0",
      "target": "1"
    },
    {
      "source": "1",
      "target": "2"
    },
    {
      "source": "1",
      "target": "3"
    },
    {
      "source": "2",
      "target": "3"
    },
    {
      "source": "3",
      "target": "4"
    },
    {
      "source": "4",
      "target": "5"
    },
    {
      "source": "0",
      "target": "1"
    },
    {
      "source": "1",
      "target": "2"
    },
    {
      "source": "1",
      "target": "3"
    },
    {
      "source": "2",
      "target": "3"
    },
    {
      "source": "3",
      "target": "4"
    },
    {
      "source": "4",
      "target": "5"
    },
    {
      "source": "0",
      "target": "1"
    },
    {
      "source": "1",
      "target": "2"
    },
    {
      "source": "1",
      "target": "3"
    },
    {
      "source": "3",
      "target": "4"
    },
    {
      "source": "4",
      "target": "5"
    },
    {
      "source": "5",
      "target": "6"
    },
    {
      "source": "0",
      "target": "1"
    },
    {
      "source": "1",
      "target": "2"
    },
    {
      "source": "REF_86(uint256)",
      "target": "userBalance_re_ent40"
    },
    {
      "source": "2",
      "target": "3"
    },
    {
      "source": "3",
      "target": "4"
    },
    {
      "source": "3",
      "target": "5"
    },
    {
      "source": "4",
      "target": "5"
    },
    {
      "source": "5",
      "target": "6"
    },
    {
      "source": "REF_87(uint256)",
      "target": "userBalance_re_ent40"
    },
    {
      "source": "REF_87(uint256) (",
      "target": "userBalance_re_ent40) := 0(uint256)\"]"
    },
    {
      "source": "0",
      "target": "1"
    },
    {
      "source": "1",
      "target": "2"
    },
    {
      "source": "2",
      "target": "3"
    },
    {
      "source": "0",
      "target": "1"
    },
    {
      "source": "1",
      "target": "2"
    },
    {
      "source": "2",
      "target": "3"
    },
    {
      "source": "0",
      "target": "1"
    },
    {
      "source": "1",
      "target": "2"
    },
    {
      "source": "0",
      "target": "1"
    },
    {
      "source": "1",
      "target": "2"
    },
    {
      "source": "2",
      "target": "3"
    },
    {
      "source": "2",
      "target": "4"
    },
    {
      "source": "3",
      "target": "4"
    },
    {
      "source": "4",
      "target": "5"
    },
    {
      "source": "0",
      "target": "1"
    },
    {
      "source": "REF_26(uint256)",
      "target": "balances_re_ent31"
    },
    {
      "source": "1",
      "target": "2"
    },
    {
      "source": "2",
      "target": "3"
    },
    {
      "source": "REF_28(uint256)",
      "target": "balances_re_ent31"
    },
    {
      "source": "REF_28(",
      "target": "balances_re_ent31) = REF_28 - _weiToWithdraw\"]"
    },
    {
      "source": "0",
      "target": "30"
    },
    {
      "source": "REF_32",
      "target": "LENGTH amounts"
    },
    {
      "source": "REF_33",
      "target": "LENGTH listingIds"
    },
    {
      "source": "1",
      "target": "2"
    },
    {
      "source": "2",
      "target": "3"
    },
    {
      "source": "3",
      "target": "6"
    },
    {
      "source": "4",
      "target": "7"
    },
    {
      "source": "5",
      "target": "23"
    },
    {
      "source": "6",
      "target": "4"
    },
    {
      "source": "REF_34",
      "target": "LENGTH listingIds"
    },
    {
      "source": "7",
      "target": "8"
    },
    {
      "source": "7",
      "target": "5"
    },
    {
      "source": "REF_35(uint256)",
      "target": "listingIds"
    },
    {
      "source": "8",
      "target": "9"
    },
    {
      "source": "REF_36(uint256)",
      "target": "amounts"
    },
    {
      "source": "9",
      "target": "10"
    },
    {
      "source": "REF_37(RaffleTokenExchange.Listing)",
      "target": "listingsById"
    },
    {
      "source": "10",
      "target": "11"
    },
    {
      "source": "REF_38(bool)",
      "target": "listing.active"
    },
    {
      "source": "11",
      "target": "12"
    },
    {
      "source": "REF_39(uint256)",
      "target": "listing.amountLeft"
    },
    {
      "source": "REF_40(uint256)",
      "target": "listing.amountLeft"
    },
    {
      "source": "REF_39(uint256) (",
      "target": "listing) := TMP_88(uint256)\"]"
    },
    {
      "source": "12",
      "target": "13"
    },
    {
      "source": "REF_42(uint256)",
      "target": "listing.amountLeft"
    },
    {
      "source": "13",
      "target": "14"
    },
    {
      "source": "REF_43(uint256)",
      "target": "listing.amountLeft"
    },
    {
      "source": "14",
      "target": "15"
    },
    {
      "source": "14",
      "target": "16"
    },
    {
      "source": "REF_44(bool)",
      "target": "listing.active"
    },
    {
      "source": "REF_44(bool) (",
      "target": "listing) := False(bool)\"]"
    },
    {
      "source": "15",
      "target": "16"
    },
    {
      "source": "16",
      "target": "17"
    },
    {
      "source": "REF_45(uint256)",
      "target": "listing.pricePerToken"
    },
    {
      "source": "17",
      "target": "18"
    },
    {
      "source": "REF_46(address)",
      "target": "listing.seller"
    },
    {
      "source": "18",
      "target": "19"
    },
    {
      "source": "19",
      "target": "20"
    },
    {
      "source": "20",
      "target": "21"
    },
    {
      "source": "REF_51(address)",
      "target": "listing.seller"
    },
    {
      "source": "21",
      "target": "22"
    },
    {
      "source": "22",
      "target": "7"
    },
    {
      "source": "23",
      "target": "24"
    },
    {
      "source": "24",
      "target": "25"
    },
    {
      "source": "REF_52(RaffleTokenExchange.Purchase)",
      "target": "purchasesById"
    },
    {
      "source": "25",
      "target": "26"
    },
    {
      "source": "REF_53(uint256)",
      "target": "purchase.totalAmount"
    },
    {
      "source": "REF_53(uint256) (",
      "target": "purchase) := totalAmount(uint256)\"]"
    },
    {
      "source": "26",
      "target": "27"
    },
    {
      "source": "REF_54(uint256)",
      "target": "purchase.totalAmountPayed"
    },
    {
      "source": "REF_54(uint256) (",
      "target": "purchase) := totalAmountPayed(uint256)\"]"
    },
    {
      "source": "27",
      "target": "28"
    },
    {
      "source": "REF_55(uint256)",
      "target": "purchase.timestamp"
    },
    {
      "source": "REF_55(uint256) (",
      "target": "purchase) := now(uint256)\"]"
    },
    {
      "source": "28",
      "target": "29"
    },
    {
      "source": "30",
      "target": "1"
    },
    {
      "source": "0",
      "target": "1"
    },
    {
      "source": "REF_14(uint256)",
      "target": "redeemableEther_re_ent32"
    },
    {
      "source": "1",
      "target": "2"
    },
    {
      "source": "REF_15(uint256)",
      "target": "redeemableEther_re_ent32"
    },
    {
      "source": "2",
      "target": "3"
    },
    {
      "source": "3",
      "target": "4"
    },
    {
      "source": "REF_17(uint256)",
      "target": "redeemableEther_re_ent32"
    },
    {
      "source": "REF_17(uint256) (",
      "target": "redeemableEther_re_ent32) := 0(uint256)\"]"
    },
    {
      "source": "0",
      "target": "1"
    },
    {
      "source": "1",
      "target": "2"
    },
    {
      "source": "1",
      "target": "3"
    },
    {
      "source": "2",
      "target": "3"
    },
    {
      "source": "3",
      "target": "4"
    },
    {
      "source": "4",
      "target": "5"
    },
    {
      "source": "0",
      "target": "2"
    },
    {
      "source": "2",
      "target": "1"
    },
    {
      "source": "0",
      "target": "1"
    },
    {
      "source": "REF_21(uint256)",
      "target": "redeemableEther_re_ent4"
    },
    {
      "source": "1",
      "target": "2"
    },
    {
      "source": "REF_22(uint256)",
      "target": "redeemableEther_re_ent4"
    },
    {
      "source": "2",
      "target": "3"
    },
    {
      "source": "3",
      "target": "4"
    },
    {
      "source": "REF_24(uint256)",
      "target": "redeemableEther_re_ent4"
    },
    {
      "source": "REF_24(uint256) (",
      "target": "redeemableEther_re_ent4) := 0(uint256)\"]"
    },
    {
      "source": "0",
      "target": "1"
    },
    {
      "source": "REF_71(uint256)",
      "target": "redeemableEther_re_ent39"
    },
    {
      "source": "1",
      "target": "2"
    },
    {
      "source": "REF_72(uint256)",
      "target": "redeemableEther_re_ent39"
    },
    {
      "source": "2",
      "target": "3"
    },
    {
      "source": "3",
      "target": "4"
    },
    {
      "source": "REF_74(uint256)",
      "target": "redeemableEther_re_ent39"
    },
    {
      "source": "REF_74(uint256) (",
      "target": "redeemableEther_re_ent39) := 0(uint256)\"]"
    },
    {
      "source": "0",
      "target": "1"
    },
    {
      "source": "0",
      "target": "1"
    },
    {
      "source": "1",
      "target": "2"
    },
    {
      "source": "REF_90(uint256)",
      "target": "userBalance_re_ent33"
    },
    {
      "source": "2",
      "target": "3"
    },
    {
      "source": "3",
      "target": "4"
    },
    {
      "source": "3",
      "target": "5"
    },
    {
      "source": "4",
      "target": "5"
    },
    {
      "source": "5",
      "target": "6"
    },
    {
      "source": "REF_91(uint256)",
      "target": "userBalance_re_ent33"
    },
    {
      "source": "REF_91(uint256) (",
      "target": "userBalance_re_ent33) := 0(uint256)\"]"
    },
    {
      "source": "0",
      "target": "1"
    },
    {
      "source": "1",
      "target": "2"
    },
    {
      "source": "2",
      "target": "3"
    },
    {
      "source": "3",
      "target": "4"
    },
    {
      "source": "4",
      "target": "5"
    },
    {
      "source": "4",
      "target": "6"
    },
    {
      "source": "5",
      "target": "6"
    },
    {
      "source": "6",
      "target": "7"
    },
    {
      "source": "0",
      "target": "1"
    },
    {
      "source": "1",
      "target": "2"
    },
    {
      "source": "0",
      "target": "1"
    },
    {
      "source": "REF_80(uint256)",
      "target": "balances_re_ent36"
    },
    {
      "source": "1",
      "target": "2"
    },
    {
      "source": "1",
      "target": "3"
    },
    {
      "source": "REF_81(uint256)",
      "target": "balances_re_ent36"
    },
    {
      "source": "REF_81(uint256) (",
      "target": "balances_re_ent36) := 0(uint256)\"]"
    },
    {
      "source": "2",
      "target": "3"
    },
    {
      "source": "0",
      "target": "1"
    },
    {
      "source": "1",
      "target": "2"
    },
    {
      "source": "REF_58(uint256)",
      "target": "balances_re_ent8"
    },
    {
      "source": "2",
      "target": "3"
    },
    {
      "source": "3",
      "target": "4"
    },
    {
      "source": "3",
      "target": "5"
    },
    {
      "source": "REF_59(uint256)",
      "target": "balances_re_ent8"
    },
    {
      "source": "REF_59(uint256) (",
      "target": "balances_re_ent8) := 0(uint256)\"]"
    },
    {
      "source": "4",
      "target": "5"
    },
    {
      "source": "0",
      "target": "1"
    },
    {
      "source": "1",
      "target": "2"
    },
    {
      "source": "2",
      "target": "3"
    },
    {
      "source": "2",
      "target": "4"
    },
    {
      "source": "3",
      "target": "4"
    },
    {
      "source": "4",
      "target": "5"
    },
    {
      "source": "0",
      "target": "1"
    },
    {
      "source": "1",
      "target": "2"
    },
    {
      "source": "REF_11(uint256)",
      "target": "userBalance_re_ent26"
    },
    {
      "source": "2",
      "target": "3"
    },
    {
      "source": "3",
      "target": "4"
    },
    {
      "source": "3",
      "target": "5"
    },
    {
      "source": "4",
      "target": "5"
    },
    {
      "source": "5",
      "target": "6"
    },
    {
      "source": "REF_12(uint256)",
      "target": "userBalance_re_ent26"
    },
    {
      "source": "REF_12(uint256) (",
      "target": "userBalance_re_ent26) := 0(uint256)\"]"
    },
    {
      "source": "0",
      "target": "1"
    },
    {
      "source": "1",
      "target": "2"
    },
    {
      "source": "2",
      "target": "3"
    }
  ]
}