{
  "nodes": [
    "0",
    "1",
    "10",
    "11",
    "12",
    "13",
    "14",
    "15",
    "16",
    "17",
    "2",
    "3",
    "4",
    "5",
    "6",
    "7",
    "8",
    "9",
    "LENGTH TMP_68",
    "REF_2(bool)",
    "REF_2(bool) (",
    "REF_4(bool)",
    "REF_4(bool) (",
    "REF_6(bool)",
    "REF_8(bool)",
    "REF_8(bool) (",
    "REF_9",
    "TMP_45(uint256) = LIBRARY_CALL, dest:SafeMath, function:SafeMath.add(uint256,uint256), arguments:",
    "TMP_65(uint256) = LIBRARY_CALL, dest:SafeMath, function:SafeMath.add(uint256,uint256), arguments:",
    "TUPLE_0(bool,bytes) = LOW_LEVEL_CALL, dest:target, function:call, arguments:",
    "queuedTransactions",
    "queuedTransactions) := False(bool)\"]",
    "queuedTransactions) := True(bool)\"]",
    "require(bool,string)(queuedTransactions"
  ],
  "edges": [
    {
      "source": "0",
      "target": "1"
    },
    {
      "source": "1",
      "target": "2"
    },
    {
      "source": "1",
      "target": "3"
    },
    {
      "source": "3",
      "target": "4"
    },
    {
      "source": "4",
      "target": "5"
    },
    {
      "source": "5",
      "target": "6"
    },
    {
      "source": "0",
      "target": "1"
    },
    {
      "source": "1",
      "target": "2"
    },
    {
      "source": "2",
      "target": "3"
    },
    {
      "source": "0",
      "target": "1"
    },
    {
      "source": "1",
      "target": "2"
    },
    {
      "source": "2",
      "target": "3"
    },
    {
      "source": "0",
      "target": "1"
    },
    {
      "source": "1",
      "target": "2"
    },
    {
      "source": "0",
      "target": "1"
    },
    {
      "source": "1",
      "target": "2"
    },
    {
      "source": "0",
      "target": "1"
    },
    {
      "source": "1",
      "target": "2"
    },
    {
      "source": "2",
      "target": "3"
    },
    {
      "source": "REF_4(bool)",
      "target": "queuedTransactions"
    },
    {
      "source": "REF_4(bool) (",
      "target": "queuedTransactions) := False(bool)\"]"
    },
    {
      "source": "3",
      "target": "4"
    },
    {
      "source": "0",
      "target": "1"
    },
    {
      "source": "1",
      "target": "2"
    },
    {
      "source": "2",
      "target": "3"
    },
    {
      "source": "3",
      "target": "4"
    },
    {
      "source": "REF_2(bool)",
      "target": "queuedTransactions"
    },
    {
      "source": "REF_2(bool) (",
      "target": "queuedTransactions) := True(bool)\"]"
    },
    {
      "source": "4",
      "target": "5"
    },
    {
      "source": "5",
      "target": "6"
    },
    {
      "source": "0",
      "target": "1"
    },
    {
      "source": "1",
      "target": "2"
    },
    {
      "source": "2",
      "target": "3"
    },
    {
      "source": "3",
      "target": "4"
    },
    {
      "source": "4",
      "target": "5"
    },
    {
      "source": "0",
      "target": "1"
    },
    {
      "source": "1",
      "target": "2"
    },
    {
      "source": "1",
      "target": "3"
    },
    {
      "source": "2",
      "target": "5"
    },
    {
      "source": "3",
      "target": "4"
    },
    {
      "source": "4",
      "target": "5"
    },
    {
      "source": "5",
      "target": "6"
    },
    {
      "source": "6",
      "target": "7"
    },
    {
      "source": "0",
      "target": "1"
    },
    {
      "source": "0",
      "target": "1"
    },
    {
      "source": "1",
      "target": "2"
    },
    {
      "source": "2",
      "target": "3"
    },
    {
      "source": "3",
      "target": "4"
    },
    {
      "source": "0",
      "target": "1"
    },
    {
      "source": "1",
      "target": "2"
    },
    {
      "source": "2",
      "target": "3"
    },
    {
      "source": "REF_6(bool)",
      "target": "queuedTransactions"
    },
    {
      "source": "3",
      "target": "4"
    },
    {
      "source": "4",
      "target": "5"
    },
    {
      "source": "5",
      "target": "6"
    },
    {
      "source": "REF_8(bool)",
      "target": "queuedTransactions"
    },
    {
      "source": "REF_8(bool) (",
      "target": "queuedTransactions) := False(bool)\"]"
    },
    {
      "source": "6",
      "target": "7"
    },
    {
      "source": "7",
      "target": "8"
    },
    {
      "source": "REF_9",
      "target": "LENGTH TMP_68"
    },
    {
      "source": "8",
      "target": "9"
    },
    {
      "source": "8",
      "target": "10"
    },
    {
      "source": "9",
      "target": "11"
    },
    {
      "source": "10",
      "target": "11"
    },
    {
      "source": "11",
      "target": "12"
    },
    {
      "source": "12",
      "target": "13"
    },
    {
      "source": "13",
      "target": "14"
    },
    {
      "source": "14",
      "target": "15"
    },
    {
      "source": "15",
      "target": "16"
    },
    {
      "source": "16",
      "target": "17"
    },
    {
      "source": "0",
      "target": "1"
    },
    {
      "source": "0",
      "target": "1"
    },
    {
      "source": "1",
      "target": "2"
    },
    {
      "source": "2",
      "target": "3"
    },
    {
      "source": "3",
      "target": "4"
    },
    {
      "source": "4",
      "target": "5"
    },
    {
      "source": "0",
      "target": "1"
    },
    {
      "source": "1",
      "target": "2"
    },
    {
      "source": "2",
      "target": "3"
    },
    {
      "source": "0",
      "target": "1"
    },
    {
      "source": "0",
      "target": "1"
    }
  ]
}