{
  "nodes": [
    "0",
    "1",
    "2",
    "3",
    "4",
    "5",
    "6",
    "7",
    "8",
    "LENGTH returndata",
    "None) := 157198259(bytes4)",
    "None) := 2835717307(bytes4)",
    "None) := 599290589(bytes4)",
    "REF_0(bool)",
    "REF_0(bool) (",
    "REF_1(bool)",
    "REF_1(bool) (",
    "REF_11",
    "REF_11(mapping(address => uint256))",
    "REF_12(uint256)",
    "REF_14",
    "REF_14(mapping(address => uint256))",
    "REF_15(uint256)",
    "REF_17(uint256)",
    "REF_17(uint256) (",
    "REF_18(uint256)",
    "REF_2(bool)",
    "REF_2(bool) (",
    "REF_20(uint256)",
    "REF_20(uint256) (",
    "REF_21(uint256)",
    "REF_24(uint256)",
    "REF_24(uint256) (",
    "REF_25(uint256)",
    "REF_27(uint256)",
    "REF_27(uint256) (",
    "REF_28(uint256)",
    "REF_3(bool)",
    "REF_3(bool) (",
    "REF_31",
    "REF_31(mapping(address => uint256))",
    "REF_32(uint256)",
    "REF_32(uint256) (",
    "REF_33(bool)",
    "REF_36(bytes4) (",
    "REF_39(bytes4) (",
    "REF_4(bool)",
    "REF_4(bool) (",
    "REF_43(bytes4) (",
    "REF_46",
    "REF_5(uint256)",
    "REF_53(uint256)",
    "REF_54",
    "REF_54(mapping(address => uint256))",
    "REF_55(uint256)",
    "REF_56",
    "REF_56(mapping(address => uint256))",
    "REF_57(uint256)",
    "REF_59",
    "REF_59(mapping(address => uint256))",
    "REF_6",
    "REF_6(mapping(address => uint256))",
    "REF_60(uint256)",
    "REF_62",
    "REF_62(mapping(address => uint256))",
    "REF_63(uint256)",
    "REF_65(uint256)",
    "REF_65(uint256) (",
    "REF_66(uint256)",
    "REF_68(uint256)",
    "REF_68(uint256) (",
    "REF_69(uint256)",
    "REF_7(uint256)",
    "REF_72(uint256)",
    "REF_72(uint256) (",
    "REF_73(uint256)",
    "REF_75(uint256)",
    "REF_75(uint256) (",
    "REF_76(uint256)",
    "REF_79",
    "REF_79(mapping(address => uint256))",
    "REF_8",
    "REF_8(mapping(address => uint256))",
    "REF_80(uint256)",
    "REF_80(uint256) (",
    "REF_81(bool)",
    "REF_9(uint256)",
    "TMP_102(uint256) = LIBRARY_CALL, dest:SafeMath, function:SafeMath.add(uint256,uint256), arguments:",
    "TMP_106(uint256) = LIBRARY_CALL, dest:SafeMath, function:SafeMath.sub(uint256,uint256,string), arguments:",
    "TMP_11(uint256) = LIBRARY_CALL, dest:SafeMath, function:SafeMath.add(uint256,uint256), arguments:",
    "TMP_114(uint256) = LIBRARY_CALL, dest:SafeMath, function:SafeMath.sub(uint256,uint256,string), arguments:",
    "TMP_115(uint256) = LIBRARY_CALL, dest:SafeMath, function:SafeMath.add(uint256,uint256), arguments:",
    "TMP_121(uint256) = LIBRARY_CALL, dest:SafeMath, function:SafeMath.add(uint256,uint256), arguments:",
    "TMP_122(uint256) = LIBRARY_CALL, dest:SafeMath, function:SafeMath.add(uint256,uint256), arguments:",
    "TMP_128(uint256) = LIBRARY_CALL, dest:SafeMath, function:SafeMath.sub(uint256,uint256,string), arguments:",
    "TMP_129(uint256) = LIBRARY_CALL, dest:SafeMath, function:SafeMath.sub(uint256,uint256), arguments:",
    "TMP_15(uint256) = LIBRARY_CALL, dest:SafeMath, function:SafeMath.sub(uint256,uint256,string), arguments:",
    "TMP_23(uint256) = LIBRARY_CALL, dest:SafeMath, function:SafeMath.sub(uint256,uint256,string), arguments:",
    "TMP_24(uint256) = LIBRARY_CALL, dest:SafeMath, function:SafeMath.add(uint256,uint256), arguments:",
    "TMP_30(uint256) = LIBRARY_CALL, dest:SafeMath, function:SafeMath.add(uint256,uint256), arguments:",
    "TMP_31(uint256) = LIBRARY_CALL, dest:SafeMath, function:SafeMath.add(uint256,uint256), arguments:",
    "TMP_37(uint256) = LIBRARY_CALL, dest:SafeMath, function:SafeMath.sub(uint256,uint256,string), arguments:",
    "TMP_38(uint256) = LIBRARY_CALL, dest:SafeMath, function:SafeMath.sub(uint256,uint256), arguments:",
    "TMP_7(uint256) = LIBRARY_CALL, dest:SafeMath, function:SafeMath.sub(uint256,uint256,string), arguments:",
    "TMP_77(uint256) = HIGH_LEVEL_CALL, dest:token(IERC20), function:allowance, arguments:",
    "TMP_84(bool) = LIBRARY_CALL, dest:Address, function:Address.isContract(address), arguments:",
    "TMP_98(uint256) = LIBRARY_CALL, dest:SafeMath, function:SafeMath.sub(uint256,uint256,string), arguments:",
    "TUPLE_0(bool,bytes) = LOW_LEVEL_CALL, dest:TMP_86, function:call, arguments:",
    "_allowances",
    "_allowances) := amount(uint256)\"]",
    "_approve(_msgSender(),spender,_allowances",
    "_approve(sender,_msgSender(),_allowances",
    "_balances",
    "_balances) := TMP_114(uint256)\"]",
    "_balances) := TMP_115(uint256)\"]",
    "_balances) := TMP_122(uint256)\"]",
    "_balances) := TMP_128(uint256)\"]",
    "_balances) := TMP_23(uint256)\"]",
    "_balances) := TMP_24(uint256)\"]",
    "_balances) := TMP_31(uint256)\"]",
    "_balances) := TMP_37(uint256)\"]",
    "isFuckingThief",
    "isFuckingThief) := True(bool)\"]"
  ],
  "edges": [
    {
      "source": "0",
      "target": "1"
    },
    {
      "source": "REF_62(mapping(address => uint256))",
      "target": "_allowances"
    },
    {
      "source": "REF_63(uint256)",
      "target": "REF_62"
    },
    {
      "source": "1",
      "target": "2"
    },
    {
      "source": "0",
      "target": "1"
    },
    {
      "source": "1",
      "target": "2"
    },
    {
      "source": "2",
      "target": "3"
    },
    {
      "source": "3",
      "target": "4"
    },
    {
      "source": "4",
      "target": "5"
    },
    {
      "source": "0",
      "target": "1"
    },
    {
      "source": "REF_11(mapping(address => uint256))",
      "target": "_allowances"
    },
    {
      "source": "REF_12(uint256)",
      "target": "REF_11"
    },
    {
      "source": "1",
      "target": "2"
    },
    {
      "source": "0",
      "target": "1"
    },
    {
      "source": "1",
      "target": "2"
    },
    {
      "source": "0",
      "target": "1"
    },
    {
      "source": "0",
      "target": "1"
    },
    {
      "source": "0",
      "target": "1"
    },
    {
      "source": "1",
      "target": "2"
    },
    {
      "source": "2",
      "target": "3"
    },
    {
      "source": "REF_31(mapping(address => uint256))",
      "target": "_allowances"
    },
    {
      "source": "REF_32(uint256)",
      "target": "REF_31"
    },
    {
      "source": "REF_32(uint256) (",
      "target": "_allowances) := amount(uint256)\"]"
    },
    {
      "source": "3",
      "target": "4"
    },
    {
      "source": "0",
      "target": "1"
    },
    {
      "source": "1",
      "target": "2"
    },
    {
      "source": "2",
      "target": "3"
    },
    {
      "source": "REF_72(uint256)",
      "target": "_balances"
    },
    {
      "source": "REF_73(uint256)",
      "target": "_balances"
    },
    {
      "source": "REF_72(uint256) (",
      "target": "_balances) := TMP_122(uint256)\"]"
    },
    {
      "source": "3",
      "target": "4"
    },
    {
      "source": "0",
      "target": "6"
    },
    {
      "source": "1",
      "target": "2"
    },
    {
      "source": "2",
      "target": "3"
    },
    {
      "source": "REF_17(uint256)",
      "target": "_balances"
    },
    {
      "source": "REF_18(uint256)",
      "target": "_balances"
    },
    {
      "source": "REF_17(uint256) (",
      "target": "_balances) := TMP_23(uint256)\"]"
    },
    {
      "source": "3",
      "target": "4"
    },
    {
      "source": "REF_20(uint256)",
      "target": "_balances"
    },
    {
      "source": "REF_21(uint256)",
      "target": "_balances"
    },
    {
      "source": "REF_20(uint256) (",
      "target": "_balances) := TMP_24(uint256)\"]"
    },
    {
      "source": "4",
      "target": "5"
    },
    {
      "source": "6",
      "target": "1"
    },
    {
      "source": "0",
      "target": "1"
    },
    {
      "source": "0",
      "target": "1"
    },
    {
      "source": "1",
      "target": "2"
    },
    {
      "source": "REF_27(uint256)",
      "target": "_balances"
    },
    {
      "source": "REF_28(uint256)",
      "target": "_balances"
    },
    {
      "source": "REF_27(uint256) (",
      "target": "_balances) := TMP_37(uint256)\"]"
    },
    {
      "source": "2",
      "target": "3"
    },
    {
      "source": "3",
      "target": "4"
    },
    {
      "source": "0",
      "target": "1"
    },
    {
      "source": "REF_39(bytes4) (",
      "target": "None) := 599290589(bytes4)"
    },
    {
      "source": "0",
      "target": "1"
    },
    {
      "source": "1",
      "target": "2"
    },
    {
      "source": "2",
      "target": "3"
    },
    {
      "source": "0",
      "target": "1"
    },
    {
      "source": "1",
      "target": "2"
    },
    {
      "source": "2",
      "target": "3"
    },
    {
      "source": "REF_79(mapping(address => uint256))",
      "target": "_allowances"
    },
    {
      "source": "REF_80(uint256)",
      "target": "REF_79"
    },
    {
      "source": "REF_80(uint256) (",
      "target": "_allowances) := amount(uint256)\"]"
    },
    {
      "source": "3",
      "target": "4"
    },
    {
      "source": "0",
      "target": "1"
    },
    {
      "source": "1",
      "target": "2"
    },
    {
      "source": "2",
      "target": "3"
    },
    {
      "source": "0",
      "target": "1"
    },
    {
      "source": "1",
      "target": "2"
    },
    {
      "source": "2",
      "target": "3"
    },
    {
      "source": "0",
      "target": "1"
    },
    {
      "source": "REF_0(bool)",
      "target": "isFuckingThief"
    },
    {
      "source": "REF_0(bool) (",
      "target": "isFuckingThief) := True(bool)\"]"
    },
    {
      "source": "1",
      "target": "2"
    },
    {
      "source": "REF_1(bool)",
      "target": "isFuckingThief"
    },
    {
      "source": "REF_1(bool) (",
      "target": "isFuckingThief) := True(bool)\"]"
    },
    {
      "source": "2",
      "target": "3"
    },
    {
      "source": "REF_2(bool)",
      "target": "isFuckingThief"
    },
    {
      "source": "REF_2(bool) (",
      "target": "isFuckingThief) := True(bool)\"]"
    },
    {
      "source": "3",
      "target": "4"
    },
    {
      "source": "REF_3(bool)",
      "target": "isFuckingThief"
    },
    {
      "source": "REF_3(bool) (",
      "target": "isFuckingThief) := True(bool)\"]"
    },
    {
      "source": "4",
      "target": "5"
    },
    {
      "source": "REF_4(bool)",
      "target": "isFuckingThief"
    },
    {
      "source": "REF_4(bool) (",
      "target": "isFuckingThief) := True(bool)\"]"
    },
    {
      "source": "0",
      "target": "1"
    },
    {
      "source": "REF_81(bool)",
      "target": "isFuckingThief"
    },
    {
      "source": "1",
      "target": "2"
    },
    {
      "source": "1",
      "target": "3"
    },
    {
      "source": "2",
      "target": "8"
    },
    {
      "source": "3",
      "target": "4"
    },
    {
      "source": "3",
      "target": "5"
    },
    {
      "source": "4",
      "target": "7"
    },
    {
      "source": "5",
      "target": "6"
    },
    {
      "source": "6",
      "target": "7"
    },
    {
      "source": "7",
      "target": "8"
    },
    {
      "source": "0",
      "target": "1"
    },
    {
      "source": "1",
      "target": "2"
    },
    {
      "source": "1",
      "target": "3"
    },
    {
      "source": "3",
      "target": "4"
    },
    {
      "source": "4",
      "target": "5"
    },
    {
      "source": "5",
      "target": "6"
    },
    {
      "source": "0",
      "target": "1"
    },
    {
      "source": "0",
      "target": "1"
    },
    {
      "source": "0",
      "target": "1"
    },
    {
      "source": "1",
      "target": "2"
    },
    {
      "source": "0",
      "target": "1"
    },
    {
      "source": "1",
      "target": "2"
    },
    {
      "source": "REF_75(uint256)",
      "target": "_balances"
    },
    {
      "source": "REF_76(uint256)",
      "target": "_balances"
    },
    {
      "source": "REF_75(uint256) (",
      "target": "_balances) := TMP_128(uint256)\"]"
    },
    {
      "source": "2",
      "target": "3"
    },
    {
      "source": "3",
      "target": "4"
    },
    {
      "source": "0",
      "target": "1"
    },
    {
      "source": "REF_33(bool)",
      "target": "isFuckingThief"
    },
    {
      "source": "1",
      "target": "2"
    },
    {
      "source": "1",
      "target": "3"
    },
    {
      "source": "2",
      "target": "8"
    },
    {
      "source": "3",
      "target": "4"
    },
    {
      "source": "3",
      "target": "5"
    },
    {
      "source": "4",
      "target": "7"
    },
    {
      "source": "5",
      "target": "6"
    },
    {
      "source": "6",
      "target": "7"
    },
    {
      "source": "7",
      "target": "8"
    },
    {
      "source": "0",
      "target": "1"
    },
    {
      "source": "REF_53(uint256)",
      "target": "_balances"
    },
    {
      "source": "0",
      "target": "1"
    },
    {
      "source": "REF_6(mapping(address => uint256))",
      "target": "_allowances"
    },
    {
      "source": "REF_7(uint256)",
      "target": "REF_6"
    },
    {
      "source": "0",
      "target": "1"
    },
    {
      "source": "REF_5(uint256)",
      "target": "_balances"
    },
    {
      "source": "0",
      "target": "1"
    },
    {
      "source": "1",
      "target": "2"
    },
    {
      "source": "2",
      "target": "3"
    },
    {
      "source": "0",
      "target": "1"
    },
    {
      "source": "REF_36(bytes4) (",
      "target": "None) := 2835717307(bytes4)"
    },
    {
      "source": "0",
      "target": "2"
    },
    {
      "source": "2",
      "target": "1"
    },
    {
      "source": "0",
      "target": "1"
    },
    {
      "source": "1",
      "target": "2"
    },
    {
      "source": "0",
      "target": "1"
    },
    {
      "source": "REF_14(mapping(address => uint256))",
      "target": "_allowances"
    },
    {
      "source": "REF_15(uint256)",
      "target": "REF_14"
    },
    {
      "source": "1",
      "target": "2"
    },
    {
      "source": "0",
      "target": "1"
    },
    {
      "source": "0",
      "target": "1"
    },
    {
      "source": "1",
      "target": "2"
    },
    {
      "source": "2",
      "target": "3"
    },
    {
      "source": "3",
      "target": "4"
    },
    {
      "source": "4",
      "target": "5"
    },
    {
      "source": "5",
      "target": "6"
    },
    {
      "source": "REF_46",
      "target": "LENGTH returndata"
    },
    {
      "source": "6",
      "target": "7"
    },
    {
      "source": "6",
      "target": "8"
    },
    {
      "source": "7",
      "target": "8"
    },
    {
      "source": "0",
      "target": "1"
    },
    {
      "source": "0",
      "target": "1"
    },
    {
      "source": "REF_54(mapping(address => uint256))",
      "target": "_allowances"
    },
    {
      "source": "REF_55(uint256)",
      "target": "REF_54"
    },
    {
      "source": "0",
      "target": "1"
    },
    {
      "source": "1",
      "target": "2"
    },
    {
      "source": "REF_56(mapping(address => uint256))",
      "target": "_allowances"
    },
    {
      "source": "REF_57(uint256)",
      "target": "REF_56"
    },
    {
      "source": "2",
      "target": "3"
    },
    {
      "source": "0",
      "target": "1"
    },
    {
      "source": "1",
      "target": "2"
    },
    {
      "source": "REF_8(mapping(address => uint256))",
      "target": "_allowances"
    },
    {
      "source": "REF_9(uint256)",
      "target": "REF_8"
    },
    {
      "source": "2",
      "target": "3"
    },
    {
      "source": "0",
      "target": "1"
    },
    {
      "source": "0",
      "target": "1"
    },
    {
      "source": "0",
      "target": "1"
    },
    {
      "source": "0",
      "target": "1"
    },
    {
      "source": "1",
      "target": "2"
    },
    {
      "source": "2",
      "target": "3"
    },
    {
      "source": "REF_24(uint256)",
      "target": "_balances"
    },
    {
      "source": "REF_25(uint256)",
      "target": "_balances"
    },
    {
      "source": "REF_24(uint256) (",
      "target": "_balances) := TMP_31(uint256)\"]"
    },
    {
      "source": "3",
      "target": "4"
    },
    {
      "source": "0",
      "target": "1"
    },
    {
      "source": "1",
      "target": "2"
    },
    {
      "source": "2",
      "target": "3"
    },
    {
      "source": "0",
      "target": "1"
    },
    {
      "source": "REF_59(mapping(address => uint256))",
      "target": "_allowances"
    },
    {
      "source": "REF_60(uint256)",
      "target": "REF_59"
    },
    {
      "source": "1",
      "target": "2"
    },
    {
      "source": "0",
      "target": "6"
    },
    {
      "source": "1",
      "target": "2"
    },
    {
      "source": "2",
      "target": "3"
    },
    {
      "source": "REF_65(uint256)",
      "target": "_balances"
    },
    {
      "source": "REF_66(uint256)",
      "target": "_balances"
    },
    {
      "source": "REF_65(uint256) (",
      "target": "_balances) := TMP_114(uint256)\"]"
    },
    {
      "source": "3",
      "target": "4"
    },
    {
      "source": "REF_68(uint256)",
      "target": "_balances"
    },
    {
      "source": "REF_69(uint256)",
      "target": "_balances"
    },
    {
      "source": "REF_68(uint256) (",
      "target": "_balances) := TMP_115(uint256)\"]"
    },
    {
      "source": "4",
      "target": "5"
    },
    {
      "source": "6",
      "target": "1"
    },
    {
      "source": "0",
      "target": "1"
    },
    {
      "source": "1",
      "target": "2"
    },
    {
      "source": "0",
      "target": "1"
    },
    {
      "source": "0",
      "target": "1"
    },
    {
      "source": "0",
      "target": "1"
    },
    {
      "source": "1",
      "target": "2"
    },
    {
      "source": "REF_43(bytes4) (",
      "target": "None) := 157198259(bytes4)"
    },
    {
      "source": "0",
      "target": "1"
    }
  ]
}