{
  "nodes": [
    "0",
    "1",
    "2",
    "3",
    "4",
    "5",
    "6",
    "7",
    "8",
    "HIGH_LEVEL_CALL, dest:spender(tokenRecipient), function:receiveApproval, arguments:",
    "REF_0(uint256)",
    "REF_0(uint256) (",
    "REF_1(uint256)",
    "REF_10",
    "REF_10(mapping(address => uint256))",
    "REF_11(uint256)",
    "REF_12",
    "REF_12(mapping(address => uint256))",
    "REF_13(",
    "REF_13(uint256)",
    "REF_14",
    "REF_14(mapping(address => uint256))",
    "REF_15(uint256)",
    "REF_15(uint256) (",
    "REF_17(uint256)",
    "REF_18(",
    "REF_18(uint256)",
    "REF_19(uint256)",
    "REF_2(uint256)",
    "REF_20",
    "REF_20(mapping(address => uint256))",
    "REF_21(uint256)",
    "REF_22(",
    "REF_22(uint256)",
    "REF_23",
    "REF_23(mapping(address => uint256))",
    "REF_24(",
    "REF_24(uint256)",
    "REF_3(uint256)",
    "REF_35",
    "REF_35(mapping(address => uint256))",
    "REF_36(uint256)",
    "REF_37",
    "REF_37(mapping(address => uint256))",
    "REF_38(",
    "REF_38(uint256)",
    "REF_39",
    "REF_39(mapping(address => uint256))",
    "REF_4(uint256)",
    "REF_40(uint256)",
    "REF_40(uint256) (",
    "REF_42(uint256)",
    "REF_43(",
    "REF_43(uint256)",
    "REF_44(uint256)",
    "REF_45",
    "REF_45(mapping(address => uint256))",
    "REF_46(uint256)",
    "REF_47(",
    "REF_47(uint256)",
    "REF_48",
    "REF_48(mapping(address => uint256))",
    "REF_49(",
    "REF_49(uint256)",
    "REF_5(uint256)",
    "REF_50(uint256)",
    "REF_51(uint256)",
    "REF_52(uint256)",
    "REF_53(bool)",
    "REF_54(bool)",
    "REF_55(",
    "REF_55(uint256)",
    "REF_56(",
    "REF_56(uint256)",
    "REF_57(bool)",
    "REF_57(bool) (",
    "REF_6(",
    "REF_6(uint256)",
    "REF_7(",
    "REF_7(uint256)",
    "REF_8(uint256)",
    "REF_9(uint256)",
    "allowance",
    "allowance) := _value(uint256)\"]",
    "allowance) = REF_13 - _value\"]",
    "allowance) = REF_24 - _value\"]",
    "allowance) = REF_38 - _value\"]",
    "allowance) = REF_49 - _value\"]",
    "assert(bool)(balanceOf",
    "balanceOf",
    "balanceOf) := totalSupply(uint256)\"]",
    "balanceOf) = REF_18 - _value\"]",
    "balanceOf) = REF_22 - _value\"]",
    "balanceOf) = REF_43 - _value\"]",
    "balanceOf) = REF_47 - _value\"]",
    "balanceOf) = REF_55 - _value\"]",
    "balanceOf) = REF_56 + _value\"]",
    "balanceOf) = REF_6 - _value\"]",
    "balanceOf) = REF_7 + _value\"]",
    "frozenAccount",
    "frozenAccount) := freeze(bool)\"]",
    "previousBalances = balanceOf",
    "require(bool)(! frozenAccount",
    "require(bool)(_value <= allowance",
    "require(bool)(balanceOf"
  ],
  "edges": [
    {
      "source": "0",
      "target": "1"
    },
    {
      "source": "REF_44(uint256)",
      "target": "balanceOf"
    },
    {
      "source": "1",
      "target": "2"
    },
    {
      "source": "REF_45(mapping(address => uint256))",
      "target": "allowance"
    },
    {
      "source": "REF_46(uint256)",
      "target": "REF_45"
    },
    {
      "source": "2",
      "target": "3"
    },
    {
      "source": "REF_47(uint256)",
      "target": "balanceOf"
    },
    {
      "source": "REF_47(",
      "target": "balanceOf) = REF_47 - _value\"]"
    },
    {
      "source": "3",
      "target": "4"
    },
    {
      "source": "REF_48(mapping(address => uint256))",
      "target": "allowance"
    },
    {
      "source": "REF_49(uint256)",
      "target": "REF_48"
    },
    {
      "source": "REF_49(",
      "target": "allowance) = REF_49 - _value\"]"
    },
    {
      "source": "4",
      "target": "5"
    },
    {
      "source": "5",
      "target": "6"
    },
    {
      "source": "6",
      "target": "7"
    },
    {
      "source": "0",
      "target": "1"
    },
    {
      "source": "0",
      "target": "1"
    },
    {
      "source": "1",
      "target": "2"
    },
    {
      "source": "REF_1(uint256)",
      "target": "balanceOf"
    },
    {
      "source": "2",
      "target": "3"
    },
    {
      "source": "REF_2(uint256)",
      "target": "balanceOf"
    },
    {
      "source": "REF_3(uint256)",
      "target": "balanceOf"
    },
    {
      "source": "3",
      "target": "4"
    },
    {
      "source": "REF_4(uint256)",
      "target": "balanceOf"
    },
    {
      "source": "REF_5(uint256)",
      "target": "balanceOf"
    },
    {
      "source": "4",
      "target": "5"
    },
    {
      "source": "REF_6(uint256)",
      "target": "balanceOf"
    },
    {
      "source": "REF_6(",
      "target": "balanceOf) = REF_6 - _value\"]"
    },
    {
      "source": "5",
      "target": "6"
    },
    {
      "source": "REF_7(uint256)",
      "target": "balanceOf"
    },
    {
      "source": "REF_7(",
      "target": "balanceOf) = REF_7 + _value\"]"
    },
    {
      "source": "6",
      "target": "7"
    },
    {
      "source": "7",
      "target": "8"
    },
    {
      "source": "REF_8(uint256)",
      "target": "balanceOf"
    },
    {
      "source": "REF_9(uint256)",
      "target": "balanceOf"
    },
    {
      "source": "0",
      "target": "1"
    },
    {
      "source": "1",
      "target": "2"
    },
    {
      "source": "2",
      "target": "3"
    },
    {
      "source": "2",
      "target": "5"
    },
    {
      "source": "3",
      "target": "4"
    },
    {
      "source": "5",
      "target": "6"
    },
    {
      "source": "0",
      "target": "1"
    },
    {
      "source": "0",
      "target": "1"
    },
    {
      "source": "1",
      "target": "2"
    },
    {
      "source": "REF_0(uint256)",
      "target": "balanceOf"
    },
    {
      "source": "REF_0(uint256) (",
      "target": "balanceOf) := totalSupply(uint256)\"]"
    },
    {
      "source": "2",
      "target": "3"
    },
    {
      "source": "3",
      "target": "4"
    },
    {
      "source": "0",
      "target": "1"
    },
    {
      "source": "REF_39(mapping(address => uint256))",
      "target": "allowance"
    },
    {
      "source": "REF_40(uint256)",
      "target": "REF_39"
    },
    {
      "source": "REF_40(uint256) (",
      "target": "allowance) := _value(uint256)\"]"
    },
    {
      "source": "1",
      "target": "2"
    },
    {
      "source": "2",
      "target": "3"
    },
    {
      "source": "0",
      "target": "1"
    },
    {
      "source": "1",
      "target": "2"
    },
    {
      "source": "REF_50(uint256)",
      "target": "balanceOf"
    },
    {
      "source": "2",
      "target": "3"
    },
    {
      "source": "REF_51(uint256)",
      "target": "balanceOf"
    },
    {
      "source": "REF_52(uint256)",
      "target": "balanceOf"
    },
    {
      "source": "3",
      "target": "4"
    },
    {
      "source": "REF_53(bool)",
      "target": "frozenAccount"
    },
    {
      "source": "4",
      "target": "5"
    },
    {
      "source": "REF_54(bool)",
      "target": "frozenAccount"
    },
    {
      "source": "5",
      "target": "6"
    },
    {
      "source": "REF_55(uint256)",
      "target": "balanceOf"
    },
    {
      "source": "REF_55(",
      "target": "balanceOf) = REF_55 - _value\"]"
    },
    {
      "source": "6",
      "target": "7"
    },
    {
      "source": "REF_56(uint256)",
      "target": "balanceOf"
    },
    {
      "source": "REF_56(",
      "target": "balanceOf) = REF_56 + _value\"]"
    },
    {
      "source": "7",
      "target": "8"
    },
    {
      "source": "0",
      "target": "1"
    },
    {
      "source": "0",
      "target": "3"
    },
    {
      "source": "REF_57(bool)",
      "target": "frozenAccount"
    },
    {
      "source": "REF_57(bool) (",
      "target": "frozenAccount) := freeze(bool)\"]"
    },
    {
      "source": "1",
      "target": "2"
    },
    {
      "source": "3",
      "target": "1"
    },
    {
      "source": "0",
      "target": "1"
    },
    {
      "source": "REF_19(uint256)",
      "target": "balanceOf"
    },
    {
      "source": "1",
      "target": "2"
    },
    {
      "source": "REF_20(mapping(address => uint256))",
      "target": "allowance"
    },
    {
      "source": "REF_21(uint256)",
      "target": "REF_20"
    },
    {
      "source": "2",
      "target": "3"
    },
    {
      "source": "REF_22(uint256)",
      "target": "balanceOf"
    },
    {
      "source": "REF_22(",
      "target": "balanceOf) = REF_22 - _value\"]"
    },
    {
      "source": "3",
      "target": "4"
    },
    {
      "source": "REF_23(mapping(address => uint256))",
      "target": "allowance"
    },
    {
      "source": "REF_24(uint256)",
      "target": "REF_23"
    },
    {
      "source": "REF_24(",
      "target": "allowance) = REF_24 - _value\"]"
    },
    {
      "source": "4",
      "target": "5"
    },
    {
      "source": "5",
      "target": "6"
    },
    {
      "source": "6",
      "target": "7"
    },
    {
      "source": "0",
      "target": "1"
    },
    {
      "source": "REF_35(mapping(address => uint256))",
      "target": "allowance"
    },
    {
      "source": "REF_36(uint256)",
      "target": "REF_35"
    },
    {
      "source": "1",
      "target": "2"
    },
    {
      "source": "REF_37(mapping(address => uint256))",
      "target": "allowance"
    },
    {
      "source": "REF_38(uint256)",
      "target": "REF_37"
    },
    {
      "source": "REF_38(",
      "target": "allowance) = REF_38 - _value\"]"
    },
    {
      "source": "2",
      "target": "3"
    },
    {
      "source": "3",
      "target": "4"
    },
    {
      "source": "0",
      "target": "3"
    },
    {
      "source": "1",
      "target": "2"
    },
    {
      "source": "3",
      "target": "1"
    },
    {
      "source": "0",
      "target": "1"
    },
    {
      "source": "1",
      "target": "2"
    },
    {
      "source": "0",
      "target": "1"
    },
    {
      "source": "1",
      "target": "2"
    },
    {
      "source": "2",
      "target": "3"
    },
    {
      "source": "3",
      "target": "4"
    },
    {
      "source": "0",
      "target": "1"
    },
    {
      "source": "1",
      "target": "2"
    },
    {
      "source": "2",
      "target": "3"
    },
    {
      "source": "2",
      "target": "5"
    },
    {
      "source": "3",
      "target": "4"
    },
    {
      "source": "5",
      "target": "6"
    },
    {
      "source": "0",
      "target": "1"
    },
    {
      "source": "REF_17(uint256)",
      "target": "balanceOf"
    },
    {
      "source": "1",
      "target": "2"
    },
    {
      "source": "REF_18(uint256)",
      "target": "balanceOf"
    },
    {
      "source": "REF_18(",
      "target": "balanceOf) = REF_18 - _value\"]"
    },
    {
      "source": "2",
      "target": "3"
    },
    {
      "source": "3",
      "target": "4"
    },
    {
      "source": "4",
      "target": "5"
    },
    {
      "source": "0",
      "target": "2"
    },
    {
      "source": "2",
      "target": "1"
    },
    {
      "source": "0",
      "target": "1"
    },
    {
      "source": "1",
      "target": "2"
    },
    {
      "source": "0",
      "target": "1"
    },
    {
      "source": "1",
      "target": "2"
    },
    {
      "source": "0",
      "target": "1"
    },
    {
      "source": "1",
      "target": "2"
    },
    {
      "source": "0",
      "target": "1"
    },
    {
      "source": "REF_10(mapping(address => uint256))",
      "target": "allowance"
    },
    {
      "source": "REF_11(uint256)",
      "target": "REF_10"
    },
    {
      "source": "1",
      "target": "2"
    },
    {
      "source": "REF_12(mapping(address => uint256))",
      "target": "allowance"
    },
    {
      "source": "REF_13(uint256)",
      "target": "REF_12"
    },
    {
      "source": "REF_13(",
      "target": "allowance) = REF_13 - _value\"]"
    },
    {
      "source": "2",
      "target": "3"
    },
    {
      "source": "3",
      "target": "4"
    },
    {
      "source": "0",
      "target": "2"
    },
    {
      "source": "2",
      "target": "1"
    },
    {
      "source": "0",
      "target": "1"
    },
    {
      "source": "1",
      "target": "2"
    },
    {
      "source": "0",
      "target": "1"
    },
    {
      "source": "REF_14(mapping(address => uint256))",
      "target": "allowance"
    },
    {
      "source": "REF_15(uint256)",
      "target": "REF_14"
    },
    {
      "source": "REF_15(uint256) (",
      "target": "allowance) := _value(uint256)\"]"
    },
    {
      "source": "1",
      "target": "2"
    },
    {
      "source": "2",
      "target": "3"
    },
    {
      "source": "0",
      "target": "1"
    },
    {
      "source": "REF_42(uint256)",
      "target": "balanceOf"
    },
    {
      "source": "1",
      "target": "2"
    },
    {
      "source": "REF_43(uint256)",
      "target": "balanceOf"
    },
    {
      "source": "REF_43(",
      "target": "balanceOf) = REF_43 - _value\"]"
    },
    {
      "source": "2",
      "target": "3"
    },
    {
      "source": "3",
      "target": "4"
    },
    {
      "source": "4",
      "target": "5"
    }
  ]
}