{
  "nodes": [
    "0",
    "1",
    "2",
    "3",
    "4",
    "5",
    "6",
    "REF_0(uint256)",
    "REF_1",
    "REF_1(mapping(address => uint256))",
    "REF_10(uint256)",
    "REF_12(uint256)",
    "REF_12(uint256) (",
    "REF_13(uint256)",
    "REF_15(uint256)",
    "REF_15(uint256) (",
    "REF_16(uint256)",
    "REF_19(uint256)",
    "REF_19(uint256) (",
    "REF_2(uint256)",
    "REF_20(uint256)",
    "REF_23(uint256)",
    "REF_23(uint256) (",
    "REF_24(uint256)",
    "REF_26",
    "REF_26(mapping(address => uint256))",
    "REF_27(uint256)",
    "REF_27(uint256) (",
    "REF_28",
    "REF_28(mapping(address => uint256))",
    "REF_29(uint256)",
    "REF_3",
    "REF_3(mapping(address => uint256))",
    "REF_38",
    "REF_38(mapping(address => uint256))",
    "REF_39(uint256)",
    "REF_4(uint256)",
    "REF_41",
    "REF_41(mapping(address => uint256))",
    "REF_42(uint256)",
    "REF_44(uint256)",
    "REF_44(uint256) (",
    "REF_45(uint256)",
    "REF_47(uint256)",
    "REF_47(uint256) (",
    "REF_48(uint256)",
    "REF_51(uint256)",
    "REF_51(uint256) (",
    "REF_52(uint256)",
    "REF_55(uint256)",
    "REF_55(uint256) (",
    "REF_56(uint256)",
    "REF_58",
    "REF_58(mapping(address => uint256))",
    "REF_59(uint256)",
    "REF_59(uint256) (",
    "REF_6",
    "REF_6(mapping(address => uint256))",
    "REF_60",
    "REF_60(mapping(address => uint256))",
    "REF_61(uint256)",
    "REF_7(uint256)",
    "REF_9",
    "REF_9(mapping(address => uint256))",
    "TMP_102(uint256) = LIBRARY_CALL, dest:SafeMath, function:SafeMath.sub(uint256,uint256), arguments:",
    "TMP_106(uint256) = LIBRARY_CALL, dest:SafeMath, function:SafeMath.add(uint256,uint256), arguments:",
    "TMP_20(uint256) = LIBRARY_CALL, dest:SafeMath, function:SafeMath.sub(uint256,uint256), arguments:",
    "TMP_22(uint256) = LIBRARY_CALL, dest:SafeMath, function:SafeMath.add(uint256,uint256), arguments:",
    "TMP_24(uint256) = LIBRARY_CALL, dest:SafeMath, function:SafeMath.sub(uint256,uint256), arguments:",
    "TMP_29(uint256) = LIBRARY_CALL, dest:SafeMath, function:SafeMath.sub(uint256,uint256), arguments:",
    "TMP_30(uint256) = LIBRARY_CALL, dest:SafeMath, function:SafeMath.add(uint256,uint256), arguments:",
    "TMP_35(uint256) = LIBRARY_CALL, dest:SafeMath, function:SafeMath.add(uint256,uint256), arguments:",
    "TMP_36(uint256) = LIBRARY_CALL, dest:SafeMath, function:SafeMath.add(uint256,uint256), arguments:",
    "TMP_42(uint256) = LIBRARY_CALL, dest:SafeMath, function:SafeMath.sub(uint256,uint256), arguments:",
    "TMP_43(uint256) = LIBRARY_CALL, dest:SafeMath, function:SafeMath.sub(uint256,uint256), arguments:",
    "TMP_54(uint256) = LIBRARY_CALL, dest:SafeMath, function:SafeMath.sub(uint256,uint256), arguments:",
    "TMP_58(uint256) = LIBRARY_CALL, dest:SafeMath, function:SafeMath.add(uint256,uint256), arguments:",
    "TMP_70(uint256) = LIBRARY_CALL, dest:SafeMath, function:SafeMath.add(uint256,uint256), arguments:",
    "TMP_72(uint256) = LIBRARY_CALL, dest:SafeMath, function:SafeMath.sub(uint256,uint256), arguments:",
    "TMP_77(uint256) = LIBRARY_CALL, dest:SafeMath, function:SafeMath.sub(uint256,uint256), arguments:",
    "TMP_78(uint256) = LIBRARY_CALL, dest:SafeMath, function:SafeMath.add(uint256,uint256), arguments:",
    "TMP_83(uint256) = LIBRARY_CALL, dest:SafeMath, function:SafeMath.add(uint256,uint256), arguments:",
    "TMP_84(uint256) = LIBRARY_CALL, dest:SafeMath, function:SafeMath.add(uint256,uint256), arguments:",
    "TMP_90(uint256) = LIBRARY_CALL, dest:SafeMath, function:SafeMath.sub(uint256,uint256), arguments:",
    "TMP_91(uint256) = LIBRARY_CALL, dest:SafeMath, function:SafeMath.sub(uint256,uint256), arguments:",
    "_allowed",
    "_allowed) := value(uint256)\"]",
    "_approve(account,msg.sender,_allowed",
    "_approve(from,msg.sender,_allowed",
    "_approve(msg.sender,spender,_allowed",
    "_balances",
    "_balances) := TMP_29(uint256)\"]",
    "_balances) := TMP_30(uint256)\"]",
    "_balances) := TMP_36(uint256)\"]",
    "_balances) := TMP_43(uint256)\"]",
    "_balances) := TMP_77(uint256)\"]",
    "_balances) := TMP_78(uint256)\"]",
    "_balances) := TMP_84(uint256)\"]",
    "_balances) := TMP_91(uint256)\"]"
  ],
  "edges": [
    {
      "source": "0",
      "target": "1"
    },
    {
      "source": "0",
      "target": "1"
    },
    {
      "source": "1",
      "target": "2"
    },
    {
      "source": "2",
      "target": "3"
    },
    {
      "source": "0",
      "target": "1"
    },
    {
      "source": "1",
      "target": "2"
    },
    {
      "source": "REF_44(uint256)",
      "target": "_balances"
    },
    {
      "source": "REF_45(uint256)",
      "target": "_balances"
    },
    {
      "source": "REF_44(uint256) (",
      "target": "_balances) := TMP_77(uint256)\"]"
    },
    {
      "source": "2",
      "target": "3"
    },
    {
      "source": "REF_47(uint256)",
      "target": "_balances"
    },
    {
      "source": "REF_48(uint256)",
      "target": "_balances"
    },
    {
      "source": "REF_47(uint256) (",
      "target": "_balances) := TMP_78(uint256)\"]"
    },
    {
      "source": "3",
      "target": "4"
    },
    {
      "source": "0",
      "target": "1"
    },
    {
      "source": "1",
      "target": "2"
    },
    {
      "source": "2",
      "target": "3"
    },
    {
      "source": "REF_58(mapping(address => uint256))",
      "target": "_allowed"
    },
    {
      "source": "REF_59(uint256)",
      "target": "REF_58"
    },
    {
      "source": "REF_59(uint256) (",
      "target": "_allowed) := value(uint256)\"]"
    },
    {
      "source": "3",
      "target": "4"
    },
    {
      "source": "0",
      "target": "1"
    },
    {
      "source": "1",
      "target": "2"
    },
    {
      "source": "0",
      "target": "1"
    },
    {
      "source": "1",
      "target": "2"
    },
    {
      "source": "2",
      "target": "3"
    },
    {
      "source": "0",
      "target": "1"
    },
    {
      "source": "REF_9(mapping(address => uint256))",
      "target": "_allowed"
    },
    {
      "source": "REF_10(uint256)",
      "target": "REF_9"
    },
    {
      "source": "1",
      "target": "2"
    },
    {
      "source": "0",
      "target": "6"
    },
    {
      "source": "1",
      "target": "2"
    },
    {
      "source": "2",
      "target": "3"
    },
    {
      "source": "3",
      "target": "4"
    },
    {
      "source": "4",
      "target": "5"
    },
    {
      "source": "6",
      "target": "1"
    },
    {
      "source": "0",
      "target": "1"
    },
    {
      "source": "1",
      "target": "2"
    },
    {
      "source": "REF_12(uint256)",
      "target": "_balances"
    },
    {
      "source": "REF_13(uint256)",
      "target": "_balances"
    },
    {
      "source": "REF_12(uint256) (",
      "target": "_balances) := TMP_29(uint256)\"]"
    },
    {
      "source": "2",
      "target": "3"
    },
    {
      "source": "REF_15(uint256)",
      "target": "_balances"
    },
    {
      "source": "REF_16(uint256)",
      "target": "_balances"
    },
    {
      "source": "REF_15(uint256) (",
      "target": "_balances) := TMP_30(uint256)\"]"
    },
    {
      "source": "3",
      "target": "4"
    },
    {
      "source": "0",
      "target": "1"
    },
    {
      "source": "1",
      "target": "2"
    },
    {
      "source": "2",
      "target": "3"
    },
    {
      "source": "REF_26(mapping(address => uint256))",
      "target": "_allowed"
    },
    {
      "source": "REF_27(uint256)",
      "target": "REF_26"
    },
    {
      "source": "REF_27(uint256) (",
      "target": "_allowed) := value(uint256)\"]"
    },
    {
      "source": "3",
      "target": "4"
    },
    {
      "source": "0",
      "target": "1"
    },
    {
      "source": "1",
      "target": "2"
    },
    {
      "source": "0",
      "target": "1"
    },
    {
      "source": "REF_41(mapping(address => uint256))",
      "target": "_allowed"
    },
    {
      "source": "REF_42(uint256)",
      "target": "REF_41"
    },
    {
      "source": "1",
      "target": "2"
    },
    {
      "source": "0",
      "target": "6"
    },
    {
      "source": "1",
      "target": "2"
    },
    {
      "source": "2",
      "target": "3"
    },
    {
      "source": "3",
      "target": "4"
    },
    {
      "source": "4",
      "target": "5"
    },
    {
      "source": "6",
      "target": "1"
    },
    {
      "source": "0",
      "target": "1"
    },
    {
      "source": "1",
      "target": "2"
    },
    {
      "source": "2",
      "target": "3"
    },
    {
      "source": "REF_55(uint256)",
      "target": "_balances"
    },
    {
      "source": "REF_56(uint256)",
      "target": "_balances"
    },
    {
      "source": "REF_55(uint256) (",
      "target": "_balances) := TMP_91(uint256)\"]"
    },
    {
      "source": "3",
      "target": "4"
    },
    {
      "source": "0",
      "target": "1"
    },
    {
      "source": "1",
      "target": "2"
    },
    {
      "source": "2",
      "target": "3"
    },
    {
      "source": "3",
      "target": "4"
    },
    {
      "source": "4",
      "target": "5"
    },
    {
      "source": "0",
      "target": "1"
    },
    {
      "source": "0",
      "target": "1"
    },
    {
      "source": "1",
      "target": "2"
    },
    {
      "source": "2",
      "target": "3"
    },
    {
      "source": "REF_23(uint256)",
      "target": "_balances"
    },
    {
      "source": "REF_24(uint256)",
      "target": "_balances"
    },
    {
      "source": "REF_23(uint256) (",
      "target": "_balances) := TMP_43(uint256)\"]"
    },
    {
      "source": "3",
      "target": "4"
    },
    {
      "source": "0",
      "target": "1"
    },
    {
      "source": "0",
      "target": "1"
    },
    {
      "source": "1",
      "target": "2"
    },
    {
      "source": "2",
      "target": "3"
    },
    {
      "source": "REF_19(uint256)",
      "target": "_balances"
    },
    {
      "source": "REF_20(uint256)",
      "target": "_balances"
    },
    {
      "source": "REF_19(uint256) (",
      "target": "_balances) := TMP_36(uint256)\"]"
    },
    {
      "source": "3",
      "target": "4"
    },
    {
      "source": "0",
      "target": "1"
    },
    {
      "source": "1",
      "target": "2"
    },
    {
      "source": "2",
      "target": "3"
    },
    {
      "source": "REF_51(uint256)",
      "target": "_balances"
    },
    {
      "source": "REF_52(uint256)",
      "target": "_balances"
    },
    {
      "source": "REF_51(uint256) (",
      "target": "_balances) := TMP_84(uint256)\"]"
    },
    {
      "source": "3",
      "target": "4"
    },
    {
      "source": "0",
      "target": "1"
    },
    {
      "source": "1",
      "target": "2"
    },
    {
      "source": "REF_28(mapping(address => uint256))",
      "target": "_allowed"
    },
    {
      "source": "REF_29(uint256)",
      "target": "REF_28"
    },
    {
      "source": "0",
      "target": "1"
    },
    {
      "source": "1",
      "target": "2"
    },
    {
      "source": "0",
      "target": "1"
    },
    {
      "source": "1",
      "target": "2"
    },
    {
      "source": "0",
      "target": "1"
    },
    {
      "source": "1",
      "target": "2"
    },
    {
      "source": "REF_3(mapping(address => uint256))",
      "target": "_allowed"
    },
    {
      "source": "REF_4(uint256)",
      "target": "REF_3"
    },
    {
      "source": "2",
      "target": "3"
    },
    {
      "source": "0",
      "target": "1"
    },
    {
      "source": "REF_1(mapping(address => uint256))",
      "target": "_allowed"
    },
    {
      "source": "REF_2(uint256)",
      "target": "REF_1"
    },
    {
      "source": "0",
      "target": "1"
    },
    {
      "source": "REF_6(mapping(address => uint256))",
      "target": "_allowed"
    },
    {
      "source": "REF_7(uint256)",
      "target": "REF_6"
    },
    {
      "source": "1",
      "target": "2"
    },
    {
      "source": "0",
      "target": "1"
    },
    {
      "source": "1",
      "target": "2"
    },
    {
      "source": "0",
      "target": "1"
    },
    {
      "source": "REF_0(uint256)",
      "target": "_balances"
    },
    {
      "source": "0",
      "target": "1"
    },
    {
      "source": "1",
      "target": "2"
    },
    {
      "source": "1",
      "target": "3"
    },
    {
      "source": "3",
      "target": "4"
    },
    {
      "source": "4",
      "target": "5"
    },
    {
      "source": "5",
      "target": "6"
    },
    {
      "source": "0",
      "target": "1"
    },
    {
      "source": "1",
      "target": "2"
    },
    {
      "source": "2",
      "target": "3"
    },
    {
      "source": "0",
      "target": "1"
    },
    {
      "source": "REF_38(mapping(address => uint256))",
      "target": "_allowed"
    },
    {
      "source": "REF_39(uint256)",
      "target": "REF_38"
    },
    {
      "source": "1",
      "target": "2"
    },
    {
      "source": "0",
      "target": "1"
    },
    {
      "source": "0",
      "target": "1"
    },
    {
      "source": "1",
      "target": "2"
    },
    {
      "source": "REF_60(mapping(address => uint256))",
      "target": "_allowed"
    },
    {
      "source": "REF_61(uint256)",
      "target": "REF_60"
    }
  ]
}