{
  "nodes": [
    "0",
    "1",
    "2",
    "TMP_13(None) = SOLIDITY_CALL require(bool,string)(TMP_12,Currency ID is not 0",
    "TMP_16(None) = SOLIDITY_CALL require(bool,string)(TMP_15,Currency ID is not 0",
    "TMP_18(None) = SOLIDITY_CALL require(bool,string)(TMP_17,Currency ID is not 0",
    "require(bool,string)(currencyId == 0,Currency ID is not 0"
  ],
  "edges": [
    {
      "source": "0",
      "target": "1"
    },
    {
      "source": "1",
      "target": "2"
    },
    {
      "source": "0",
      "target": "1"
    },
    {
      "source": "0",
      "target": "1"
    },
    {
      "source": "0",
      "target": "1"
    },
    {
      "source": "0",
      "target": "1"
    },
    {
      "source": "0",
      "target": "1"
    },
    {
      "source": "1",
      "target": "2"
    },
    {
      "source": "0",
      "target": "1"
    },
    {
      "source": "0",
      "target": "1"
    },
    {
      "source": "0",
      "target": "1"
    },
    {
      "source": "0",
      "target": "1"
    },
    {
      "source": "0",
      "target": "1"
    }
  ]
}