{
  "nodes": [
    "0",
    "1",
    "2",
    "3",
    "REF_0(SecretKeeper.SecretMessage)",
    "REF_0(SecretKeeper.SecretMessage) (",
    "REF_1(SecretKeeper.SecretMessage)",
    "REF_1.startTimeStamp",
    "REF_2(uint256)",
    "REF_3(SecretKeeper.SecretMessage)",
    "REF_3.period",
    "REF_4(uint256)",
    "REF_5(SecretKeeper.SecretMessage)",
    "REF_5.message",
    "REF_6(string)",
    "keeper",
    "keeper) := TMP_0(SecretKeeper.SecretMessage)\"]"
  ],
  "edges": [
    {
      "source": "0",
      "target": "1"
    },
    {
      "source": "REF_0(SecretKeeper.SecretMessage)",
      "target": "keeper"
    },
    {
      "source": "REF_0(SecretKeeper.SecretMessage) (",
      "target": "keeper) := TMP_0(SecretKeeper.SecretMessage)\"]"
    },
    {
      "source": "0",
      "target": "1"
    },
    {
      "source": "REF_1(SecretKeeper.SecretMessage)",
      "target": "keeper"
    },
    {
      "source": "REF_2(uint256)",
      "target": "REF_1.startTimeStamp"
    },
    {
      "source": "REF_3(SecretKeeper.SecretMessage)",
      "target": "keeper"
    },
    {
      "source": "REF_4(uint256)",
      "target": "REF_3.period"
    },
    {
      "source": "1",
      "target": "2"
    },
    {
      "source": "1",
      "target": "3"
    },
    {
      "source": "REF_5(SecretKeeper.SecretMessage)",
      "target": "keeper"
    },
    {
      "source": "REF_6(string)",
      "target": "REF_5.message"
    }
  ]
}