{
  "nodes": [
    "0",
    "1",
    "2",
    "3",
    "4",
    "5",
    "LENGTH cardsLUT",
    "REF_0(KingOfTheHillCards.Card)",
    "REF_0.exists",
    "REF_1(bool)",
    "REF_10(uint256)",
    "REF_10(uint256) (",
    "REF_11(KingOfTheHillCards.Card)",
    "REF_11.owner",
    "REF_12(address)",
    "REF_13(KingOfTheHillCards.Card)",
    "REF_13.owner",
    "REF_14(address)",
    "REF_14(address) (",
    "REF_2(KingOfTheHillCards.Card)",
    "REF_2.nonce",
    "REF_3(uint256)",
    "REF_3(uint256) (",
    "REF_4(KingOfTheHillCards.Card)",
    "REF_4.owner",
    "REF_5(address)",
    "REF_5(address) (",
    "REF_6(KingOfTheHillCards.Card)",
    "REF_6.exists",
    "REF_7(bool)",
    "REF_7(bool) (",
    "REF_9",
    "REF_9(uint256) (",
    "cards",
    "cards) := True(bool)\"]",
    "cards) := msg.sender(address)\"]",
    "cards) := nonce(uint256)\"]",
    "cards) := to(address)\"]",
    "cardsLUT",
    "cardsLUT) := TMP_4(uint256)",
    "cardsLUT) := hash(uint256)\"]",
    "require(bool)(! cards",
    "require(bool)(cards"
  ],
  "edges": [
    {
      "source": "0",
      "target": "1"
    },
    {
      "source": "REF_0(KingOfTheHillCards.Card)",
      "target": "cards"
    },
    {
      "source": "REF_1(bool)",
      "target": "REF_0.exists"
    },
    {
      "source": "1",
      "target": "2"
    },
    {
      "source": "REF_2(KingOfTheHillCards.Card)",
      "target": "cards"
    },
    {
      "source": "REF_3(uint256)",
      "target": "REF_2.nonce"
    },
    {
      "source": "REF_3(uint256) (",
      "target": "cards) := nonce(uint256)\"]"
    },
    {
      "source": "2",
      "target": "3"
    },
    {
      "source": "REF_4(KingOfTheHillCards.Card)",
      "target": "cards"
    },
    {
      "source": "REF_5(address)",
      "target": "REF_4.owner"
    },
    {
      "source": "REF_5(address) (",
      "target": "cards) := msg.sender(address)\"]"
    },
    {
      "source": "3",
      "target": "4"
    },
    {
      "source": "REF_6(KingOfTheHillCards.Card)",
      "target": "cards"
    },
    {
      "source": "REF_7(bool)",
      "target": "REF_6.exists"
    },
    {
      "source": "REF_7(bool) (",
      "target": "cards) := True(bool)\"]"
    },
    {
      "source": "4",
      "target": "5"
    },
    {
      "source": "REF_9",
      "target": "LENGTH cardsLUT"
    },
    {
      "source": "REF_9(uint256) (",
      "target": "cardsLUT) := TMP_4(uint256)"
    },
    {
      "source": "REF_10(uint256)",
      "target": "cardsLUT"
    },
    {
      "source": "REF_10(uint256) (",
      "target": "cardsLUT) := hash(uint256)\"]"
    },
    {
      "source": "0",
      "target": "1"
    },
    {
      "source": "REF_11(KingOfTheHillCards.Card)",
      "target": "cards"
    },
    {
      "source": "REF_12(address)",
      "target": "REF_11.owner"
    },
    {
      "source": "1",
      "target": "2"
    },
    {
      "source": "REF_13(KingOfTheHillCards.Card)",
      "target": "cards"
    },
    {
      "source": "REF_14(address)",
      "target": "REF_13.owner"
    },
    {
      "source": "REF_14(address) (",
      "target": "cards) := to(address)\"]"
    }
  ]
}