{
  "nodes": [
    "0",
    "1",
    "10",
    "11",
    "12",
    "13",
    "14",
    "15",
    "16",
    "17",
    "18",
    "19",
    "2",
    "20",
    "21",
    "22",
    "23",
    "24",
    "25",
    "26",
    "27",
    "28",
    "29",
    "3",
    "30",
    "31",
    "32",
    "33",
    "34",
    "35",
    "36",
    "37",
    "38",
    "39",
    "4",
    "40",
    "41",
    "42",
    "43",
    "44",
    "45",
    "5",
    "6",
    "7",
    "8",
    "9",
    "REF_0(uint256)",
    "REF_0(uint256) (",
    "REF_1(uint256)",
    "REF_10(",
    "REF_10(uint256)",
    "REF_2(uint256)",
    "REF_3(uint256)",
    "REF_4(uint256)",
    "REF_5(uint256)",
    "REF_6(uint256)",
    "REF_7(",
    "REF_7(uint256)",
    "REF_8(",
    "REF_8(uint256)",
    "REF_9(uint256)",
    "Transfer(address(0),owner,balances",
    "balances",
    "balances) := _totalSupply(uint256)\"]",
    "balances) = REF_10 - value\"]",
    "balances) = REF_7 - value\"]",
    "balances) = REF_8 + value\"]",
    "require(bool)(balances"
  ],
  "edges": [
    {
      "source": "0",
      "target": "1"
    },
    {
      "source": "1",
      "target": "2"
    },
    {
      "source": "0",
      "target": "1"
    },
    {
      "source": "REF_3(uint256)",
      "target": "balances"
    },
    {
      "source": "0",
      "target": "1"
    },
    {
      "source": "1",
      "target": "2"
    },
    {
      "source": "2",
      "target": "3"
    },
    {
      "source": "3",
      "target": "4"
    },
    {
      "source": "4",
      "target": "5"
    },
    {
      "source": "5",
      "target": "6"
    },
    {
      "source": "6",
      "target": "7"
    },
    {
      "source": "7",
      "target": "8"
    },
    {
      "source": "8",
      "target": "9"
    },
    {
      "source": "9",
      "target": "10"
    },
    {
      "source": "10",
      "target": "11"
    },
    {
      "source": "11",
      "target": "12"
    },
    {
      "source": "12",
      "target": "13"
    },
    {
      "source": "13",
      "target": "14"
    },
    {
      "source": "14",
      "target": "15"
    },
    {
      "source": "15",
      "target": "16"
    },
    {
      "source": "16",
      "target": "17"
    },
    {
      "source": "17",
      "target": "18"
    },
    {
      "source": "18",
      "target": "19"
    },
    {
      "source": "19",
      "target": "20"
    },
    {
      "source": "20",
      "target": "21"
    },
    {
      "source": "21",
      "target": "22"
    },
    {
      "source": "22",
      "target": "23"
    },
    {
      "source": "23",
      "target": "24"
    },
    {
      "source": "24",
      "target": "25"
    },
    {
      "source": "25",
      "target": "26"
    },
    {
      "source": "26",
      "target": "27"
    },
    {
      "source": "27",
      "target": "28"
    },
    {
      "source": "28",
      "target": "29"
    },
    {
      "source": "29",
      "target": "30"
    },
    {
      "source": "REF_0(uint256)",
      "target": "balances"
    },
    {
      "source": "REF_0(uint256) (",
      "target": "balances) := _totalSupply(uint256)\"]"
    },
    {
      "source": "30",
      "target": "31"
    },
    {
      "source": "REF_1(uint256)",
      "target": "balances"
    },
    {
      "source": "31",
      "target": "32"
    },
    {
      "source": "32",
      "target": "33"
    },
    {
      "source": "33",
      "target": "34"
    },
    {
      "source": "34",
      "target": "35"
    },
    {
      "source": "35",
      "target": "36"
    },
    {
      "source": "36",
      "target": "37"
    },
    {
      "source": "37",
      "target": "38"
    },
    {
      "source": "38",
      "target": "39"
    },
    {
      "source": "39",
      "target": "40"
    },
    {
      "source": "40",
      "target": "41"
    },
    {
      "source": "41",
      "target": "42"
    },
    {
      "source": "42",
      "target": "43"
    },
    {
      "source": "43",
      "target": "44"
    },
    {
      "source": "44",
      "target": "45"
    },
    {
      "source": "REF_2(uint256)",
      "target": "balances"
    },
    {
      "source": "0",
      "target": "1"
    },
    {
      "source": "REF_9(uint256)",
      "target": "balances"
    },
    {
      "source": "1",
      "target": "2"
    },
    {
      "source": "2",
      "target": "3"
    },
    {
      "source": "REF_10(uint256)",
      "target": "balances"
    },
    {
      "source": "REF_10(",
      "target": "balances) = REF_10 - value\"]"
    },
    {
      "source": "3",
      "target": "4"
    },
    {
      "source": "4",
      "target": "5"
    },
    {
      "source": "0",
      "target": "1"
    },
    {
      "source": "0",
      "target": "1"
    },
    {
      "source": "1",
      "target": "2"
    },
    {
      "source": "0",
      "target": "1"
    },
    {
      "source": "0",
      "target": "1"
    },
    {
      "source": "1",
      "target": "2"
    },
    {
      "source": "2",
      "target": "3"
    },
    {
      "source": "3",
      "target": "4"
    },
    {
      "source": "REF_4(uint256)",
      "target": "balances"
    },
    {
      "source": "4",
      "target": "5"
    },
    {
      "source": "REF_5(uint256)",
      "target": "balances"
    },
    {
      "source": "REF_6(uint256)",
      "target": "balances"
    },
    {
      "source": "5",
      "target": "6"
    },
    {
      "source": "6",
      "target": "7"
    },
    {
      "source": "6",
      "target": "8"
    },
    {
      "source": "7",
      "target": "8"
    },
    {
      "source": "8",
      "target": "9"
    },
    {
      "source": "9",
      "target": "10"
    },
    {
      "source": "9",
      "target": "11"
    },
    {
      "source": "10",
      "target": "11"
    },
    {
      "source": "11",
      "target": "12"
    },
    {
      "source": "12",
      "target": "13"
    },
    {
      "source": "12",
      "target": "14"
    },
    {
      "source": "13",
      "target": "14"
    },
    {
      "source": "14",
      "target": "15"
    },
    {
      "source": "REF_7(uint256)",
      "target": "balances"
    },
    {
      "source": "REF_7(",
      "target": "balances) = REF_7 - value\"]"
    },
    {
      "source": "15",
      "target": "16"
    },
    {
      "source": "REF_8(uint256)",
      "target": "balances"
    },
    {
      "source": "REF_8(",
      "target": "balances) = REF_8 + value\"]"
    },
    {
      "source": "16",
      "target": "17"
    },
    {
      "source": "17",
      "target": "18"
    }
  ]
}