{
  "nodes": [
    "0",
    "1",
    "10",
    "11",
    "2",
    "3",
    "4",
    "5",
    "6",
    "7",
    "8",
    "9",
    "REF_0(uint256)",
    "REF_0(uint256) (",
    "REF_1",
    "REF_1(mapping(address => uint256))",
    "REF_10(",
    "REF_10(uint256)",
    "REF_11(",
    "REF_11(uint256)",
    "REF_12",
    "REF_12(mapping(address => uint256))",
    "REF_13(",
    "REF_13(uint256)",
    "REF_14(uint256)",
    "REF_15",
    "REF_15(mapping(address => uint256))",
    "REF_16(uint256)",
    "REF_16(uint256) (",
    "REF_17",
    "REF_17(mapping(address => uint256))",
    "REF_18(uint256)",
    "REF_19(uint256)",
    "REF_19(uint256) (",
    "REF_2(uint256)",
    "REF_2(uint256) (",
    "REF_20",
    "REF_20(mapping(address => uint256))",
    "REF_21(uint256)",
    "REF_21(uint256) (",
    "REF_23(uint256)",
    "REF_24(",
    "REF_24(uint256)",
    "REF_25(",
    "REF_25(uint256)",
    "REF_26(uint256)",
    "REF_27",
    "REF_27(mapping(address => uint256))",
    "REF_28(uint256)",
    "REF_29(",
    "REF_29(uint256)",
    "REF_30(",
    "REF_30(uint256)",
    "REF_31",
    "REF_31(mapping(address => uint256))",
    "REF_32(",
    "REF_32(uint256)",
    "REF_33(uint256)",
    "REF_34",
    "REF_34(mapping(address => uint256))",
    "REF_35(uint256)",
    "REF_35(uint256) (",
    "REF_36",
    "REF_36(mapping(address => uint256))",
    "REF_37(uint256)",
    "REF_4(uint256)",
    "REF_5(",
    "REF_5(uint256)",
    "REF_6(",
    "REF_6(uint256)",
    "REF_7(uint256)",
    "REF_8",
    "REF_8(mapping(address => uint256))",
    "REF_9(uint256)",
    "TMP_3(bool) = LOW_LEVEL_CALL, dest:_spender, function:call, arguments:",
    "TMP_35(bool) = LOW_LEVEL_CALL, dest:_spender, function:call, arguments:",
    "allowed",
    "allowed) := _value(uint256)\"]",
    "allowed) = REF_13 - _value\"]",
    "allowed) = REF_32 - _value\"]",
    "balances",
    "balances) := _initialAmount(uint256)\"]",
    "balances) = REF_10 + _value\"]",
    "balances) = REF_11 - _value\"]",
    "balances) = REF_24 - _value\"]",
    "balances) = REF_25 + _value\"]",
    "balances) = REF_29 + _value\"]",
    "balances) = REF_30 - _value\"]",
    "balances) = REF_5 - _value\"]",
    "balances) = REF_6 + _value\"]"
  ],
  "edges": [
    {
      "source": "0",
      "target": "1"
    },
    {
      "source": "REF_34(mapping(address => uint256))",
      "target": "allowed"
    },
    {
      "source": "REF_35(uint256)",
      "target": "REF_34"
    },
    {
      "source": "REF_35(uint256) (",
      "target": "allowed) := _value(uint256)\"]"
    },
    {
      "source": "1",
      "target": "2"
    },
    {
      "source": "2",
      "target": "3"
    },
    {
      "source": "0",
      "target": "1"
    },
    {
      "source": "0",
      "target": "1"
    },
    {
      "source": "1",
      "target": "2"
    },
    {
      "source": "1",
      "target": "3"
    },
    {
      "source": "2",
      "target": "3"
    },
    {
      "source": "0",
      "target": "1"
    },
    {
      "source": "REF_33(uint256)",
      "target": "balances"
    },
    {
      "source": "0",
      "target": "1"
    },
    {
      "source": "REF_20(mapping(address => uint256))",
      "target": "allowed"
    },
    {
      "source": "REF_21(uint256)",
      "target": "REF_20"
    },
    {
      "source": "REF_21(uint256) (",
      "target": "allowed) := _value(uint256)\"]"
    },
    {
      "source": "1",
      "target": "2"
    },
    {
      "source": "2",
      "target": "3"
    },
    {
      "source": "3",
      "target": "4"
    },
    {
      "source": "3",
      "target": "5"
    },
    {
      "source": "5",
      "target": "6"
    },
    {
      "source": "0",
      "target": "1"
    },
    {
      "source": "REF_36(mapping(address => uint256))",
      "target": "allowed"
    },
    {
      "source": "REF_37(uint256)",
      "target": "REF_36"
    },
    {
      "source": "0",
      "target": "9"
    },
    {
      "source": "REF_26(uint256)",
      "target": "balances"
    },
    {
      "source": "REF_27(mapping(address => uint256))",
      "target": "allowed"
    },
    {
      "source": "REF_28(uint256)",
      "target": "REF_27"
    },
    {
      "source": "1",
      "target": "2"
    },
    {
      "source": "1",
      "target": "7"
    },
    {
      "source": "REF_29(uint256)",
      "target": "balances"
    },
    {
      "source": "REF_29(",
      "target": "balances) = REF_29 + _value\"]"
    },
    {
      "source": "2",
      "target": "3"
    },
    {
      "source": "REF_30(uint256)",
      "target": "balances"
    },
    {
      "source": "REF_30(",
      "target": "balances) = REF_30 - _value\"]"
    },
    {
      "source": "3",
      "target": "4"
    },
    {
      "source": "REF_31(mapping(address => uint256))",
      "target": "allowed"
    },
    {
      "source": "REF_32(uint256)",
      "target": "REF_31"
    },
    {
      "source": "REF_32(",
      "target": "allowed) = REF_32 - _value\"]"
    },
    {
      "source": "4",
      "target": "5"
    },
    {
      "source": "5",
      "target": "6"
    },
    {
      "source": "9",
      "target": "10"
    },
    {
      "source": "10",
      "target": "1"
    },
    {
      "source": "0",
      "target": "1"
    },
    {
      "source": "1",
      "target": "2"
    },
    {
      "source": "1",
      "target": "3"
    },
    {
      "source": "2",
      "target": "3"
    },
    {
      "source": "0",
      "target": "8"
    },
    {
      "source": "REF_4(uint256)",
      "target": "balances"
    },
    {
      "source": "1",
      "target": "2"
    },
    {
      "source": "1",
      "target": "6"
    },
    {
      "source": "REF_5(uint256)",
      "target": "balances"
    },
    {
      "source": "REF_5(",
      "target": "balances) = REF_5 - _value\"]"
    },
    {
      "source": "2",
      "target": "3"
    },
    {
      "source": "REF_6(uint256)",
      "target": "balances"
    },
    {
      "source": "REF_6(",
      "target": "balances) = REF_6 + _value\"]"
    },
    {
      "source": "3",
      "target": "4"
    },
    {
      "source": "4",
      "target": "5"
    },
    {
      "source": "8",
      "target": "9"
    },
    {
      "source": "9",
      "target": "1"
    },
    {
      "source": "0",
      "target": "1"
    },
    {
      "source": "0",
      "target": "4"
    },
    {
      "source": "1",
      "target": "2"
    },
    {
      "source": "2",
      "target": "3"
    },
    {
      "source": "4",
      "target": "1"
    },
    {
      "source": "0",
      "target": "4"
    },
    {
      "source": "1",
      "target": "2"
    },
    {
      "source": "2",
      "target": "3"
    },
    {
      "source": "4",
      "target": "1"
    },
    {
      "source": "0",
      "target": "1"
    },
    {
      "source": "REF_17(mapping(address => uint256))",
      "target": "allowed"
    },
    {
      "source": "REF_18(uint256)",
      "target": "REF_17"
    },
    {
      "source": "0",
      "target": "8"
    },
    {
      "source": "REF_23(uint256)",
      "target": "balances"
    },
    {
      "source": "1",
      "target": "2"
    },
    {
      "source": "1",
      "target": "6"
    },
    {
      "source": "REF_24(uint256)",
      "target": "balances"
    },
    {
      "source": "REF_24(",
      "target": "balances) = REF_24 - _value\"]"
    },
    {
      "source": "2",
      "target": "3"
    },
    {
      "source": "REF_25(uint256)",
      "target": "balances"
    },
    {
      "source": "REF_25(",
      "target": "balances) = REF_25 + _value\"]"
    },
    {
      "source": "3",
      "target": "4"
    },
    {
      "source": "4",
      "target": "5"
    },
    {
      "source": "8",
      "target": "9"
    },
    {
      "source": "9",
      "target": "1"
    },
    {
      "source": "0",
      "target": "1"
    },
    {
      "source": "REF_14(uint256)",
      "target": "balances"
    },
    {
      "source": "0",
      "target": "1"
    },
    {
      "source": "REF_1(mapping(address => uint256))",
      "target": "allowed"
    },
    {
      "source": "REF_2(uint256)",
      "target": "REF_1"
    },
    {
      "source": "REF_2(uint256) (",
      "target": "allowed) := _value(uint256)\"]"
    },
    {
      "source": "1",
      "target": "2"
    },
    {
      "source": "2",
      "target": "3"
    },
    {
      "source": "3",
      "target": "4"
    },
    {
      "source": "3",
      "target": "5"
    },
    {
      "source": "5",
      "target": "6"
    },
    {
      "source": "0",
      "target": "1"
    },
    {
      "source": "REF_15(mapping(address => uint256))",
      "target": "allowed"
    },
    {
      "source": "REF_16(uint256)",
      "target": "REF_15"
    },
    {
      "source": "REF_16(uint256) (",
      "target": "allowed) := _value(uint256)\"]"
    },
    {
      "source": "1",
      "target": "2"
    },
    {
      "source": "2",
      "target": "3"
    },
    {
      "source": "0",
      "target": "1"
    },
    {
      "source": "REF_0(uint256)",
      "target": "balances"
    },
    {
      "source": "REF_0(uint256) (",
      "target": "balances) := _initialAmount(uint256)\"]"
    },
    {
      "source": "1",
      "target": "2"
    },
    {
      "source": "2",
      "target": "3"
    },
    {
      "source": "3",
      "target": "4"
    },
    {
      "source": "4",
      "target": "5"
    },
    {
      "source": "5",
      "target": "6"
    },
    {
      "source": "6",
      "target": "7"
    },
    {
      "source": "0",
      "target": "4"
    },
    {
      "source": "1",
      "target": "2"
    },
    {
      "source": "2",
      "target": "3"
    },
    {
      "source": "4",
      "target": "1"
    },
    {
      "source": "0",
      "target": "1"
    },
    {
      "source": "1",
      "target": "2"
    },
    {
      "source": "1",
      "target": "3"
    },
    {
      "source": "2",
      "target": "3"
    },
    {
      "source": "0",
      "target": "1"
    },
    {
      "source": "1",
      "target": "2"
    },
    {
      "source": "1",
      "target": "3"
    },
    {
      "source": "2",
      "target": "3"
    },
    {
      "source": "0",
      "target": "1"
    },
    {
      "source": "0",
      "target": "4"
    },
    {
      "source": "1",
      "target": "2"
    },
    {
      "source": "2",
      "target": "3"
    },
    {
      "source": "4",
      "target": "1"
    },
    {
      "source": "0",
      "target": "1"
    },
    {
      "source": "1",
      "target": "2"
    },
    {
      "source": "1",
      "target": "3"
    },
    {
      "source": "2",
      "target": "3"
    },
    {
      "source": "0",
      "target": "9"
    },
    {
      "source": "REF_7(uint256)",
      "target": "balances"
    },
    {
      "source": "REF_8(mapping(address => uint256))",
      "target": "allowed"
    },
    {
      "source": "REF_9(uint256)",
      "target": "REF_8"
    },
    {
      "source": "1",
      "target": "2"
    },
    {
      "source": "1",
      "target": "7"
    },
    {
      "source": "REF_10(uint256)",
      "target": "balances"
    },
    {
      "source": "REF_10(",
      "target": "balances) = REF_10 + _value\"]"
    },
    {
      "source": "2",
      "target": "3"
    },
    {
      "source": "REF_11(uint256)",
      "target": "balances"
    },
    {
      "source": "REF_11(",
      "target": "balances) = REF_11 - _value\"]"
    },
    {
      "source": "3",
      "target": "4"
    },
    {
      "source": "REF_12(mapping(address => uint256))",
      "target": "allowed"
    },
    {
      "source": "REF_13(uint256)",
      "target": "REF_12"
    },
    {
      "source": "REF_13(",
      "target": "allowed) = REF_13 - _value\"]"
    },
    {
      "source": "4",
      "target": "5"
    },
    {
      "source": "5",
      "target": "6"
    },
    {
      "source": "9",
      "target": "10"
    },
    {
      "source": "10",
      "target": "1"
    },
    {
      "source": "0",
      "target": "1"
    },
    {
      "source": "REF_19(uint256)",
      "target": "balances"
    },
    {
      "source": "REF_19(uint256) (",
      "target": "balances) := _initialAmount(uint256)\"]"
    },
    {
      "source": "1",
      "target": "2"
    },
    {
      "source": "2",
      "target": "3"
    },
    {
      "source": "3",
      "target": "4"
    },
    {
      "source": "4",
      "target": "5"
    },
    {
      "source": "5",
      "target": "6"
    },
    {
      "source": "6",
      "target": "7"
    },
    {
      "source": "0",
      "target": "2"
    },
    {
      "source": "2",
      "target": "1"
    },
    {
      "source": "0",
      "target": "1"
    },
    {
      "source": "1",
      "target": "2"
    },
    {
      "source": "1",
      "target": "3"
    },
    {
      "source": "2",
      "target": "3"
    }
  ]
}