{
  "nodes": [
    "0",
    "1",
    "10",
    "11",
    "12",
    "13",
    "2",
    "3",
    "4",
    "5",
    "6",
    "7",
    "8",
    "9",
    "LENGTH returndata",
    "None) := 157198259(bytes4)",
    "None) := 2835717307(bytes4)",
    "None) := 599290589(bytes4)",
    "REF_12",
    "REF_14(uint256)",
    "REF_15",
    "REF_15(mapping(address => uint256))",
    "REF_16(uint256)",
    "REF_17",
    "REF_17(mapping(address => uint256))",
    "REF_18(uint256)",
    "REF_2(bytes4) (",
    "REF_20",
    "REF_20(mapping(address => uint256))",
    "REF_21(uint256)",
    "REF_23",
    "REF_23(mapping(address => uint256))",
    "REF_24(uint256)",
    "REF_26(uint256)",
    "REF_26(uint256) (",
    "REF_27(uint256)",
    "REF_29(uint256)",
    "REF_29(uint256) (",
    "REF_30(uint256)",
    "REF_33(uint256)",
    "REF_33(uint256) (",
    "REF_34(uint256)",
    "REF_36(uint256)",
    "REF_36(uint256) (",
    "REF_37(uint256)",
    "REF_40",
    "REF_40(mapping(address => uint256))",
    "REF_41(uint256)",
    "REF_41(uint256) (",
    "REF_42",
    "REF_42(mapping(address => uint256))",
    "REF_43(uint256)",
    "REF_44",
    "REF_44(mapping(address => uint256))",
    "REF_45(",
    "REF_45(uint256)",
    "REF_46(uint256)",
    "REF_47(",
    "REF_47(uint256)",
    "REF_48(",
    "REF_48(uint256)",
    "REF_49",
    "REF_49(mapping(address => uint256))",
    "REF_5(bytes4) (",
    "REF_50(uint256)",
    "REF_50(uint256) (",
    "REF_53(uint256)",
    "REF_53(uint256) (",
    "REF_54",
    "REF_54(mapping(address => uint256))",
    "REF_55(uint256)",
    "REF_55(uint256) (",
    "REF_9(bytes4) (",
    "TMP_25(uint256) = HIGH_LEVEL_CALL, dest:token(IERC20), function:allowance, arguments:",
    "TMP_32(bool) = LIBRARY_CALL, dest:Address, function:Address.isContract(address), arguments:",
    "TMP_46(uint256) = LIBRARY_CALL, dest:SafeMath, function:SafeMath.sub(uint256,uint256,string), arguments:",
    "TMP_50(uint256) = LIBRARY_CALL, dest:SafeMath, function:SafeMath.add(uint256,uint256), arguments:",
    "TMP_54(uint256) = LIBRARY_CALL, dest:SafeMath, function:SafeMath.sub(uint256,uint256,string), arguments:",
    "TMP_62(uint256) = LIBRARY_CALL, dest:SafeMath, function:SafeMath.sub(uint256,uint256,string), arguments:",
    "TMP_63(uint256) = LIBRARY_CALL, dest:SafeMath, function:SafeMath.add(uint256,uint256), arguments:",
    "TMP_68(uint256) = LIBRARY_CALL, dest:SafeMath, function:SafeMath.add(uint256,uint256), arguments:",
    "TMP_69(uint256) = LIBRARY_CALL, dest:SafeMath, function:SafeMath.add(uint256,uint256), arguments:",
    "TMP_75(uint256) = LIBRARY_CALL, dest:SafeMath, function:SafeMath.sub(uint256,uint256,string), arguments:",
    "TMP_76(uint256) = LIBRARY_CALL, dest:SafeMath, function:SafeMath.sub(uint256,uint256), arguments:",
    "TUPLE_0(bool,bytes) = LOW_LEVEL_CALL, dest:TMP_34, function:call, arguments:",
    "_allowances",
    "_allowances) := amount(uint256)\"]",
    "_approve(_msgSender(),spender,_allowances",
    "_approve(sender,_msgSender(),_allowances",
    "_balances",
    "_balances) := TMP_62(uint256)\"]",
    "_balances) := TMP_63(uint256)\"]",
    "_balances) := TMP_69(uint256)\"]",
    "_balances) := TMP_75(uint256)\"]",
    "allowance",
    "allowance) := TMP_104(uint256)\"]",
    "allowance) := _value(uint256)\"]",
    "allowance) = REF_45 - _value\"]",
    "balanceOf",
    "balanceOf) := totalSupply(uint256)\"]",
    "balanceOf) = REF_47 - _value\"]",
    "balanceOf) = REF_48 + _value\"]",
    "require(bool)(allowance",
    "require(bool)(balanceOf"
  ],
  "edges": [
    {
      "source": "0",
      "target": "1"
    },
    {
      "source": "1",
      "target": "2"
    },
    {
      "source": "2",
      "target": "3"
    },
    {
      "source": "REF_33(uint256)",
      "target": "_balances"
    },
    {
      "source": "REF_34(uint256)",
      "target": "_balances"
    },
    {
      "source": "REF_33(uint256) (",
      "target": "_balances) := TMP_69(uint256)\"]"
    },
    {
      "source": "3",
      "target": "4"
    },
    {
      "source": "0",
      "target": "1"
    },
    {
      "source": "REF_20(mapping(address => uint256))",
      "target": "_allowances"
    },
    {
      "source": "REF_21(uint256)",
      "target": "REF_20"
    },
    {
      "source": "1",
      "target": "2"
    },
    {
      "source": "0",
      "target": "1"
    },
    {
      "source": "1",
      "target": "2"
    },
    {
      "source": "2",
      "target": "3"
    },
    {
      "source": "0",
      "target": "1"
    },
    {
      "source": "1",
      "target": "2"
    },
    {
      "source": "2",
      "target": "3"
    },
    {
      "source": "REF_26(uint256)",
      "target": "_balances"
    },
    {
      "source": "REF_27(uint256)",
      "target": "_balances"
    },
    {
      "source": "REF_26(uint256) (",
      "target": "_balances) := TMP_62(uint256)\"]"
    },
    {
      "source": "3",
      "target": "4"
    },
    {
      "source": "REF_29(uint256)",
      "target": "_balances"
    },
    {
      "source": "REF_30(uint256)",
      "target": "_balances"
    },
    {
      "source": "REF_29(uint256) (",
      "target": "_balances) := TMP_63(uint256)\"]"
    },
    {
      "source": "4",
      "target": "5"
    },
    {
      "source": "0",
      "target": "1"
    },
    {
      "source": "1",
      "target": "2"
    },
    {
      "source": "0",
      "target": "1"
    },
    {
      "source": "1",
      "target": "2"
    },
    {
      "source": "1",
      "target": "3"
    },
    {
      "source": "3",
      "target": "4"
    },
    {
      "source": "4",
      "target": "5"
    },
    {
      "source": "5",
      "target": "6"
    },
    {
      "source": "0",
      "target": "1"
    },
    {
      "source": "0",
      "target": "1"
    },
    {
      "source": "REF_5(bytes4) (",
      "target": "None) := 599290589(bytes4)"
    },
    {
      "source": "0",
      "target": "1"
    },
    {
      "source": "1",
      "target": "2"
    },
    {
      "source": "2",
      "target": "3"
    },
    {
      "source": "0",
      "target": "1"
    },
    {
      "source": "0",
      "target": "1"
    },
    {
      "source": "1",
      "target": "2"
    },
    {
      "source": "REF_36(uint256)",
      "target": "_balances"
    },
    {
      "source": "REF_37(uint256)",
      "target": "_balances"
    },
    {
      "source": "REF_36(uint256) (",
      "target": "_balances) := TMP_75(uint256)\"]"
    },
    {
      "source": "2",
      "target": "3"
    },
    {
      "source": "3",
      "target": "4"
    },
    {
      "source": "0",
      "target": "1"
    },
    {
      "source": "1",
      "target": "2"
    },
    {
      "source": "2",
      "target": "5"
    },
    {
      "source": "4",
      "target": "9"
    },
    {
      "source": "5",
      "target": "6"
    },
    {
      "source": "5",
      "target": "7"
    },
    {
      "source": "6",
      "target": "8"
    },
    {
      "source": "7",
      "target": "8"
    },
    {
      "source": "8",
      "target": "4"
    },
    {
      "source": "0",
      "target": "1"
    },
    {
      "source": "0",
      "target": "1"
    },
    {
      "source": "1",
      "target": "2"
    },
    {
      "source": "REF_17(mapping(address => uint256))",
      "target": "_allowances"
    },
    {
      "source": "REF_18(uint256)",
      "target": "REF_17"
    },
    {
      "source": "2",
      "target": "3"
    },
    {
      "source": "0",
      "target": "1"
    },
    {
      "source": "1",
      "target": "2"
    },
    {
      "source": "0",
      "target": "1"
    },
    {
      "source": "1",
      "target": "2"
    },
    {
      "source": "2",
      "target": "3"
    },
    {
      "source": "3",
      "target": "4"
    },
    {
      "source": "4",
      "target": "5"
    },
    {
      "source": "REF_53(uint256)",
      "target": "balanceOf"
    },
    {
      "source": "REF_53(uint256) (",
      "target": "balanceOf) := totalSupply(uint256)\"]"
    },
    {
      "source": "5",
      "target": "6"
    },
    {
      "source": "REF_54(mapping(address => uint256))",
      "target": "allowance"
    },
    {
      "source": "REF_55(uint256)",
      "target": "REF_54"
    },
    {
      "source": "REF_55(uint256) (",
      "target": "allowance) := TMP_104(uint256)\"]"
    },
    {
      "source": "6",
      "target": "7"
    },
    {
      "source": "0",
      "target": "1"
    },
    {
      "source": "1",
      "target": "2"
    },
    {
      "source": "REF_9(bytes4) (",
      "target": "None) := 157198259(bytes4)"
    },
    {
      "source": "0",
      "target": "1"
    },
    {
      "source": "0",
      "target": "13"
    },
    {
      "source": "1",
      "target": "2"
    },
    {
      "source": "1",
      "target": "3"
    },
    {
      "source": "3",
      "target": "4"
    },
    {
      "source": "4",
      "target": "5"
    },
    {
      "source": "4",
      "target": "7"
    },
    {
      "source": "REF_42(mapping(address => uint256))",
      "target": "allowance"
    },
    {
      "source": "REF_43(uint256)",
      "target": "REF_42"
    },
    {
      "source": "5",
      "target": "6"
    },
    {
      "source": "REF_44(mapping(address => uint256))",
      "target": "allowance"
    },
    {
      "source": "REF_45(uint256)",
      "target": "REF_44"
    },
    {
      "source": "REF_45(",
      "target": "allowance) = REF_45 - _value\"]"
    },
    {
      "source": "6",
      "target": "7"
    },
    {
      "source": "7",
      "target": "8"
    },
    {
      "source": "REF_46(uint256)",
      "target": "balanceOf"
    },
    {
      "source": "8",
      "target": "9"
    },
    {
      "source": "REF_47(uint256)",
      "target": "balanceOf"
    },
    {
      "source": "REF_47(",
      "target": "balanceOf) = REF_47 - _value\"]"
    },
    {
      "source": "9",
      "target": "10"
    },
    {
      "source": "REF_48(uint256)",
      "target": "balanceOf"
    },
    {
      "source": "REF_48(",
      "target": "balanceOf) = REF_48 + _value\"]"
    },
    {
      "source": "10",
      "target": "11"
    },
    {
      "source": "11",
      "target": "12"
    },
    {
      "source": "13",
      "target": "1"
    },
    {
      "source": "0",
      "target": "1"
    },
    {
      "source": "REF_49(mapping(address => uint256))",
      "target": "allowance"
    },
    {
      "source": "REF_50(uint256)",
      "target": "REF_49"
    },
    {
      "source": "REF_50(uint256) (",
      "target": "allowance) := _value(uint256)\"]"
    },
    {
      "source": "1",
      "target": "2"
    },
    {
      "source": "2",
      "target": "3"
    },
    {
      "source": "0",
      "target": "1"
    },
    {
      "source": "0",
      "target": "1"
    },
    {
      "source": "0",
      "target": "1"
    },
    {
      "source": "1",
      "target": "2"
    },
    {
      "source": "2",
      "target": "3"
    },
    {
      "source": "3",
      "target": "4"
    },
    {
      "source": "4",
      "target": "5"
    },
    {
      "source": "5",
      "target": "6"
    },
    {
      "source": "REF_12",
      "target": "LENGTH returndata"
    },
    {
      "source": "6",
      "target": "7"
    },
    {
      "source": "6",
      "target": "8"
    },
    {
      "source": "7",
      "target": "8"
    },
    {
      "source": "0",
      "target": "1"
    },
    {
      "source": "REF_2(bytes4) (",
      "target": "None) := 2835717307(bytes4)"
    },
    {
      "source": "0",
      "target": "1"
    },
    {
      "source": "1",
      "target": "2"
    },
    {
      "source": "2",
      "target": "3"
    },
    {
      "source": "REF_40(mapping(address => uint256))",
      "target": "_allowances"
    },
    {
      "source": "REF_41(uint256)",
      "target": "REF_40"
    },
    {
      "source": "REF_41(uint256) (",
      "target": "_allowances) := amount(uint256)\"]"
    },
    {
      "source": "3",
      "target": "4"
    },
    {
      "source": "0",
      "target": "1"
    },
    {
      "source": "REF_23(mapping(address => uint256))",
      "target": "_allowances"
    },
    {
      "source": "REF_24(uint256)",
      "target": "REF_23"
    },
    {
      "source": "1",
      "target": "2"
    },
    {
      "source": "0",
      "target": "1"
    },
    {
      "source": "1",
      "target": "2"
    },
    {
      "source": "2",
      "target": "3"
    },
    {
      "source": "3",
      "target": "4"
    },
    {
      "source": "4",
      "target": "5"
    },
    {
      "source": "0",
      "target": "1"
    },
    {
      "source": "REF_15(mapping(address => uint256))",
      "target": "_allowances"
    },
    {
      "source": "REF_16(uint256)",
      "target": "REF_15"
    },
    {
      "source": "0",
      "target": "1"
    },
    {
      "source": "0",
      "target": "1"
    },
    {
      "source": "1",
      "target": "2"
    },
    {
      "source": "2",
      "target": "3"
    },
    {
      "source": "0",
      "target": "1"
    },
    {
      "source": "0",
      "target": "1"
    },
    {
      "source": "0",
      "target": "1"
    },
    {
      "source": "1",
      "target": "2"
    },
    {
      "source": "2",
      "target": "3"
    },
    {
      "source": "0",
      "target": "1"
    },
    {
      "source": "0",
      "target": "1"
    },
    {
      "source": "REF_14(uint256)",
      "target": "_balances"
    },
    {
      "source": "0",
      "target": "1"
    },
    {
      "source": "1",
      "target": "2"
    },
    {
      "source": "2",
      "target": "3"
    }
  ]
}