{
  "nodes": [
    "0",
    "1",
    "2",
    "3",
    "4",
    "5",
    "6",
    "7",
    "8",
    "Approval(msg.sender,_spender,allowed",
    "REF_0(uint256)",
    "REF_1(uint256)",
    "REF_1(uint256) (",
    "REF_16(uint256)",
    "REF_17",
    "REF_17(mapping(address => uint256))",
    "REF_18(uint256)",
    "REF_19(uint256)",
    "REF_19(uint256) (",
    "REF_2(uint256)",
    "REF_20(uint256)",
    "REF_22(uint256)",
    "REF_22(uint256) (",
    "REF_23(uint256)",
    "REF_25",
    "REF_25(mapping(address => uint256))",
    "REF_26(uint256)",
    "REF_26(uint256) (",
    "REF_27",
    "REF_27(mapping(address => uint256))",
    "REF_28(uint256)",
    "REF_30",
    "REF_30(mapping(address => uint256))",
    "REF_31(uint256)",
    "REF_31(uint256) (",
    "REF_32",
    "REF_32(mapping(address => uint256))",
    "REF_33(uint256)",
    "REF_34",
    "REF_34(mapping(address => uint256))",
    "REF_35(uint256)",
    "REF_35(uint256) (",
    "REF_36",
    "REF_36(mapping(address => uint256))",
    "REF_37(uint256)",
    "REF_39",
    "REF_39(mapping(address => uint256))",
    "REF_4(uint256)",
    "REF_4(uint256) (",
    "REF_40(uint256)",
    "REF_41",
    "REF_41(mapping(address => uint256))",
    "REF_42(uint256)",
    "REF_43",
    "REF_43(mapping(address => uint256))",
    "REF_44(uint256)",
    "REF_44(uint256) (",
    "REF_45",
    "REF_45(mapping(address => uint256))",
    "REF_46(uint256)",
    "REF_46(uint256) (",
    "REF_48",
    "REF_48(mapping(address => uint256))",
    "REF_49(uint256)",
    "REF_5(uint256)",
    "REF_50(",
    "REF_50(uint256)",
    "REF_51(",
    "REF_51(uint256)",
    "REF_7(uint256)",
    "REF_70",
    "REF_70(mapping(address => uint256))",
    "REF_71(uint256)",
    "REF_71(uint256) (",
    "REF_72",
    "REF_72(mapping(address => uint256))",
    "REF_73(uint256)",
    "REF_75",
    "REF_75(mapping(address => uint256))",
    "REF_76(uint256)",
    "REF_77",
    "REF_77(mapping(address => uint256))",
    "REF_78(uint256)",
    "REF_79",
    "REF_79(mapping(address => uint256))",
    "REF_80(uint256)",
    "REF_80(uint256) (",
    "REF_81",
    "REF_81(mapping(address => uint256))",
    "REF_82(uint256)",
    "REF_82(uint256) (",
    "REF_84",
    "REF_84(mapping(address => uint256))",
    "REF_85(uint256)",
    "REF_86(",
    "REF_86(uint256)",
    "REF_87(",
    "REF_87(uint256)",
    "REF_96(uint256)",
    "REF_96(uint256) (",
    "TMP_17(uint256) = LIBRARY_CALL, dest:SafeMath, function:SafeMath.sub(uint256,uint256), arguments:",
    "TMP_18(uint256) = LIBRARY_CALL, dest:SafeMath, function:SafeMath.add(uint256,uint256), arguments:",
    "TMP_37(uint256) = LIBRARY_CALL, dest:SafeMath, function:SafeMath.sub(uint256,uint256), arguments:",
    "TMP_38(uint256) = LIBRARY_CALL, dest:SafeMath, function:SafeMath.add(uint256,uint256), arguments:",
    "TMP_39(uint256) = LIBRARY_CALL, dest:SafeMath, function:SafeMath.sub(uint256,uint256), arguments:",
    "TMP_42(uint256) = LIBRARY_CALL, dest:SafeMath, function:SafeMath.add(uint256,uint256), arguments:",
    "TMP_45(uint256) = LIBRARY_CALL, dest:SafeMath, function:SafeMath.sub(uint256,uint256), arguments:",
    "TMP_93(uint256) = LIBRARY_CALL, dest:SafeMath, function:SafeMath.add(uint256,uint256), arguments:",
    "TMP_96(uint256) = LIBRARY_CALL, dest:SafeMath, function:SafeMath.sub(uint256,uint256), arguments:",
    "allowed",
    "allowed) := 0(uint256)\"]",
    "allowed) := TMP_39(uint256)\"]",
    "allowed) := TMP_42(uint256)\"]",
    "allowed) := TMP_45(uint256)\"]",
    "allowed) := TMP_93(uint256)\"]",
    "allowed) := TMP_96(uint256)\"]",
    "allowed) := _value(uint256)\"]",
    "balances",
    "balances) := TMP_17(uint256)\"]",
    "balances) := TMP_18(uint256)\"]",
    "balances) := TMP_37(uint256)\"]",
    "balances) := TMP_38(uint256)\"]",
    "balances) := totalSupplyN(uint256)\"]",
    "balances) = REF_50 - TMP_54\"]",
    "balances) = REF_51 + TMP_68\"]",
    "balances) = REF_86 - TMP_105\"]",
    "balances) = REF_87 + TMP_119\"]",
    "oldValue = allowed",
    "require(bool)(_value <= allowed",
    "require(bool)(_value <= balances"
  ],
  "edges": [
    {
      "source": "0",
      "target": "1"
    },
    {
      "source": "1",
      "target": "2"
    },
    {
      "source": "0",
      "target": "1"
    },
    {
      "source": "1",
      "target": "2"
    },
    {
      "source": "REF_0(uint256)",
      "target": "balances"
    },
    {
      "source": "2",
      "target": "3"
    },
    {
      "source": "REF_1(uint256)",
      "target": "balances"
    },
    {
      "source": "REF_2(uint256)",
      "target": "balances"
    },
    {
      "source": "REF_1(uint256) (",
      "target": "balances) := TMP_17(uint256)\"]"
    },
    {
      "source": "3",
      "target": "4"
    },
    {
      "source": "REF_4(uint256)",
      "target": "balances"
    },
    {
      "source": "REF_5(uint256)",
      "target": "balances"
    },
    {
      "source": "REF_4(uint256) (",
      "target": "balances) := TMP_18(uint256)\"]"
    },
    {
      "source": "4",
      "target": "5"
    },
    {
      "source": "5",
      "target": "6"
    },
    {
      "source": "0",
      "target": "1"
    },
    {
      "source": "1",
      "target": "2"
    },
    {
      "source": "2",
      "target": "3"
    },
    {
      "source": "REF_96(uint256)",
      "target": "balances"
    },
    {
      "source": "REF_96(uint256) (",
      "target": "balances) := totalSupplyN(uint256)\"]"
    },
    {
      "source": "3",
      "target": "4"
    },
    {
      "source": "0",
      "target": "1"
    },
    {
      "source": "1",
      "target": "2"
    },
    {
      "source": "2",
      "target": "3"
    },
    {
      "source": "0",
      "target": "1"
    },
    {
      "source": "1",
      "target": "2"
    },
    {
      "source": "0",
      "target": "1"
    },
    {
      "source": "0",
      "target": "1"
    },
    {
      "source": "REF_41(mapping(address => uint256))",
      "target": "allowed"
    },
    {
      "source": "REF_42(uint256)",
      "target": "REF_41"
    },
    {
      "source": "1",
      "target": "2"
    },
    {
      "source": "2",
      "target": "3"
    },
    {
      "source": "2",
      "target": "4"
    },
    {
      "source": "REF_43(mapping(address => uint256))",
      "target": "allowed"
    },
    {
      "source": "REF_44(uint256)",
      "target": "REF_43"
    },
    {
      "source": "REF_44(uint256) (",
      "target": "allowed) := 0(uint256)\"]"
    },
    {
      "source": "3",
      "target": "5"
    },
    {
      "source": "REF_45(mapping(address => uint256))",
      "target": "allowed"
    },
    {
      "source": "REF_46(uint256)",
      "target": "REF_45"
    },
    {
      "source": "REF_46(uint256) (",
      "target": "allowed) := TMP_45(uint256)\"]"
    },
    {
      "source": "4",
      "target": "5"
    },
    {
      "source": "5",
      "target": "6"
    },
    {
      "source": "REF_48(mapping(address => uint256))",
      "target": "allowed"
    },
    {
      "source": "REF_49(uint256)",
      "target": "REF_48"
    },
    {
      "source": "6",
      "target": "7"
    },
    {
      "source": "0",
      "target": "1"
    },
    {
      "source": "REF_77(mapping(address => uint256))",
      "target": "allowed"
    },
    {
      "source": "REF_78(uint256)",
      "target": "REF_77"
    },
    {
      "source": "1",
      "target": "2"
    },
    {
      "source": "2",
      "target": "3"
    },
    {
      "source": "2",
      "target": "4"
    },
    {
      "source": "REF_79(mapping(address => uint256))",
      "target": "allowed"
    },
    {
      "source": "REF_80(uint256)",
      "target": "REF_79"
    },
    {
      "source": "REF_80(uint256) (",
      "target": "allowed) := 0(uint256)\"]"
    },
    {
      "source": "3",
      "target": "5"
    },
    {
      "source": "REF_81(mapping(address => uint256))",
      "target": "allowed"
    },
    {
      "source": "REF_82(uint256)",
      "target": "REF_81"
    },
    {
      "source": "REF_82(uint256) (",
      "target": "allowed) := TMP_96(uint256)\"]"
    },
    {
      "source": "4",
      "target": "5"
    },
    {
      "source": "5",
      "target": "6"
    },
    {
      "source": "REF_84(mapping(address => uint256))",
      "target": "allowed"
    },
    {
      "source": "REF_85(uint256)",
      "target": "REF_84"
    },
    {
      "source": "6",
      "target": "7"
    },
    {
      "source": "0",
      "target": "5"
    },
    {
      "source": "1",
      "target": "2"
    },
    {
      "source": "REF_51(uint256)",
      "target": "balances"
    },
    {
      "source": "REF_51(",
      "target": "balances) = REF_51 + TMP_68\"]"
    },
    {
      "source": "2",
      "target": "3"
    },
    {
      "source": "3",
      "target": "4"
    },
    {
      "source": "5",
      "target": "1"
    },
    {
      "source": "0",
      "target": "1"
    },
    {
      "source": "REF_70(mapping(address => uint256))",
      "target": "allowed"
    },
    {
      "source": "REF_71(uint256)",
      "target": "REF_70"
    },
    {
      "source": "REF_72(mapping(address => uint256))",
      "target": "allowed"
    },
    {
      "source": "REF_73(uint256)",
      "target": "REF_72"
    },
    {
      "source": "REF_71(uint256) (",
      "target": "allowed) := TMP_93(uint256)\"]"
    },
    {
      "source": "1",
      "target": "2"
    },
    {
      "source": "REF_75(mapping(address => uint256))",
      "target": "allowed"
    },
    {
      "source": "REF_76(uint256)",
      "target": "REF_75"
    },
    {
      "source": "2",
      "target": "3"
    },
    {
      "source": "0",
      "target": "5"
    },
    {
      "source": "1",
      "target": "2"
    },
    {
      "source": "REF_87(uint256)",
      "target": "balances"
    },
    {
      "source": "REF_87(",
      "target": "balances) = REF_87 + TMP_119\"]"
    },
    {
      "source": "2",
      "target": "3"
    },
    {
      "source": "3",
      "target": "4"
    },
    {
      "source": "5",
      "target": "1"
    },
    {
      "source": "0",
      "target": "1"
    },
    {
      "source": "1",
      "target": "2"
    },
    {
      "source": "0",
      "target": "5"
    },
    {
      "source": "1",
      "target": "2"
    },
    {
      "source": "REF_86(uint256)",
      "target": "balances"
    },
    {
      "source": "REF_86(",
      "target": "balances) = REF_86 - TMP_105\"]"
    },
    {
      "source": "2",
      "target": "3"
    },
    {
      "source": "3",
      "target": "4"
    },
    {
      "source": "5",
      "target": "1"
    },
    {
      "source": "0",
      "target": "1"
    },
    {
      "source": "1",
      "target": "2"
    },
    {
      "source": "0",
      "target": "5"
    },
    {
      "source": "1",
      "target": "2"
    },
    {
      "source": "REF_50(uint256)",
      "target": "balances"
    },
    {
      "source": "REF_50(",
      "target": "balances) = REF_50 - TMP_54\"]"
    },
    {
      "source": "2",
      "target": "3"
    },
    {
      "source": "3",
      "target": "4"
    },
    {
      "source": "5",
      "target": "1"
    },
    {
      "source": "0",
      "target": "1"
    },
    {
      "source": "REF_34(mapping(address => uint256))",
      "target": "allowed"
    },
    {
      "source": "REF_35(uint256)",
      "target": "REF_34"
    },
    {
      "source": "REF_36(mapping(address => uint256))",
      "target": "allowed"
    },
    {
      "source": "REF_37(uint256)",
      "target": "REF_36"
    },
    {
      "source": "REF_35(uint256) (",
      "target": "allowed) := TMP_42(uint256)\"]"
    },
    {
      "source": "1",
      "target": "2"
    },
    {
      "source": "REF_39(mapping(address => uint256))",
      "target": "allowed"
    },
    {
      "source": "REF_40(uint256)",
      "target": "REF_39"
    },
    {
      "source": "2",
      "target": "3"
    },
    {
      "source": "0",
      "target": "1"
    },
    {
      "source": "1",
      "target": "2"
    },
    {
      "source": "1",
      "target": "3"
    },
    {
      "source": "3",
      "target": "4"
    },
    {
      "source": "4",
      "target": "5"
    },
    {
      "source": "5",
      "target": "6"
    },
    {
      "source": "0",
      "target": "1"
    },
    {
      "source": "1",
      "target": "2"
    },
    {
      "source": "REF_16(uint256)",
      "target": "balances"
    },
    {
      "source": "2",
      "target": "3"
    },
    {
      "source": "REF_17(mapping(address => uint256))",
      "target": "allowed"
    },
    {
      "source": "REF_18(uint256)",
      "target": "REF_17"
    },
    {
      "source": "3",
      "target": "4"
    },
    {
      "source": "REF_19(uint256)",
      "target": "balances"
    },
    {
      "source": "REF_20(uint256)",
      "target": "balances"
    },
    {
      "source": "REF_19(uint256) (",
      "target": "balances) := TMP_37(uint256)\"]"
    },
    {
      "source": "4",
      "target": "5"
    },
    {
      "source": "REF_22(uint256)",
      "target": "balances"
    },
    {
      "source": "REF_23(uint256)",
      "target": "balances"
    },
    {
      "source": "REF_22(uint256) (",
      "target": "balances) := TMP_38(uint256)\"]"
    },
    {
      "source": "5",
      "target": "6"
    },
    {
      "source": "REF_25(mapping(address => uint256))",
      "target": "allowed"
    },
    {
      "source": "REF_26(uint256)",
      "target": "REF_25"
    },
    {
      "source": "REF_27(mapping(address => uint256))",
      "target": "allowed"
    },
    {
      "source": "REF_28(uint256)",
      "target": "REF_27"
    },
    {
      "source": "REF_26(uint256) (",
      "target": "allowed) := TMP_39(uint256)\"]"
    },
    {
      "source": "6",
      "target": "7"
    },
    {
      "source": "7",
      "target": "8"
    },
    {
      "source": "0",
      "target": "1"
    },
    {
      "source": "REF_32(mapping(address => uint256))",
      "target": "allowed"
    },
    {
      "source": "REF_33(uint256)",
      "target": "REF_32"
    },
    {
      "source": "0",
      "target": "1"
    },
    {
      "source": "REF_7(uint256)",
      "target": "balances"
    },
    {
      "source": "0",
      "target": "1"
    },
    {
      "source": "1",
      "target": "2"
    },
    {
      "source": "0",
      "target": "1"
    },
    {
      "source": "1",
      "target": "2"
    },
    {
      "source": "0",
      "target": "1"
    },
    {
      "source": "REF_30(mapping(address => uint256))",
      "target": "allowed"
    },
    {
      "source": "REF_31(uint256)",
      "target": "REF_30"
    },
    {
      "source": "REF_31(uint256) (",
      "target": "allowed) := _value(uint256)\"]"
    },
    {
      "source": "1",
      "target": "2"
    },
    {
      "source": "2",
      "target": "3"
    }
  ]
}