{
  "nodes": [
    "0",
    "1",
    "2",
    "3",
    "4",
    "5",
    "6",
    "Error(msg.sender,account",
    "Process(msg.sender,account",
    "REF_0(bool)",
    "REF_0(bool) (",
    "REF_1(address)",
    "REF_1(address) (",
    "REF_2(bool)",
    "REF_2(bool) (",
    "REF_3(bool)",
    "REF_4(address)",
    "REF_5(address)",
    "account",
    "account) := walletAddr(address)\"]",
    "allowed",
    "allowed) := False(bool)\"]",
    "allowed) := True(bool)\"]"
  ],
  "edges": [
    {
      "source": "0",
      "target": "1"
    },
    {
      "source": "REF_3(bool)",
      "target": "allowed"
    },
    {
      "source": "1",
      "target": "2"
    },
    {
      "source": "1",
      "target": "4"
    },
    {
      "source": "REF_4(address)",
      "target": "account"
    },
    {
      "source": "2",
      "target": "3"
    },
    {
      "source": "4",
      "target": "5"
    },
    {
      "source": "REF_5(address)",
      "target": "account"
    },
    {
      "source": "5",
      "target": "6"
    },
    {
      "source": "0",
      "target": "2"
    },
    {
      "source": "REF_2(bool)",
      "target": "allowed"
    },
    {
      "source": "REF_2(bool) (",
      "target": "allowed) := False(bool)\"]"
    },
    {
      "source": "2",
      "target": "1"
    },
    {
      "source": "0",
      "target": "3"
    },
    {
      "source": "REF_0(bool)",
      "target": "allowed"
    },
    {
      "source": "REF_0(bool) (",
      "target": "allowed) := True(bool)\"]"
    },
    {
      "source": "1",
      "target": "2"
    },
    {
      "source": "REF_1(address)",
      "target": "account"
    },
    {
      "source": "REF_1(address) (",
      "target": "account) := walletAddr(address)\"]"
    },
    {
      "source": "3",
      "target": "1"
    },
    {
      "source": "0",
      "target": "1"
    },
    {
      "source": "0",
      "target": "1"
    },
    {
      "source": "1",
      "target": "2"
    },
    {
      "source": "1",
      "target": "4"
    },
    {
      "source": "2",
      "target": "3"
    },
    {
      "source": "4",
      "target": "5"
    }
  ]
}