{
  "nodes": [
    "0",
    "1",
    "2",
    "3",
    "4",
    "5",
    "6",
    "7",
    "8",
    "9",
    "INTERNAL_CALL, ArrayUtil.RemoveByIndex(uint256",
    "LENGTH queue",
    "LENGTH values",
    "LIBRARY_CALL, dest:ArrayUtil, function:ArrayUtil.RemoveByValue(uint256",
    "REF_0(uint256)",
    "REF_1",
    "REF_10(UbexContract.RequestsIndex)",
    "REF_10.addr",
    "REF_11(address)",
    "REF_12(UbexContract.RequestsIndex)",
    "REF_13(address)",
    "REF_14(uint256)",
    "REF_15(bytes32)",
    "REF_16(UbexContract.RequestsIndex)",
    "REF_16.isEntity",
    "REF_17(bool)",
    "REF_18(UbexContract.RequestsIndex)",
    "REF_18.hash",
    "REF_19(bytes32)",
    "REF_19(bytes32) (",
    "REF_2(uint256)",
    "REF_2(uint256) (",
    "REF_21(UbexContract.RequestsIndex)",
    "REF_21.addr",
    "REF_22(address)",
    "REF_3(uint256)",
    "REF_4",
    "REF_4(",
    "REF_6",
    "REF_6(uint256) (",
    "REF_7(uint256)",
    "REF_7(uint256) (",
    "REF_8(UbexContract.RequestsIndex)",
    "REF_8(UbexContract.RequestsIndex) (",
    "REF_9",
    "TMP_2(uint256) = INTERNAL_CALL, ArrayUtil.IndexOf(uint256",
    "a = requestsIDsIndex",
    "a.addr",
    "a.amount",
    "a.hash",
    "queue",
    "queue) := TMP_12(uint256)",
    "queue) := id(uint256)\"]",
    "requestUpdated(_id,requestsIDsIndex",
    "requestsIDsIndex",
    "requestsIDsIndex) := TMP_13(UbexContract.RequestsIndex)\"]",
    "requestsIDsIndex) := _hash(bytes32)\"]",
    "values",
    "values) := REF_3(uint256)\"]",
    "values) = REF_4 - 1\"]"
  ],
  "edges": [
    {
      "source": "0",
      "target": "1"
    },
    {
      "source": "1",
      "target": "2"
    },
    {
      "source": "0",
      "target": "1"
    },
    {
      "source": "REF_10(UbexContract.RequestsIndex)",
      "target": "requestsIDsIndex"
    },
    {
      "source": "REF_11(address)",
      "target": "REF_10.addr"
    },
    {
      "source": "0",
      "target": "1"
    },
    {
      "source": "1",
      "target": "2"
    },
    {
      "source": "REF_1",
      "target": "LENGTH values"
    },
    {
      "source": "2",
      "target": "3"
    },
    {
      "source": "2",
      "target": "5"
    },
    {
      "source": "REF_2(uint256)",
      "target": "values"
    },
    {
      "source": "REF_3(uint256)",
      "target": "values"
    },
    {
      "source": "REF_2(uint256) (",
      "target": "values) := REF_3(uint256)\"]"
    },
    {
      "source": "3",
      "target": "4"
    },
    {
      "source": "4",
      "target": "2"
    },
    {
      "source": "5",
      "target": "6"
    },
    {
      "source": "REF_4",
      "target": "LENGTH values"
    },
    {
      "source": "REF_4(",
      "target": "values) = REF_4 - 1\"]"
    },
    {
      "source": "0",
      "target": "1"
    },
    {
      "source": "REF_16(UbexContract.RequestsIndex)",
      "target": "requestsIDsIndex"
    },
    {
      "source": "REF_17(bool)",
      "target": "REF_16.isEntity"
    },
    {
      "source": "0",
      "target": "1"
    },
    {
      "source": "REF_9",
      "target": "LENGTH queue"
    },
    {
      "source": "0",
      "target": "4"
    },
    {
      "source": "REF_18(UbexContract.RequestsIndex)",
      "target": "requestsIDsIndex"
    },
    {
      "source": "REF_19(bytes32)",
      "target": "REF_18.hash"
    },
    {
      "source": "REF_19(bytes32) (",
      "target": "requestsIDsIndex) := _hash(bytes32)\"]"
    },
    {
      "source": "1",
      "target": "2"
    },
    {
      "source": "2",
      "target": "3"
    },
    {
      "source": "REF_21(UbexContract.RequestsIndex)",
      "target": "requestsIDsIndex"
    },
    {
      "source": "REF_22(address)",
      "target": "REF_21.addr"
    },
    {
      "source": "4",
      "target": "1"
    },
    {
      "source": "0",
      "target": "1"
    },
    {
      "source": "1",
      "target": "2"
    },
    {
      "source": "0",
      "target": "1"
    },
    {
      "source": "REF_12(UbexContract.RequestsIndex)",
      "target": "requestsIDsIndex"
    },
    {
      "source": "1",
      "target": "2"
    },
    {
      "source": "REF_13(address)",
      "target": "a.addr"
    },
    {
      "source": "REF_14(uint256)",
      "target": "a.amount"
    },
    {
      "source": "REF_15(bytes32)",
      "target": "a.hash"
    },
    {
      "source": "0",
      "target": "8"
    },
    {
      "source": "1",
      "target": "2"
    },
    {
      "source": "1",
      "target": "3"
    },
    {
      "source": "3",
      "target": "4"
    },
    {
      "source": "REF_6",
      "target": "LENGTH queue"
    },
    {
      "source": "REF_6(uint256) (",
      "target": "queue) := TMP_12(uint256)"
    },
    {
      "source": "REF_7(uint256)",
      "target": "queue"
    },
    {
      "source": "REF_7(uint256) (",
      "target": "queue) := id(uint256)\"]"
    },
    {
      "source": "4",
      "target": "5"
    },
    {
      "source": "REF_8(UbexContract.RequestsIndex)",
      "target": "requestsIDsIndex"
    },
    {
      "source": "REF_8(UbexContract.RequestsIndex) (",
      "target": "requestsIDsIndex) := TMP_13(UbexContract.RequestsIndex)\"]"
    },
    {
      "source": "5",
      "target": "6"
    },
    {
      "source": "6",
      "target": "7"
    },
    {
      "source": "8",
      "target": "1"
    },
    {
      "source": "0",
      "target": "1"
    },
    {
      "source": "1",
      "target": "2"
    },
    {
      "source": "2",
      "target": "3"
    },
    {
      "source": "REF_0(uint256)",
      "target": "values"
    },
    {
      "source": "3",
      "target": "4"
    },
    {
      "source": "3",
      "target": "5"
    },
    {
      "source": "4",
      "target": "3"
    },
    {
      "source": "5",
      "target": "6"
    }
  ]
}