{
  "nodes": [
    "0",
    "1",
    "10",
    "11",
    "2",
    "3",
    "4",
    "5",
    "6",
    "7",
    "8",
    "9",
    "REF_0(uint256)",
    "REF_0(uint256) (",
    "REF_1(uint256)",
    "REF_11(uint256)",
    "REF_12(uint256)",
    "REF_13(uint256)",
    "REF_14",
    "REF_14(mapping(address => uint256))",
    "REF_15(uint256)",
    "REF_16",
    "REF_16(mapping(address => uint256))",
    "REF_17(uint256)",
    "REF_17(uint256) (",
    "REF_18(uint256)",
    "REF_19(uint256)",
    "REF_2(uint256)",
    "REF_20(uint256)",
    "REF_21",
    "REF_21(mapping(address => uint256))",
    "REF_22(uint256)",
    "REF_23(uint256)",
    "REF_23(uint256) (",
    "REF_25(uint256)",
    "REF_26(uint256)",
    "REF_26(uint256) (",
    "REF_28(uint256)",
    "REF_29",
    "REF_29(mapping(address => uint256))",
    "REF_3(uint256)",
    "REF_30(uint256)",
    "REF_30(uint256) (",
    "REF_32",
    "REF_32(mapping(address => uint256))",
    "REF_33(uint256)",
    "REF_4(uint256)",
    "REF_5(uint256)",
    "REF_6(uint256)",
    "REF_6(uint256) (",
    "REF_8(uint256)",
    "REF_9(uint256)",
    "REF_9(uint256) (",
    "allowance",
    "allowance) := TMP_108(uint256)\"]",
    "allowance) := _value(uint256)\"]",
    "assert(bool)(balanceOf",
    "balanceOf",
    "balanceOf) := 10000000000000000000000000000(uint256)\"]",
    "balanceOf) := TMP_106(uint256)\"]",
    "balanceOf) := TMP_107(uint256)\"]",
    "balanceOf) := TMP_83(uint256)\"]",
    "balanceOf) := TMP_84(uint256)\"]",
    "previousBalances = balanceOf",
    "require(bool)((_value == 0) || (allowance",
    "require(bool)(_value <= allowance",
    "require(bool)(balanceOf"
  ],
  "edges": [
    {
      "source": "0",
      "target": "1"
    },
    {
      "source": "1",
      "target": "2"
    },
    {
      "source": "0",
      "target": "1"
    },
    {
      "source": "0",
      "target": "1"
    },
    {
      "source": "1",
      "target": "2"
    },
    {
      "source": "2",
      "target": "3"
    },
    {
      "source": "0",
      "target": "2"
    },
    {
      "source": "2",
      "target": "1"
    },
    {
      "source": "0",
      "target": "3"
    },
    {
      "source": "1",
      "target": "2"
    },
    {
      "source": "3",
      "target": "1"
    },
    {
      "source": "0",
      "target": "1"
    },
    {
      "source": "REF_0(uint256)",
      "target": "balanceOf"
    },
    {
      "source": "REF_0(uint256) (",
      "target": "balanceOf) := 10000000000000000000000000000(uint256)\"]"
    },
    {
      "source": "1",
      "target": "2"
    },
    {
      "source": "2",
      "target": "3"
    },
    {
      "source": "3",
      "target": "4"
    },
    {
      "source": "4",
      "target": "5"
    },
    {
      "source": "0",
      "target": "1"
    },
    {
      "source": "0",
      "target": "1"
    },
    {
      "source": "1",
      "target": "2"
    },
    {
      "source": "2",
      "target": "3"
    },
    {
      "source": "3",
      "target": "4"
    },
    {
      "source": "0",
      "target": "1"
    },
    {
      "source": "1",
      "target": "2"
    },
    {
      "source": "0",
      "target": "3"
    },
    {
      "source": "1",
      "target": "2"
    },
    {
      "source": "3",
      "target": "1"
    },
    {
      "source": "0",
      "target": "1"
    },
    {
      "source": "1",
      "target": "2"
    },
    {
      "source": "2",
      "target": "3"
    },
    {
      "source": "0",
      "target": "1"
    },
    {
      "source": "1",
      "target": "2"
    },
    {
      "source": "0",
      "target": "1"
    },
    {
      "source": "REF_14(mapping(address => uint256))",
      "target": "allowance"
    },
    {
      "source": "REF_15(uint256)",
      "target": "REF_14"
    },
    {
      "source": "1",
      "target": "2"
    },
    {
      "source": "REF_16(mapping(address => uint256))",
      "target": "allowance"
    },
    {
      "source": "REF_17(uint256)",
      "target": "REF_16"
    },
    {
      "source": "REF_17(uint256) (",
      "target": "allowance) := _value(uint256)\"]"
    },
    {
      "source": "2",
      "target": "3"
    },
    {
      "source": "3",
      "target": "4"
    },
    {
      "source": "0",
      "target": "1"
    },
    {
      "source": "1",
      "target": "2"
    },
    {
      "source": "2",
      "target": "3"
    },
    {
      "source": "3",
      "target": "4"
    },
    {
      "source": "0",
      "target": "1"
    },
    {
      "source": "0",
      "target": "1"
    },
    {
      "source": "1",
      "target": "2"
    },
    {
      "source": "2",
      "target": "3"
    },
    {
      "source": "0",
      "target": "1"
    },
    {
      "source": "1",
      "target": "2"
    },
    {
      "source": "2",
      "target": "3"
    },
    {
      "source": "REF_18(uint256)",
      "target": "balanceOf"
    },
    {
      "source": "3",
      "target": "4"
    },
    {
      "source": "REF_19(uint256)",
      "target": "balanceOf"
    },
    {
      "source": "REF_20(uint256)",
      "target": "balanceOf"
    },
    {
      "source": "4",
      "target": "5"
    },
    {
      "source": "REF_21(mapping(address => uint256))",
      "target": "allowance"
    },
    {
      "source": "REF_22(uint256)",
      "target": "REF_21"
    },
    {
      "source": "5",
      "target": "6"
    },
    {
      "source": "REF_23(uint256)",
      "target": "balanceOf"
    },
    {
      "source": "REF_25(uint256)",
      "target": "balanceOf"
    },
    {
      "source": "REF_23(uint256) (",
      "target": "balanceOf) := TMP_106(uint256)\"]"
    },
    {
      "source": "6",
      "target": "7"
    },
    {
      "source": "REF_26(uint256)",
      "target": "balanceOf"
    },
    {
      "source": "REF_28(uint256)",
      "target": "balanceOf"
    },
    {
      "source": "REF_26(uint256) (",
      "target": "balanceOf) := TMP_107(uint256)\"]"
    },
    {
      "source": "7",
      "target": "8"
    },
    {
      "source": "REF_29(mapping(address => uint256))",
      "target": "allowance"
    },
    {
      "source": "REF_30(uint256)",
      "target": "REF_29"
    },
    {
      "source": "REF_32(mapping(address => uint256))",
      "target": "allowance"
    },
    {
      "source": "REF_33(uint256)",
      "target": "REF_32"
    },
    {
      "source": "REF_30(uint256) (",
      "target": "allowance) := TMP_108(uint256)\"]"
    },
    {
      "source": "8",
      "target": "9"
    },
    {
      "source": "9",
      "target": "10"
    },
    {
      "source": "0",
      "target": "2"
    },
    {
      "source": "2",
      "target": "1"
    },
    {
      "source": "0",
      "target": "1"
    },
    {
      "source": "1",
      "target": "2"
    },
    {
      "source": "0",
      "target": "1"
    },
    {
      "source": "0",
      "target": "1"
    },
    {
      "source": "1",
      "target": "2"
    },
    {
      "source": "2",
      "target": "3"
    },
    {
      "source": "0",
      "target": "1"
    },
    {
      "source": "1",
      "target": "2"
    },
    {
      "source": "2",
      "target": "3"
    },
    {
      "source": "REF_1(uint256)",
      "target": "balanceOf"
    },
    {
      "source": "3",
      "target": "4"
    },
    {
      "source": "REF_2(uint256)",
      "target": "balanceOf"
    },
    {
      "source": "REF_3(uint256)",
      "target": "balanceOf"
    },
    {
      "source": "4",
      "target": "5"
    },
    {
      "source": "REF_4(uint256)",
      "target": "balanceOf"
    },
    {
      "source": "REF_5(uint256)",
      "target": "balanceOf"
    },
    {
      "source": "5",
      "target": "6"
    },
    {
      "source": "REF_6(uint256)",
      "target": "balanceOf"
    },
    {
      "source": "REF_8(uint256)",
      "target": "balanceOf"
    },
    {
      "source": "REF_6(uint256) (",
      "target": "balanceOf) := TMP_83(uint256)\"]"
    },
    {
      "source": "6",
      "target": "7"
    },
    {
      "source": "REF_9(uint256)",
      "target": "balanceOf"
    },
    {
      "source": "REF_11(uint256)",
      "target": "balanceOf"
    },
    {
      "source": "REF_9(uint256) (",
      "target": "balanceOf) := TMP_84(uint256)\"]"
    },
    {
      "source": "7",
      "target": "8"
    },
    {
      "source": "8",
      "target": "9"
    },
    {
      "source": "REF_12(uint256)",
      "target": "balanceOf"
    },
    {
      "source": "REF_13(uint256)",
      "target": "balanceOf"
    },
    {
      "source": "9",
      "target": "10"
    },
    {
      "source": "0",
      "target": "1"
    },
    {
      "source": "1",
      "target": "2"
    },
    {
      "source": "2",
      "target": "3"
    },
    {
      "source": "0",
      "target": "1"
    },
    {
      "source": "1",
      "target": "2"
    },
    {
      "source": "0",
      "target": "1"
    },
    {
      "source": "1",
      "target": "2"
    },
    {
      "source": "2",
      "target": "3"
    }
  ]
}