{
  "nodes": [
    "0",
    "1",
    "2",
    "3",
    "4",
    "5",
    "6",
    "REF_0(bool)",
    "REF_1(bool)",
    "REF_1(bool) (",
    "REF_2(bool)",
    "REF_3(bool)",
    "require(bool)(winners",
    "require(bool,string)(winners",
    "winners",
    "winners) := True(bool)\"]"
  ],
  "edges": [
    {
      "source": "0",
      "target": "1"
    },
    {
      "source": "0",
      "target": "1"
    },
    {
      "source": "REF_3(bool)",
      "target": "winners"
    },
    {
      "source": "0",
      "target": "1"
    },
    {
      "source": "0",
      "target": "1"
    },
    {
      "source": "1",
      "target": "2"
    },
    {
      "source": "REF_0(bool)",
      "target": "winners"
    },
    {
      "source": "2",
      "target": "3"
    },
    {
      "source": "3",
      "target": "4"
    },
    {
      "source": "4",
      "target": "5"
    },
    {
      "source": "5",
      "target": "6"
    },
    {
      "source": "REF_1(bool)",
      "target": "winners"
    },
    {
      "source": "REF_1(bool) (",
      "target": "winners) := True(bool)\"]"
    },
    {
      "source": "0",
      "target": "1"
    },
    {
      "source": "REF_2(bool)",
      "target": "winners"
    },
    {
      "source": "1",
      "target": "2"
    }
  ]
}