{
  "nodes": [
    "0",
    "1",
    "2",
    "3",
    "4",
    "5",
    "6",
    "7",
    "8",
    "REF_0(uint256)",
    "REF_0(uint256) (",
    "REF_1(uint256)",
    "REF_10",
    "REF_10(mapping(address => uint256))",
    "REF_11(uint256)",
    "REF_12",
    "REF_12(mapping(address => uint256))",
    "REF_13(",
    "REF_13(uint256)",
    "REF_14",
    "REF_14(mapping(address => uint256))",
    "REF_15(uint256)",
    "REF_15(uint256) (",
    "REF_16(uint256)",
    "REF_17(",
    "REF_17(uint256)",
    "REF_18(uint256)",
    "REF_19",
    "REF_19(mapping(address => uint256))",
    "REF_2(uint256)",
    "REF_20(uint256)",
    "REF_21(",
    "REF_21(uint256)",
    "REF_22",
    "REF_22(mapping(address => uint256))",
    "REF_23(",
    "REF_23(uint256)",
    "REF_3(uint256)",
    "REF_4(uint256)",
    "REF_40(uint256)",
    "REF_41(",
    "REF_41(uint256)",
    "REF_42(uint256)",
    "REF_43",
    "REF_43(mapping(address => uint256))",
    "REF_44(uint256)",
    "REF_45(",
    "REF_45(uint256)",
    "REF_46",
    "REF_46(mapping(address => uint256))",
    "REF_47(",
    "REF_47(uint256)",
    "REF_48(uint256)",
    "REF_49(uint256)",
    "REF_5(uint256)",
    "REF_50(uint256)",
    "REF_51(bool)",
    "REF_52(bool)",
    "REF_53(",
    "REF_53(uint256)",
    "REF_54(",
    "REF_54(uint256)",
    "REF_55(",
    "REF_55(uint256)",
    "REF_56(bool)",
    "REF_56(bool) (",
    "REF_6(",
    "REF_6(uint256)",
    "REF_7(",
    "REF_7(uint256)",
    "REF_8(uint256)",
    "REF_9(uint256)",
    "allowance",
    "allowance) := _value(uint256)\"]",
    "allowance) = REF_13 - _value\"]",
    "allowance) = REF_23 - _value\"]",
    "allowance) = REF_47 - _value\"]",
    "assert(bool)(balanceOf",
    "balanceOf",
    "balanceOf) := totalSupply(uint256)\"]",
    "balanceOf) = REF_17 - _value\"]",
    "balanceOf) = REF_21 - _value\"]",
    "balanceOf) = REF_41 - _value\"]",
    "balanceOf) = REF_45 - _value\"]",
    "balanceOf) = REF_53 - _value\"]",
    "balanceOf) = REF_54 + _value\"]",
    "balanceOf) = REF_55 + mintedAmount\"]",
    "balanceOf) = REF_6 - _value\"]",
    "balanceOf) = REF_7 + _value\"]",
    "frozenAccount",
    "frozenAccount) := freeze(bool)\"]",
    "previousBalances = balanceOf",
    "require(bool)(! frozenAccount",
    "require(bool)(_value <= allowance",
    "require(bool)(balanceOf"
  ],
  "edges": [
    {
      "source": "0",
      "target": "1"
    },
    {
      "source": "1",
      "target": "2"
    },
    {
      "source": "1",
      "target": "3"
    },
    {
      "source": "3",
      "target": "4"
    },
    {
      "source": "4",
      "target": "5"
    },
    {
      "source": "5",
      "target": "6"
    },
    {
      "source": "0",
      "target": "1"
    },
    {
      "source": "1",
      "target": "2"
    },
    {
      "source": "2",
      "target": "3"
    },
    {
      "source": "3",
      "target": "4"
    },
    {
      "source": "0",
      "target": "1"
    },
    {
      "source": "1",
      "target": "2"
    },
    {
      "source": "REF_1(uint256)",
      "target": "balanceOf"
    },
    {
      "source": "2",
      "target": "3"
    },
    {
      "source": "REF_2(uint256)",
      "target": "balanceOf"
    },
    {
      "source": "REF_3(uint256)",
      "target": "balanceOf"
    },
    {
      "source": "3",
      "target": "4"
    },
    {
      "source": "REF_4(uint256)",
      "target": "balanceOf"
    },
    {
      "source": "REF_5(uint256)",
      "target": "balanceOf"
    },
    {
      "source": "4",
      "target": "5"
    },
    {
      "source": "REF_6(uint256)",
      "target": "balanceOf"
    },
    {
      "source": "REF_6(",
      "target": "balanceOf) = REF_6 - _value\"]"
    },
    {
      "source": "5",
      "target": "6"
    },
    {
      "source": "REF_7(uint256)",
      "target": "balanceOf"
    },
    {
      "source": "REF_7(",
      "target": "balanceOf) = REF_7 + _value\"]"
    },
    {
      "source": "6",
      "target": "7"
    },
    {
      "source": "7",
      "target": "8"
    },
    {
      "source": "REF_8(uint256)",
      "target": "balanceOf"
    },
    {
      "source": "REF_9(uint256)",
      "target": "balanceOf"
    },
    {
      "source": "0",
      "target": "1"
    },
    {
      "source": "0",
      "target": "5"
    },
    {
      "source": "REF_55(uint256)",
      "target": "balanceOf"
    },
    {
      "source": "REF_55(",
      "target": "balanceOf) = REF_55 + mintedAmount\"]"
    },
    {
      "source": "1",
      "target": "2"
    },
    {
      "source": "2",
      "target": "3"
    },
    {
      "source": "3",
      "target": "4"
    },
    {
      "source": "5",
      "target": "1"
    },
    {
      "source": "0",
      "target": "1"
    },
    {
      "source": "1",
      "target": "2"
    },
    {
      "source": "0",
      "target": "1"
    },
    {
      "source": "REF_40(uint256)",
      "target": "balanceOf"
    },
    {
      "source": "1",
      "target": "2"
    },
    {
      "source": "REF_41(uint256)",
      "target": "balanceOf"
    },
    {
      "source": "REF_41(",
      "target": "balanceOf) = REF_41 - _value\"]"
    },
    {
      "source": "2",
      "target": "3"
    },
    {
      "source": "3",
      "target": "4"
    },
    {
      "source": "4",
      "target": "5"
    },
    {
      "source": "0",
      "target": "1"
    },
    {
      "source": "1",
      "target": "2"
    },
    {
      "source": "0",
      "target": "3"
    },
    {
      "source": "REF_56(bool)",
      "target": "frozenAccount"
    },
    {
      "source": "REF_56(bool) (",
      "target": "frozenAccount) := freeze(bool)\"]"
    },
    {
      "source": "1",
      "target": "2"
    },
    {
      "source": "3",
      "target": "1"
    },
    {
      "source": "0",
      "target": "1"
    },
    {
      "source": "1",
      "target": "2"
    },
    {
      "source": "2",
      "target": "3"
    },
    {
      "source": "0",
      "target": "1"
    },
    {
      "source": "REF_16(uint256)",
      "target": "balanceOf"
    },
    {
      "source": "1",
      "target": "2"
    },
    {
      "source": "REF_17(uint256)",
      "target": "balanceOf"
    },
    {
      "source": "REF_17(",
      "target": "balanceOf) = REF_17 - _value\"]"
    },
    {
      "source": "2",
      "target": "3"
    },
    {
      "source": "3",
      "target": "4"
    },
    {
      "source": "4",
      "target": "5"
    },
    {
      "source": "0",
      "target": "1"
    },
    {
      "source": "1",
      "target": "2"
    },
    {
      "source": "2",
      "target": "3"
    },
    {
      "source": "0",
      "target": "1"
    },
    {
      "source": "REF_10(mapping(address => uint256))",
      "target": "allowance"
    },
    {
      "source": "REF_11(uint256)",
      "target": "REF_10"
    },
    {
      "source": "1",
      "target": "2"
    },
    {
      "source": "REF_12(mapping(address => uint256))",
      "target": "allowance"
    },
    {
      "source": "REF_13(uint256)",
      "target": "REF_12"
    },
    {
      "source": "REF_13(",
      "target": "allowance) = REF_13 - _value\"]"
    },
    {
      "source": "2",
      "target": "3"
    },
    {
      "source": "3",
      "target": "4"
    },
    {
      "source": "0",
      "target": "1"
    },
    {
      "source": "1",
      "target": "2"
    },
    {
      "source": "0",
      "target": "1"
    },
    {
      "source": "0",
      "target": "1"
    },
    {
      "source": "1",
      "target": "2"
    },
    {
      "source": "REF_0(uint256)",
      "target": "balanceOf"
    },
    {
      "source": "REF_0(uint256) (",
      "target": "balanceOf) := totalSupply(uint256)\"]"
    },
    {
      "source": "2",
      "target": "3"
    },
    {
      "source": "3",
      "target": "4"
    },
    {
      "source": "0",
      "target": "1"
    },
    {
      "source": "1",
      "target": "2"
    },
    {
      "source": "0",
      "target": "1"
    },
    {
      "source": "1",
      "target": "2"
    },
    {
      "source": "REF_48(uint256)",
      "target": "balanceOf"
    },
    {
      "source": "2",
      "target": "3"
    },
    {
      "source": "REF_49(uint256)",
      "target": "balanceOf"
    },
    {
      "source": "REF_50(uint256)",
      "target": "balanceOf"
    },
    {
      "source": "3",
      "target": "4"
    },
    {
      "source": "REF_51(bool)",
      "target": "frozenAccount"
    },
    {
      "source": "4",
      "target": "5"
    },
    {
      "source": "REF_52(bool)",
      "target": "frozenAccount"
    },
    {
      "source": "5",
      "target": "6"
    },
    {
      "source": "REF_53(uint256)",
      "target": "balanceOf"
    },
    {
      "source": "REF_53(",
      "target": "balanceOf) = REF_53 - _value\"]"
    },
    {
      "source": "6",
      "target": "7"
    },
    {
      "source": "REF_54(uint256)",
      "target": "balanceOf"
    },
    {
      "source": "REF_54(",
      "target": "balanceOf) = REF_54 + _value\"]"
    },
    {
      "source": "7",
      "target": "8"
    },
    {
      "source": "0",
      "target": "2"
    },
    {
      "source": "2",
      "target": "1"
    },
    {
      "source": "0",
      "target": "1"
    },
    {
      "source": "REF_42(uint256)",
      "target": "balanceOf"
    },
    {
      "source": "1",
      "target": "2"
    },
    {
      "source": "REF_43(mapping(address => uint256))",
      "target": "allowance"
    },
    {
      "source": "REF_44(uint256)",
      "target": "REF_43"
    },
    {
      "source": "2",
      "target": "3"
    },
    {
      "source": "REF_45(uint256)",
      "target": "balanceOf"
    },
    {
      "source": "REF_45(",
      "target": "balanceOf) = REF_45 - _value\"]"
    },
    {
      "source": "3",
      "target": "4"
    },
    {
      "source": "REF_46(mapping(address => uint256))",
      "target": "allowance"
    },
    {
      "source": "REF_47(uint256)",
      "target": "REF_46"
    },
    {
      "source": "REF_47(",
      "target": "allowance) = REF_47 - _value\"]"
    },
    {
      "source": "4",
      "target": "5"
    },
    {
      "source": "5",
      "target": "6"
    },
    {
      "source": "6",
      "target": "7"
    },
    {
      "source": "0",
      "target": "1"
    },
    {
      "source": "1",
      "target": "2"
    },
    {
      "source": "0",
      "target": "1"
    },
    {
      "source": "REF_14(mapping(address => uint256))",
      "target": "allowance"
    },
    {
      "source": "REF_15(uint256)",
      "target": "REF_14"
    },
    {
      "source": "REF_15(uint256) (",
      "target": "allowance) := _value(uint256)\"]"
    },
    {
      "source": "1",
      "target": "2"
    },
    {
      "source": "2",
      "target": "3"
    },
    {
      "source": "0",
      "target": "1"
    },
    {
      "source": "1",
      "target": "2"
    },
    {
      "source": "2",
      "target": "3"
    },
    {
      "source": "3",
      "target": "4"
    },
    {
      "source": "0",
      "target": "1"
    },
    {
      "source": "1",
      "target": "2"
    },
    {
      "source": "2",
      "target": "3"
    },
    {
      "source": "3",
      "target": "4"
    },
    {
      "source": "0",
      "target": "1"
    },
    {
      "source": "1",
      "target": "2"
    },
    {
      "source": "1",
      "target": "3"
    },
    {
      "source": "3",
      "target": "4"
    },
    {
      "source": "4",
      "target": "5"
    },
    {
      "source": "5",
      "target": "6"
    },
    {
      "source": "0",
      "target": "1"
    },
    {
      "source": "0",
      "target": "2"
    },
    {
      "source": "2",
      "target": "1"
    },
    {
      "source": "0",
      "target": "1"
    },
    {
      "source": "1",
      "target": "2"
    },
    {
      "source": "1",
      "target": "3"
    },
    {
      "source": "3",
      "target": "4"
    },
    {
      "source": "4",
      "target": "5"
    },
    {
      "source": "5",
      "target": "6"
    },
    {
      "source": "0",
      "target": "1"
    },
    {
      "source": "1",
      "target": "2"
    },
    {
      "source": "2",
      "target": "3"
    },
    {
      "source": "0",
      "target": "1"
    },
    {
      "source": "REF_18(uint256)",
      "target": "balanceOf"
    },
    {
      "source": "1",
      "target": "2"
    },
    {
      "source": "REF_19(mapping(address => uint256))",
      "target": "allowance"
    },
    {
      "source": "REF_20(uint256)",
      "target": "REF_19"
    },
    {
      "source": "2",
      "target": "3"
    },
    {
      "source": "REF_21(uint256)",
      "target": "balanceOf"
    },
    {
      "source": "REF_21(",
      "target": "balanceOf) = REF_21 - _value\"]"
    },
    {
      "source": "3",
      "target": "4"
    },
    {
      "source": "REF_22(mapping(address => uint256))",
      "target": "allowance"
    },
    {
      "source": "REF_23(uint256)",
      "target": "REF_22"
    },
    {
      "source": "REF_23(",
      "target": "allowance) = REF_23 - _value\"]"
    },
    {
      "source": "4",
      "target": "5"
    },
    {
      "source": "5",
      "target": "6"
    },
    {
      "source": "6",
      "target": "7"
    },
    {
      "source": "0",
      "target": "1"
    },
    {
      "source": "1",
      "target": "2"
    }
  ]
}