{
  "nodes": [
    "(_value != 0) && (allowed",
    "0",
    "1",
    "2",
    "3",
    "4",
    "5",
    "6",
    "7",
    "8",
    "9",
    "REF_0(uint256)",
    "REF_1(uint256)",
    "REF_10(uint256)",
    "REF_13(uint256)",
    "REF_14",
    "REF_14(mapping(address => uint256))",
    "REF_15(uint256)",
    "REF_16(uint256)",
    "REF_16(uint256) (",
    "REF_17(uint256)",
    "REF_19(uint256)",
    "REF_19(uint256) (",
    "REF_2(uint256)",
    "REF_2(uint256) (",
    "REF_20(uint256)",
    "REF_22",
    "REF_22(mapping(address => uint256))",
    "REF_23(uint256)",
    "REF_23(uint256) (",
    "REF_24",
    "REF_24(mapping(address => uint256))",
    "REF_25(uint256)",
    "REF_27",
    "REF_27(mapping(address => uint256))",
    "REF_28(uint256)",
    "REF_29",
    "REF_29(mapping(address => uint256))",
    "REF_3(uint256)",
    "REF_30(uint256)",
    "REF_30(uint256) (",
    "REF_31",
    "REF_31(mapping(address => uint256))",
    "REF_32(uint256)",
    "REF_5(uint256)",
    "REF_5(uint256) (",
    "REF_6(uint256)",
    "REF_66(uint256)",
    "REF_66(uint256) (",
    "REF_67(uint256)",
    "REF_69(uint256)",
    "REF_70(uint256)",
    "REF_70(uint256) (",
    "REF_71(uint256)",
    "REF_73(uint256)",
    "REF_73(uint256) (",
    "REF_74(uint256)",
    "REF_76(uint256)",
    "REF_77(uint256)",
    "REF_77(uint256) (",
    "REF_78(uint256)",
    "REF_8(uint256)",
    "REF_80(uint256)",
    "REF_80(uint256) (",
    "REF_81(uint256)",
    "REF_84(uint256)",
    "REF_84(uint256) (",
    "REF_85(uint256)",
    "REF_87(bool)",
    "REF_87(bool) (",
    "REF_88(bool)",
    "REF_88(bool) (",
    "REF_89(bool)",
    "REF_9(uint256)",
    "REF_9(uint256) (",
    "TMP_110(uint256) = LIBRARY_CALL, dest:SafeMath, function:SafeMath.sub(uint256,uint256), arguments:",
    "TMP_111(uint256) = LIBRARY_CALL, dest:SafeMath, function:SafeMath.add(uint256,uint256), arguments:",
    "TMP_122(uint256) = LIBRARY_CALL, dest:SafeMath, function:SafeMath.sub(uint256,uint256), arguments:",
    "TMP_123(uint256) = LIBRARY_CALL, dest:SafeMath, function:SafeMath.add(uint256,uint256), arguments:",
    "TMP_129(uint256) = LIBRARY_CALL, dest:SafeMath, function:SafeMath.add(uint256,uint256), arguments:",
    "TMP_130(uint256) = LIBRARY_CALL, dest:SafeMath, function:SafeMath.add(uint256,uint256), arguments:",
    "TMP_21(uint256) = LIBRARY_CALL, dest:SafeMath, function:SafeMath.sub(uint256,uint256), arguments:",
    "TMP_22(uint256) = LIBRARY_CALL, dest:SafeMath, function:SafeMath.add(uint256,uint256), arguments:",
    "TMP_28(uint256) = LIBRARY_CALL, dest:SafeMath, function:SafeMath.sub(uint256,uint256), arguments:",
    "TMP_29(uint256) = LIBRARY_CALL, dest:SafeMath, function:SafeMath.sub(uint256,uint256), arguments:",
    "TMP_43(uint256) = LIBRARY_CALL, dest:SafeMath, function:SafeMath.sub(uint256,uint256), arguments:",
    "TMP_44(uint256) = LIBRARY_CALL, dest:SafeMath, function:SafeMath.add(uint256,uint256), arguments:",
    "TMP_45(uint256) = LIBRARY_CALL, dest:SafeMath, function:SafeMath.sub(uint256,uint256), arguments:",
    "TMP_97(uint256) = LIBRARY_CALL, dest:SafeMath, function:SafeMath.add(uint256,uint256), arguments:",
    "allowed",
    "allowed) := TMP_45(uint256)\"]",
    "allowed) := _value(uint256)\"]",
    "balances",
    "balances) := TMP_110(uint256)\"]",
    "balances) := TMP_123(uint256)\"]",
    "balances) := TMP_130(uint256)\"]",
    "balances) := TMP_21(uint256)\"]",
    "balances) := TMP_22(uint256)\"]",
    "balances) := TMP_28(uint256)\"]",
    "balances) := TMP_43(uint256)\"]",
    "balances) := TMP_44(uint256)\"]",
    "balances) := TMP_97(uint256)\"]",
    "freezeOf",
    "freezeOf) := TMP_111(uint256)\"]",
    "freezeOf) := TMP_122(uint256)\"]",
    "precirculated",
    "precirculated) := False(bool)\"]",
    "precirculated) := True(bool)\"]",
    "require(bool)(balances",
    "require(bool)(freezeOf"
  ],
  "edges": [
    {
      "source": "0",
      "target": "1"
    },
    {
      "source": "0",
      "target": "7"
    },
    {
      "source": "REF_76(uint256)",
      "target": "freezeOf"
    },
    {
      "source": "1",
      "target": "2"
    },
    {
      "source": "2",
      "target": "3"
    },
    {
      "source": "REF_77(uint256)",
      "target": "freezeOf"
    },
    {
      "source": "REF_78(uint256)",
      "target": "freezeOf"
    },
    {
      "source": "REF_77(uint256) (",
      "target": "freezeOf) := TMP_122(uint256)\"]"
    },
    {
      "source": "3",
      "target": "4"
    },
    {
      "source": "REF_80(uint256)",
      "target": "balances"
    },
    {
      "source": "REF_81(uint256)",
      "target": "balances"
    },
    {
      "source": "REF_80(uint256) (",
      "target": "balances) := TMP_123(uint256)\"]"
    },
    {
      "source": "4",
      "target": "5"
    },
    {
      "source": "5",
      "target": "6"
    },
    {
      "source": "7",
      "target": "1"
    },
    {
      "source": "0",
      "target": "1"
    },
    {
      "source": "REF_31(mapping(address => uint256))",
      "target": "allowed"
    },
    {
      "source": "REF_32(uint256)",
      "target": "REF_31"
    },
    {
      "source": "0",
      "target": "2"
    },
    {
      "source": "2",
      "target": "1"
    },
    {
      "source": "0",
      "target": "1"
    },
    {
      "source": "REF_13(uint256)",
      "target": "balances"
    },
    {
      "source": "REF_14(mapping(address => uint256))",
      "target": "allowed"
    },
    {
      "source": "REF_15(uint256)",
      "target": "REF_14"
    },
    {
      "source": "1",
      "target": "2"
    },
    {
      "source": "2",
      "target": "3"
    },
    {
      "source": "3",
      "target": "4"
    },
    {
      "source": "REF_16(uint256)",
      "target": "balances"
    },
    {
      "source": "REF_17(uint256)",
      "target": "balances"
    },
    {
      "source": "REF_16(uint256) (",
      "target": "balances) := TMP_43(uint256)\"]"
    },
    {
      "source": "4",
      "target": "5"
    },
    {
      "source": "REF_19(uint256)",
      "target": "balances"
    },
    {
      "source": "REF_20(uint256)",
      "target": "balances"
    },
    {
      "source": "REF_19(uint256) (",
      "target": "balances) := TMP_44(uint256)\"]"
    },
    {
      "source": "5",
      "target": "6"
    },
    {
      "source": "REF_22(mapping(address => uint256))",
      "target": "allowed"
    },
    {
      "source": "REF_23(uint256)",
      "target": "REF_22"
    },
    {
      "source": "REF_24(mapping(address => uint256))",
      "target": "allowed"
    },
    {
      "source": "REF_25(uint256)",
      "target": "REF_24"
    },
    {
      "source": "REF_23(uint256) (",
      "target": "allowed) := TMP_45(uint256)\"]"
    },
    {
      "source": "6",
      "target": "7"
    },
    {
      "source": "7",
      "target": "8"
    },
    {
      "source": "0",
      "target": "7"
    },
    {
      "source": "REF_69(uint256)",
      "target": "balances"
    },
    {
      "source": "1",
      "target": "2"
    },
    {
      "source": "2",
      "target": "3"
    },
    {
      "source": "REF_70(uint256)",
      "target": "balances"
    },
    {
      "source": "REF_71(uint256)",
      "target": "balances"
    },
    {
      "source": "REF_70(uint256) (",
      "target": "balances) := TMP_110(uint256)\"]"
    },
    {
      "source": "3",
      "target": "4"
    },
    {
      "source": "REF_73(uint256)",
      "target": "freezeOf"
    },
    {
      "source": "REF_74(uint256)",
      "target": "freezeOf"
    },
    {
      "source": "REF_73(uint256) (",
      "target": "freezeOf) := TMP_111(uint256)\"]"
    },
    {
      "source": "4",
      "target": "5"
    },
    {
      "source": "5",
      "target": "6"
    },
    {
      "source": "7",
      "target": "1"
    },
    {
      "source": "0",
      "target": "1"
    },
    {
      "source": "0",
      "target": "1"
    },
    {
      "source": "REF_89(bool)",
      "target": "precirculated"
    },
    {
      "source": "0",
      "target": "1"
    },
    {
      "source": "1",
      "target": "2"
    },
    {
      "source": "0",
      "target": "1"
    },
    {
      "source": "REF_8(uint256)",
      "target": "balances"
    },
    {
      "source": "1",
      "target": "2"
    },
    {
      "source": "REF_9(uint256)",
      "target": "balances"
    },
    {
      "source": "REF_10(uint256)",
      "target": "balances"
    },
    {
      "source": "REF_9(uint256) (",
      "target": "balances) := TMP_28(uint256)\"]"
    },
    {
      "source": "2",
      "target": "3"
    },
    {
      "source": "3",
      "target": "4"
    },
    {
      "source": "4",
      "target": "5"
    },
    {
      "source": "0",
      "target": "1"
    },
    {
      "source": "0",
      "target": "2"
    },
    {
      "source": "2",
      "target": "1"
    },
    {
      "source": "0",
      "target": "1"
    },
    {
      "source": "0",
      "target": "1"
    },
    {
      "source": "1",
      "target": "2"
    },
    {
      "source": "2",
      "target": "3"
    },
    {
      "source": "0",
      "target": "2"
    },
    {
      "source": "REF_87(bool)",
      "target": "precirculated"
    },
    {
      "source": "REF_87(bool) (",
      "target": "precirculated) := True(bool)\"]"
    },
    {
      "source": "2",
      "target": "1"
    },
    {
      "source": "0",
      "target": "1"
    },
    {
      "source": "0",
      "target": "2"
    },
    {
      "source": "REF_88(bool)",
      "target": "precirculated"
    },
    {
      "source": "REF_88(bool) (",
      "target": "precirculated) := False(bool)\"]"
    },
    {
      "source": "2",
      "target": "1"
    },
    {
      "source": "0",
      "target": "2"
    },
    {
      "source": "2",
      "target": "1"
    },
    {
      "source": "0",
      "target": "5"
    },
    {
      "source": "1",
      "target": "2"
    },
    {
      "source": "REF_84(uint256)",
      "target": "balances"
    },
    {
      "source": "REF_85(uint256)",
      "target": "balances"
    },
    {
      "source": "REF_84(uint256) (",
      "target": "balances) := TMP_130(uint256)\"]"
    },
    {
      "source": "2",
      "target": "3"
    },
    {
      "source": "3",
      "target": "4"
    },
    {
      "source": "5",
      "target": "1"
    },
    {
      "source": "0",
      "target": "1"
    },
    {
      "source": "1",
      "target": "2"
    },
    {
      "source": "0",
      "target": "1"
    },
    {
      "source": "REF_1(uint256)",
      "target": "balances"
    },
    {
      "source": "1",
      "target": "2"
    },
    {
      "source": "2",
      "target": "3"
    },
    {
      "source": "REF_2(uint256)",
      "target": "balances"
    },
    {
      "source": "REF_3(uint256)",
      "target": "balances"
    },
    {
      "source": "REF_2(uint256) (",
      "target": "balances) := TMP_21(uint256)\"]"
    },
    {
      "source": "3",
      "target": "4"
    },
    {
      "source": "REF_5(uint256)",
      "target": "balances"
    },
    {
      "source": "REF_6(uint256)",
      "target": "balances"
    },
    {
      "source": "REF_5(uint256) (",
      "target": "balances) := TMP_22(uint256)\"]"
    },
    {
      "source": "4",
      "target": "5"
    },
    {
      "source": "5",
      "target": "6"
    },
    {
      "source": "0",
      "target": "2"
    },
    {
      "source": "2",
      "target": "1"
    },
    {
      "source": "0",
      "target": "1"
    },
    {
      "source": "1",
      "target": "2"
    },
    {
      "source": "2",
      "target": "3"
    },
    {
      "source": "0",
      "target": "2"
    },
    {
      "source": "2",
      "target": "1"
    },
    {
      "source": "0",
      "target": "1"
    },
    {
      "source": "1",
      "target": "2"
    },
    {
      "source": "1",
      "target": "3"
    },
    {
      "source": "3",
      "target": "4"
    },
    {
      "source": "4",
      "target": "5"
    },
    {
      "source": "5",
      "target": "6"
    },
    {
      "source": "0",
      "target": "1"
    },
    {
      "source": "1",
      "target": "2"
    },
    {
      "source": "0",
      "target": "1"
    },
    {
      "source": "1",
      "target": "2"
    },
    {
      "source": "2",
      "target": "3"
    },
    {
      "source": "3",
      "target": "4"
    },
    {
      "source": "REF_66(uint256)",
      "target": "balances"
    },
    {
      "source": "REF_67(uint256)",
      "target": "balances"
    },
    {
      "source": "REF_66(uint256) (",
      "target": "balances) := TMP_97(uint256)\"]"
    },
    {
      "source": "4",
      "target": "5"
    },
    {
      "source": "0",
      "target": "1"
    },
    {
      "source": "1",
      "target": "2"
    },
    {
      "source": "0",
      "target": "1"
    },
    {
      "source": "REF_27(mapping(address => uint256))",
      "target": "allowed"
    },
    {
      "source": "REF_28(uint256)",
      "target": "REF_27"
    },
    {
      "source": "1",
      "target": "2"
    },
    {
      "source": "1",
      "target": "3"
    },
    {
      "source": "2",
      "target": "3"
    },
    {
      "source": "3",
      "target": "4"
    },
    {
      "source": "REF_29(mapping(address => uint256))",
      "target": "allowed"
    },
    {
      "source": "REF_30(uint256)",
      "target": "REF_29"
    },
    {
      "source": "REF_30(uint256) (",
      "target": "allowed) := _value(uint256)\"]"
    },
    {
      "source": "4",
      "target": "5"
    },
    {
      "source": "5",
      "target": "6"
    },
    {
      "source": "0",
      "target": "1"
    },
    {
      "source": "REF_0(uint256)",
      "target": "balances"
    },
    {
      "source": "0",
      "target": "1"
    },
    {
      "source": "0",
      "target": "1"
    },
    {
      "source": "0",
      "target": "1"
    }
  ]
}