{
  "nodes": [
    "0",
    "1",
    "2",
    "3",
    "4",
    "5",
    "6",
    "7",
    "Approval(from,msg.sender,_allowed",
    "Approval(msg.sender,spender,_allowed",
    "REF_0(uint256)",
    "REF_0(uint256) (",
    "REF_1(uint256)",
    "REF_10",
    "REF_10(mapping(address => uint256))",
    "REF_11(uint256)",
    "REF_11(uint256) (",
    "REF_12",
    "REF_12(mapping(address => uint256))",
    "REF_13(uint256)",
    "REF_15",
    "REF_15(mapping(address => uint256))",
    "REF_16(uint256)",
    "REF_17",
    "REF_17(mapping(address => uint256))",
    "REF_18(uint256)",
    "REF_19",
    "REF_19(mapping(address => uint256))",
    "REF_2",
    "REF_2(mapping(address => uint256))",
    "REF_20(uint256)",
    "REF_22(uint256)",
    "REF_23",
    "REF_23(mapping(address => uint256))",
    "REF_24(uint256)",
    "REF_24(uint256) (",
    "REF_25",
    "REF_25(mapping(address => uint256))",
    "REF_26(uint256)",
    "REF_27",
    "REF_27(mapping(address => uint256))",
    "REF_28(uint256)",
    "REF_29",
    "REF_29(mapping(address => uint256))",
    "REF_3(uint256)",
    "REF_30(uint256)",
    "REF_31",
    "REF_31(mapping(address => uint256))",
    "REF_32(uint256)",
    "REF_34(uint256)",
    "REF_35",
    "REF_35(mapping(address => uint256))",
    "REF_36(uint256)",
    "REF_36(uint256) (",
    "REF_37",
    "REF_37(mapping(address => uint256))",
    "REF_38(uint256)",
    "REF_39(uint256)",
    "REF_39(uint256) (",
    "REF_4",
    "REF_4(mapping(address => uint256))",
    "REF_40(uint256)",
    "REF_42(uint256)",
    "REF_42(uint256) (",
    "REF_43(uint256)",
    "REF_46(uint256)",
    "REF_46(uint256) (",
    "REF_47(uint256)",
    "REF_49(uint256)",
    "REF_5(uint256)",
    "REF_6",
    "REF_6(mapping(address => uint256))",
    "REF_7(uint256)",
    "REF_7(uint256) (",
    "REF_8",
    "REF_8(mapping(address => uint256))",
    "REF_9(uint256)",
    "TMP_38(uint256) = LIBRARY_CALL, dest:SafeMath, function:SafeMath.sub(uint256,uint256), arguments:",
    "TMP_47(uint256) = LIBRARY_CALL, dest:SafeMath, function:SafeMath.add(uint256,uint256), arguments:",
    "TMP_58(uint256) = LIBRARY_CALL, dest:SafeMath, function:SafeMath.sub(uint256,uint256), arguments:",
    "TMP_63(uint256) = LIBRARY_CALL, dest:SafeMath, function:SafeMath.sub(uint256,uint256), arguments:",
    "TMP_64(uint256) = LIBRARY_CALL, dest:SafeMath, function:SafeMath.add(uint256,uint256), arguments:",
    "TMP_68(uint256) = LIBRARY_CALL, dest:SafeMath, function:SafeMath.sub(uint256,uint256), arguments:",
    "TMP_69(uint256) = LIBRARY_CALL, dest:SafeMath, function:SafeMath.sub(uint256,uint256), arguments:",
    "_allowed",
    "_allowed) := TMP_38(uint256)\"]",
    "_allowed) := finalAllowed(uint256)\"]",
    "_allowed) := value(uint256)\"]",
    "_balances",
    "_balances) := INITIAL_SUPPLY(uint256)\"]",
    "_balances) := TMP_63(uint256)\"]",
    "_balances) := TMP_64(uint256)\"]",
    "_balances) := TMP_69(uint256)\"]",
    "finalAllowed = _allowed",
    "require(bool)(_allowed",
    "require(bool)(_balances"
  ],
  "edges": [
    {
      "source": "0",
      "target": "1"
    },
    {
      "source": "0",
      "target": "1"
    },
    {
      "source": "0",
      "target": "1"
    },
    {
      "source": "1",
      "target": "2"
    },
    {
      "source": "0",
      "target": "1"
    },
    {
      "source": "1",
      "target": "2"
    },
    {
      "source": "2",
      "target": "3"
    },
    {
      "source": "0",
      "target": "4"
    },
    {
      "source": "1",
      "target": "2"
    },
    {
      "source": "REF_46(uint256)",
      "target": "_balances"
    },
    {
      "source": "REF_47(uint256)",
      "target": "_balances"
    },
    {
      "source": "REF_46(uint256) (",
      "target": "_balances) := TMP_69(uint256)\"]"
    },
    {
      "source": "2",
      "target": "3"
    },
    {
      "source": "4",
      "target": "5"
    },
    {
      "source": "5",
      "target": "1"
    },
    {
      "source": "0",
      "target": "1"
    },
    {
      "source": "0",
      "target": "1"
    },
    {
      "source": "REF_49(uint256)",
      "target": "_balances"
    },
    {
      "source": "1",
      "target": "2"
    },
    {
      "source": "0",
      "target": "4"
    },
    {
      "source": "REF_39(uint256)",
      "target": "_balances"
    },
    {
      "source": "REF_40(uint256)",
      "target": "_balances"
    },
    {
      "source": "REF_39(uint256) (",
      "target": "_balances) := TMP_63(uint256)\"]"
    },
    {
      "source": "1",
      "target": "2"
    },
    {
      "source": "REF_42(uint256)",
      "target": "_balances"
    },
    {
      "source": "REF_43(uint256)",
      "target": "_balances"
    },
    {
      "source": "REF_42(uint256) (",
      "target": "_balances) := TMP_64(uint256)\"]"
    },
    {
      "source": "2",
      "target": "3"
    },
    {
      "source": "4",
      "target": "5"
    },
    {
      "source": "5",
      "target": "1"
    },
    {
      "source": "0",
      "target": "1"
    },
    {
      "source": "REF_2(mapping(address => uint256))",
      "target": "_allowed"
    },
    {
      "source": "REF_3(uint256)",
      "target": "REF_2"
    },
    {
      "source": "0",
      "target": "1"
    },
    {
      "source": "1",
      "target": "2"
    },
    {
      "source": "2",
      "target": "3"
    },
    {
      "source": "0",
      "target": "1"
    },
    {
      "source": "1",
      "target": "2"
    },
    {
      "source": "2",
      "target": "3"
    },
    {
      "source": "3",
      "target": "4"
    },
    {
      "source": "REF_0(uint256)",
      "target": "_balances"
    },
    {
      "source": "REF_0(uint256) (",
      "target": "_balances) := INITIAL_SUPPLY(uint256)\"]"
    },
    {
      "source": "0",
      "target": "6"
    },
    {
      "source": "REF_8(mapping(address => uint256))",
      "target": "_allowed"
    },
    {
      "source": "REF_9(uint256)",
      "target": "REF_8"
    },
    {
      "source": "1",
      "target": "2"
    },
    {
      "source": "REF_10(mapping(address => uint256))",
      "target": "_allowed"
    },
    {
      "source": "REF_11(uint256)",
      "target": "REF_10"
    },
    {
      "source": "REF_12(mapping(address => uint256))",
      "target": "_allowed"
    },
    {
      "source": "REF_13(uint256)",
      "target": "REF_12"
    },
    {
      "source": "REF_11(uint256) (",
      "target": "_allowed) := TMP_38(uint256)\"]"
    },
    {
      "source": "2",
      "target": "3"
    },
    {
      "source": "3",
      "target": "4"
    },
    {
      "source": "REF_15(mapping(address => uint256))",
      "target": "_allowed"
    },
    {
      "source": "REF_16(uint256)",
      "target": "REF_15"
    },
    {
      "source": "4",
      "target": "5"
    },
    {
      "source": "6",
      "target": "7"
    },
    {
      "source": "7",
      "target": "1"
    },
    {
      "source": "0",
      "target": "1"
    },
    {
      "source": "0",
      "target": "1"
    },
    {
      "source": "1",
      "target": "2"
    },
    {
      "source": "1",
      "target": "3"
    },
    {
      "source": "3",
      "target": "4"
    },
    {
      "source": "4",
      "target": "5"
    },
    {
      "source": "5",
      "target": "6"
    },
    {
      "source": "0",
      "target": "1"
    },
    {
      "source": "REF_1(uint256)",
      "target": "_balances"
    },
    {
      "source": "0",
      "target": "7"
    },
    {
      "source": "REF_27(mapping(address => uint256))",
      "target": "_allowed"
    },
    {
      "source": "REF_28(uint256)",
      "target": "REF_27"
    },
    {
      "source": "REF_29(mapping(address => uint256))",
      "target": "_allowed"
    },
    {
      "source": "REF_30(uint256)",
      "target": "REF_29"
    },
    {
      "source": "1",
      "target": "2"
    },
    {
      "source": "REF_31(mapping(address => uint256))",
      "target": "_allowed"
    },
    {
      "source": "REF_32(uint256)",
      "target": "REF_31"
    },
    {
      "source": "2",
      "target": "3"
    },
    {
      "source": "REF_34(uint256)",
      "target": "_balances"
    },
    {
      "source": "3",
      "target": "4"
    },
    {
      "source": "REF_35(mapping(address => uint256))",
      "target": "_allowed"
    },
    {
      "source": "REF_36(uint256)",
      "target": "REF_35"
    },
    {
      "source": "REF_36(uint256) (",
      "target": "_allowed) := finalAllowed(uint256)\"]"
    },
    {
      "source": "4",
      "target": "5"
    },
    {
      "source": "REF_37(mapping(address => uint256))",
      "target": "_allowed"
    },
    {
      "source": "REF_38(uint256)",
      "target": "REF_37"
    },
    {
      "source": "5",
      "target": "6"
    },
    {
      "source": "7",
      "target": "1"
    },
    {
      "source": "0",
      "target": "1"
    },
    {
      "source": "0",
      "target": "1"
    },
    {
      "source": "1",
      "target": "2"
    },
    {
      "source": "0",
      "target": "1"
    },
    {
      "source": "1",
      "target": "2"
    },
    {
      "source": "2",
      "target": "3"
    },
    {
      "source": "0",
      "target": "3"
    },
    {
      "source": "1",
      "target": "2"
    },
    {
      "source": "3",
      "target": "4"
    },
    {
      "source": "4",
      "target": "1"
    },
    {
      "source": "0",
      "target": "5"
    },
    {
      "source": "REF_4(mapping(address => uint256))",
      "target": "_allowed"
    },
    {
      "source": "REF_5(uint256)",
      "target": "REF_4"
    },
    {
      "source": "1",
      "target": "2"
    },
    {
      "source": "REF_6(mapping(address => uint256))",
      "target": "_allowed"
    },
    {
      "source": "REF_7(uint256)",
      "target": "REF_6"
    },
    {
      "source": "REF_7(uint256) (",
      "target": "_allowed) := value(uint256)\"]"
    },
    {
      "source": "2",
      "target": "3"
    },
    {
      "source": "3",
      "target": "4"
    },
    {
      "source": "5",
      "target": "6"
    },
    {
      "source": "6",
      "target": "1"
    },
    {
      "source": "0",
      "target": "1"
    },
    {
      "source": "1",
      "target": "2"
    },
    {
      "source": "2",
      "target": "3"
    },
    {
      "source": "0",
      "target": "7"
    },
    {
      "source": "REF_17(mapping(address => uint256))",
      "target": "_allowed"
    },
    {
      "source": "REF_18(uint256)",
      "target": "REF_17"
    },
    {
      "source": "1",
      "target": "2"
    },
    {
      "source": "REF_19(mapping(address => uint256))",
      "target": "_allowed"
    },
    {
      "source": "REF_20(uint256)",
      "target": "REF_19"
    },
    {
      "source": "2",
      "target": "3"
    },
    {
      "source": "REF_22(uint256)",
      "target": "_balances"
    },
    {
      "source": "3",
      "target": "4"
    },
    {
      "source": "REF_23(mapping(address => uint256))",
      "target": "_allowed"
    },
    {
      "source": "REF_24(uint256)",
      "target": "REF_23"
    },
    {
      "source": "REF_24(uint256) (",
      "target": "_allowed) := finalAllowed(uint256)\"]"
    },
    {
      "source": "4",
      "target": "5"
    },
    {
      "source": "REF_25(mapping(address => uint256))",
      "target": "_allowed"
    },
    {
      "source": "REF_26(uint256)",
      "target": "REF_25"
    },
    {
      "source": "5",
      "target": "6"
    },
    {
      "source": "7",
      "target": "1"
    }
  ]
}