{
  "nodes": [
    "0",
    "1",
    "2",
    "3",
    "4",
    "5",
    "6",
    "7",
    "HIGH_LEVEL_CALL, dest:chief(ChiefLike), function:free, arguments:",
    "HIGH_LEVEL_CALL, dest:chief(ChiefLike), function:lock, arguments:",
    "HIGH_LEVEL_CALL, dest:chief(ChiefLike), function:vote, arguments:",
    "HIGH_LEVEL_CALL, dest:gov(TokenLike), function:approve, arguments:",
    "HIGH_LEVEL_CALL, dest:gov(TokenLike), function:pull, arguments:",
    "HIGH_LEVEL_CALL, dest:gov(TokenLike), function:push, arguments:",
    "HIGH_LEVEL_CALL, dest:iou(TokenLike), function:approve, arguments:",
    "TMP_1(TokenLike) = HIGH_LEVEL_CALL, dest:chief(ChiefLike), function:GOV, arguments:",
    "TMP_18(uint256) = HIGH_LEVEL_CALL, dest:chief(ChiefLike), function:deposits, arguments:",
    "TMP_2(TokenLike) = HIGH_LEVEL_CALL, dest:chief(ChiefLike), function:IOU, arguments:",
    "TMP_21(uint256) = HIGH_LEVEL_CALL, dest:gov(TokenLike), function:balanceOf, arguments:",
    "TMP_24(bytes32) = HIGH_LEVEL_CALL, dest:chief(ChiefLike), function:vote, arguments:"
  ],
  "edges": [
    {
      "source": "0",
      "target": "2"
    },
    {
      "source": "2",
      "target": "1"
    },
    {
      "source": "0",
      "target": "1"
    },
    {
      "source": "1",
      "target": "2"
    },
    {
      "source": "2",
      "target": "3"
    },
    {
      "source": "3",
      "target": "4"
    },
    {
      "source": "4",
      "target": "5"
    },
    {
      "source": "5",
      "target": "6"
    },
    {
      "source": "6",
      "target": "7"
    },
    {
      "source": "0",
      "target": "3"
    },
    {
      "source": "1",
      "target": "2"
    },
    {
      "source": "3",
      "target": "1"
    },
    {
      "source": "0",
      "target": "3"
    },
    {
      "source": "1",
      "target": "2"
    },
    {
      "source": "3",
      "target": "1"
    },
    {
      "source": "0",
      "target": "3"
    },
    {
      "source": "1",
      "target": "2"
    },
    {
      "source": "3",
      "target": "1"
    },
    {
      "source": "0",
      "target": "1"
    },
    {
      "source": "1",
      "target": "2"
    },
    {
      "source": "0",
      "target": "2"
    },
    {
      "source": "2",
      "target": "1"
    }
  ]
}