{
  "nodes": [
    "0",
    "1",
    "10",
    "2",
    "3",
    "4",
    "5",
    "6",
    "7",
    "8",
    "9",
    "REF_0(uint256)",
    "REF_0(uint256) (",
    "REF_1(uint256)",
    "REF_10(",
    "REF_10(uint256)",
    "REF_2(uint256)",
    "REF_3(uint256)",
    "REF_4(uint256)",
    "REF_5(uint256)",
    "REF_6(uint256)",
    "REF_7(",
    "REF_7(uint256)",
    "REF_8(",
    "REF_8(uint256)",
    "REF_9(uint256)",
    "Transfer(address(0),owner,balances",
    "balances",
    "balances) := _totalSupply(uint256)\"]",
    "balances) = REF_10 - value\"]",
    "balances) = REF_7 - value\"]",
    "balances) = REF_8 + value\"]",
    "require(bool)(balances"
  ],
  "edges": [
    {
      "source": "0",
      "target": "1"
    },
    {
      "source": "REF_3(uint256)",
      "target": "balances"
    },
    {
      "source": "0",
      "target": "1"
    },
    {
      "source": "0",
      "target": "1"
    },
    {
      "source": "1",
      "target": "2"
    },
    {
      "source": "0",
      "target": "1"
    },
    {
      "source": "REF_9(uint256)",
      "target": "balances"
    },
    {
      "source": "1",
      "target": "2"
    },
    {
      "source": "2",
      "target": "3"
    },
    {
      "source": "REF_10(uint256)",
      "target": "balances"
    },
    {
      "source": "REF_10(",
      "target": "balances) = REF_10 - value\"]"
    },
    {
      "source": "3",
      "target": "4"
    },
    {
      "source": "4",
      "target": "5"
    },
    {
      "source": "0",
      "target": "1"
    },
    {
      "source": "1",
      "target": "2"
    },
    {
      "source": "2",
      "target": "3"
    },
    {
      "source": "3",
      "target": "4"
    },
    {
      "source": "4",
      "target": "5"
    },
    {
      "source": "5",
      "target": "6"
    },
    {
      "source": "REF_0(uint256)",
      "target": "balances"
    },
    {
      "source": "REF_0(uint256) (",
      "target": "balances) := _totalSupply(uint256)\"]"
    },
    {
      "source": "6",
      "target": "7"
    },
    {
      "source": "REF_1(uint256)",
      "target": "balances"
    },
    {
      "source": "7",
      "target": "8"
    },
    {
      "source": "8",
      "target": "9"
    },
    {
      "source": "REF_2(uint256)",
      "target": "balances"
    },
    {
      "source": "0",
      "target": "1"
    },
    {
      "source": "1",
      "target": "2"
    },
    {
      "source": "2",
      "target": "3"
    },
    {
      "source": "3",
      "target": "4"
    },
    {
      "source": "REF_4(uint256)",
      "target": "balances"
    },
    {
      "source": "4",
      "target": "5"
    },
    {
      "source": "REF_5(uint256)",
      "target": "balances"
    },
    {
      "source": "REF_6(uint256)",
      "target": "balances"
    },
    {
      "source": "5",
      "target": "6"
    },
    {
      "source": "REF_7(uint256)",
      "target": "balances"
    },
    {
      "source": "REF_7(",
      "target": "balances) = REF_7 - value\"]"
    },
    {
      "source": "6",
      "target": "7"
    },
    {
      "source": "REF_8(uint256)",
      "target": "balances"
    },
    {
      "source": "REF_8(",
      "target": "balances) = REF_8 + value\"]"
    },
    {
      "source": "7",
      "target": "8"
    },
    {
      "source": "8",
      "target": "9"
    },
    {
      "source": "0",
      "target": "1"
    },
    {
      "source": "1",
      "target": "2"
    },
    {
      "source": "0",
      "target": "1"
    }
  ]
}