{
  "nodes": [
    "0",
    "1",
    "2",
    "3",
    "4",
    "5",
    "6",
    "7",
    "8",
    "REF_0(uint256)",
    "REF_0(uint256) (",
    "REF_1(uint256)",
    "REF_10(",
    "REF_10(uint256)",
    "REF_11",
    "REF_11(mapping(address => uint256))",
    "REF_12(uint256)",
    "REF_12(uint256) (",
    "REF_13",
    "REF_13(mapping(address => uint256))",
    "REF_14(uint256)",
    "REF_2",
    "REF_2(mapping(address => uint256))",
    "REF_3(",
    "REF_3(uint256)",
    "REF_4",
    "REF_4(mapping(address => uint256))",
    "REF_5(",
    "REF_5(uint256)",
    "REF_6(uint256)",
    "REF_7(uint256)",
    "REF_8(uint256)",
    "REF_9(",
    "REF_9(uint256)",
    "balance",
    "balance) := supply(uint256)\"]",
    "balance) = REF_10 + _value\"]",
    "balance) = REF_9 - _value\"]",
    "m_allowance",
    "m_allowance) := _value(uint256)\"]",
    "m_allowance) = REF_3 - _value\"]",
    "m_allowance) = REF_5 + _value\"]"
  ],
  "edges": [
    {
      "source": "0",
      "target": "1"
    },
    {
      "source": "0",
      "target": "1"
    },
    {
      "source": "REF_1(uint256)",
      "target": "balance"
    },
    {
      "source": "0",
      "target": "1"
    },
    {
      "source": "1",
      "target": "2"
    },
    {
      "source": "1",
      "target": "3"
    },
    {
      "source": "2",
      "target": "3"
    },
    {
      "source": "3",
      "target": "4"
    },
    {
      "source": "REF_2(mapping(address => uint256))",
      "target": "m_allowance"
    },
    {
      "source": "REF_3(uint256)",
      "target": "REF_2"
    },
    {
      "source": "REF_3(",
      "target": "m_allowance) = REF_3 - _value\"]"
    },
    {
      "source": "4",
      "target": "5"
    },
    {
      "source": "5",
      "target": "6"
    },
    {
      "source": "5",
      "target": "8"
    },
    {
      "source": "REF_4(mapping(address => uint256))",
      "target": "m_allowance"
    },
    {
      "source": "REF_5(uint256)",
      "target": "REF_4"
    },
    {
      "source": "REF_5(",
      "target": "m_allowance) = REF_5 + _value\"]"
    },
    {
      "source": "6",
      "target": "7"
    },
    {
      "source": "0",
      "target": "1"
    },
    {
      "source": "REF_6(uint256)",
      "target": "balance"
    },
    {
      "source": "REF_7(uint256)",
      "target": "balance"
    },
    {
      "source": "REF_8(uint256)",
      "target": "balance"
    },
    {
      "source": "1",
      "target": "2"
    },
    {
      "source": "1",
      "target": "6"
    },
    {
      "source": "REF_9(uint256)",
      "target": "balance"
    },
    {
      "source": "REF_9(",
      "target": "balance) = REF_9 - _value\"]"
    },
    {
      "source": "2",
      "target": "3"
    },
    {
      "source": "REF_10(uint256)",
      "target": "balance"
    },
    {
      "source": "REF_10(",
      "target": "balance) = REF_10 + _value\"]"
    },
    {
      "source": "3",
      "target": "4"
    },
    {
      "source": "4",
      "target": "5"
    },
    {
      "source": "0",
      "target": "1"
    },
    {
      "source": "1",
      "target": "2"
    },
    {
      "source": "REF_0(uint256)",
      "target": "balance"
    },
    {
      "source": "REF_0(uint256) (",
      "target": "balance) := supply(uint256)\"]"
    },
    {
      "source": "2",
      "target": "3"
    },
    {
      "source": "3",
      "target": "4"
    },
    {
      "source": "0",
      "target": "1"
    },
    {
      "source": "1",
      "target": "2"
    },
    {
      "source": "2",
      "target": "3"
    },
    {
      "source": "3",
      "target": "4"
    },
    {
      "source": "0",
      "target": "1"
    },
    {
      "source": "1",
      "target": "2"
    },
    {
      "source": "1",
      "target": "3"
    },
    {
      "source": "2",
      "target": "3"
    },
    {
      "source": "3",
      "target": "4"
    },
    {
      "source": "REF_11(mapping(address => uint256))",
      "target": "m_allowance"
    },
    {
      "source": "REF_12(uint256)",
      "target": "REF_11"
    },
    {
      "source": "REF_12(uint256) (",
      "target": "m_allowance) := _value(uint256)\"]"
    },
    {
      "source": "4",
      "target": "5"
    },
    {
      "source": "5",
      "target": "6"
    },
    {
      "source": "0",
      "target": "1"
    },
    {
      "source": "REF_13(mapping(address => uint256))",
      "target": "m_allowance"
    },
    {
      "source": "REF_14(uint256)",
      "target": "REF_13"
    },
    {
      "source": "0",
      "target": "1"
    }
  ]
}