{
  "nodes": [
    "0",
    "1",
    "2",
    "3",
    "REF_0(RigidBit.Storage)",
    "REF_0.timestamp",
    "REF_1(uint256)",
    "REF_2(RigidBit.Storage)",
    "REF_2.timestamp",
    "REF_3(uint256)",
    "REF_4(RigidBit.Storage)",
    "REF_4.timestamp",
    "REF_5(uint256)",
    "REF_5(uint256) (",
    "assert(bool)(s",
    "s",
    "s) := now(uint256)\"]"
  ],
  "edges": [
    {
      "source": "0",
      "target": "3"
    },
    {
      "source": "REF_2(RigidBit.Storage)",
      "target": "s"
    },
    {
      "source": "REF_3(uint256)",
      "target": "REF_2.timestamp"
    },
    {
      "source": "1",
      "target": "2"
    },
    {
      "source": "REF_4(RigidBit.Storage)",
      "target": "s"
    },
    {
      "source": "REF_5(uint256)",
      "target": "REF_4.timestamp"
    },
    {
      "source": "REF_5(uint256) (",
      "target": "s) := now(uint256)\"]"
    },
    {
      "source": "3",
      "target": "1"
    },
    {
      "source": "0",
      "target": "2"
    },
    {
      "source": "2",
      "target": "1"
    },
    {
      "source": "0",
      "target": "1"
    },
    {
      "source": "1",
      "target": "2"
    },
    {
      "source": "0",
      "target": "1"
    },
    {
      "source": "0",
      "target": "1"
    },
    {
      "source": "REF_0(RigidBit.Storage)",
      "target": "s"
    },
    {
      "source": "REF_1(uint256)",
      "target": "REF_0.timestamp"
    }
  ]
}