{
  "nodes": [
    "(k1x,k1y) = arithContract.hash_pubkey_to_pubkey(pubkeys1",
    "(k1x,k1y,k1z) = arithContract.jmul(Gx,Gy,1,withdraw.signature",
    "(k1x,k1y,k1z) = arithContract.jmul(k1x,k1y,1,withdraw.signature",
    "(k2x,k2y,k2z) = arithContract.jmul(pubkeys1",
    "(k2x,k2y,k2z) = arithContract.jmul(withdraw.Ix,withdraw.Iy,1,withdraw.ring2",
    "0",
    "1",
    "10",
    "11",
    "12",
    "13",
    "14",
    "15",
    "16",
    "17",
    "18",
    "19",
    "2",
    "20",
    "21",
    "22",
    "23",
    "24",
    "25",
    "26",
    "27",
    "28",
    "29",
    "3",
    "30",
    "31",
    "4",
    "5",
    "6",
    "7",
    "8",
    "9",
    "LENGTH REF_15",
    "LENGTH REF_17",
    "LENGTH REF_19",
    "LENGTH REF_23",
    "LENGTH REF_66",
    "LENGTH REF_71",
    "LENGTH pubkeys1",
    "LENGTH pubkeys2",
    "REF_10(Laundromat.WithdrawInfo)",
    "REF_11(address)",
    "REF_11(address) (",
    "REF_12(uint256)",
    "REF_12(uint256) (",
    "REF_13(uint256)",
    "REF_13(uint256) (",
    "REF_14(uint256",
    "REF_15(uint256",
    "REF_16",
    "REF_16(uint256) (",
    "REF_17(uint256",
    "REF_18",
    "REF_18(uint256) (",
    "REF_19",
    "REF_19(uint256",
    "REF_21",
    "REF_21(uint256) (",
    "REF_22(uint256)",
    "REF_22(uint256) (",
    "REF_23",
    "REF_23(uint256",
    "REF_25",
    "REF_25(uint256) (",
    "REF_26(uint256)",
    "REF_26(uint256) (",
    "REF_27(uint256)",
    "REF_27(uint256) (",
    "REF_28(uint256)",
    "REF_28(uint256) (",
    "REF_29(Laundromat.WithdrawInfo)",
    "REF_30(uint256)",
    "REF_31(uint256)",
    "REF_32(uint256)",
    "REF_33(uint256)",
    "REF_34(bool)",
    "REF_36",
    "REF_36(uint256",
    "REF_37(uint256)",
    "REF_38(uint256)",
    "REF_4",
    "REF_4(uint256) (",
    "REF_40(uint256)",
    "REF_41(uint256)",
    "REF_42(uint256)",
    "REF_43(uint256)",
    "REF_44",
    "REF_44(uint256",
    "REF_45(uint256)",
    "REF_46(uint256)",
    "REF_5(uint256)",
    "REF_5(uint256) (",
    "REF_50(uint256)",
    "REF_51(uint256)",
    "REF_52(uint256)",
    "REF_53(uint256)",
    "REF_55",
    "REF_55(uint256",
    "REF_56(uint256)",
    "REF_57(uint256)",
    "REF_59(uint256)",
    "REF_60(uint256)",
    "REF_61",
    "REF_61(uint256",
    "REF_62(uint256)",
    "REF_63(uint256)",
    "REF_66",
    "REF_66(uint256",
    "REF_68(address)",
    "REF_69",
    "REF_69(uint256) (",
    "REF_7",
    "REF_7(uint256) (",
    "REF_70(uint256)",
    "REF_70(uint256) (",
    "REF_71",
    "REF_71(uint256",
    "REF_73(address)",
    "REF_74",
    "REF_74(uint256) (",
    "REF_75(uint256)",
    "REF_75(uint256) (",
    "REF_76(",
    "REF_76(uint256)",
    "REF_77(",
    "REF_77(uint256)",
    "REF_78(Laundromat.WithdrawInfo)",
    "REF_79(uint256)",
    "REF_8(uint256)",
    "REF_8(uint256) (",
    "REF_80(uint256)",
    "REF_81(uint256)",
    "REF_82(bool)",
    "REF_83",
    "REF_83(uint256",
    "REF_84(uint256)",
    "REF_85",
    "REF_85(uint256",
    "REF_86(uint256)",
    "REF_87",
    "REF_87(uint256",
    "REF_88(uint256)",
    "REF_89",
    "REF_89(uint256",
    "REF_9(bool)",
    "REF_90(uint256)",
    "REF_91(",
    "REF_91(uint256)",
    "REF_92(uint256)",
    "REF_93(uint256)",
    "REF_94(bool)",
    "REF_94(bool) (",
    "REF_95(address)",
    "TMP_14(bytes32) = SOLIDITY_CALL sha3()(",
    "TMP_28(bytes32) = SOLIDITY_CALL sha3()(",
    "TMP_3(bool) = LOW_LEVEL_CALL, dest:addr, function:call, arguments:",
    "TMP_39(bytes32) = SOLIDITY_CALL sha3()(",
    "TMP_45(bytes32) = SOLIDITY_CALL sha3()(",
    "TMP_57(bytes32) = SOLIDITY_CALL sha3()(",
    "TMP_64(bytes32) = SOLIDITY_CALL sha3()(",
    "TUPLE_0(uint256,uint256,uint256) = HIGH_LEVEL_CALL, dest:arithContract(ArithLib), function:jmul, arguments:",
    "TUPLE_1(uint256,uint256,uint256) = HIGH_LEVEL_CALL, dest:arithContract(ArithLib), function:jmul, arguments:",
    "TUPLE_2(uint256,uint256,uint256) = HIGH_LEVEL_CALL, dest:arithContract(ArithLib), function:jsub, arguments:",
    "TUPLE_3(uint256,uint256) = HIGH_LEVEL_CALL, dest:arithContract(ArithLib), function:jdecompose, arguments:",
    "TUPLE_4(uint256,uint256) = HIGH_LEVEL_CALL, dest:arithContract(ArithLib), function:hash_pubkey_to_pubkey, arguments:",
    "TUPLE_5(uint256,uint256,uint256) = HIGH_LEVEL_CALL, dest:arithContract(ArithLib), function:jmul, arguments:",
    "TUPLE_6(uint256,uint256,uint256) = HIGH_LEVEL_CALL, dest:arithContract(ArithLib), function:jmul, arguments:",
    "TUPLE_7(uint256,uint256,uint256) = HIGH_LEVEL_CALL, dest:arithContract(ArithLib), function:jsub, arguments:",
    "TUPLE_8(uint256,uint256) = HIGH_LEVEL_CALL, dest:arithContract(ArithLib), function:jdecompose, arguments:",
    "consumed",
    "consumed) := True(bool)\"]",
    "pubkeys1",
    "pubkeys1) := TMP_8(uint256)",
    "pubkeys1) := _pubkey1(uint256)\"]",
    "pubkeys2",
    "pubkeys2) := TMP_11(uint256)",
    "pubkeys2) := _pubkey2(uint256)\"]",
    "withdraw = withdraws",
    "withdraw) := 0(uint256)\"]",
    "withdraw) := 1(uint256)\"]",
    "withdraw) := TMP_19(uint256)",
    "withdraw) := TMP_21(uint256)\"]",
    "withdraw) := TMP_24(uint256)",
    "withdraw) := TMP_40(uint256)\"]",
    "withdraw) := TMP_43(uint256)",
    "withdraw) := TMP_48(uint256)\"]",
    "withdraw) := TMP_51(uint256)",
    "withdraw) := _Ix(uint256)\"]",
    "withdraw) := _Iy(uint256)\"]",
    "withdraw) := _signature(uint256",
    "withdraw) := _x0(uint256)\"]",
    "withdraw) := msg.sender(address)\"]",
    "withdraw) = REF_76 + 1\"]",
    "withdraw) = REF_77 + 1\"]",
    "withdraw) = REF_91 + 1\"]",
    "withdraw.Ix",
    "withdraw.Iy",
    "withdraw.prevStep",
    "withdraw.ring1",
    "withdraw.ring2",
    "withdraw.sender",
    "withdraw.signature",
    "withdraw.step",
    "withdraws"
  ],
  "edges": [
    {
      "source": "0",
      "target": "1"
    },
    {
      "source": "1",
      "target": "2"
    },
    {
      "source": "0",
      "target": "1"
    },
    {
      "source": "1",
      "target": "2"
    },
    {
      "source": "2",
      "target": "3"
    },
    {
      "source": "3",
      "target": "4"
    },
    {
      "source": "0",
      "target": "1"
    },
    {
      "source": "1",
      "target": "2"
    },
    {
      "source": "1",
      "target": "3"
    },
    {
      "source": "3",
      "target": "4"
    },
    {
      "source": "REF_4",
      "target": "LENGTH pubkeys1"
    },
    {
      "source": "REF_4(uint256) (",
      "target": "pubkeys1) := TMP_8(uint256)"
    },
    {
      "source": "REF_5(uint256)",
      "target": "pubkeys1"
    },
    {
      "source": "REF_5(uint256) (",
      "target": "pubkeys1) := _pubkey1(uint256)\"]"
    },
    {
      "source": "4",
      "target": "5"
    },
    {
      "source": "REF_7",
      "target": "LENGTH pubkeys2"
    },
    {
      "source": "REF_7(uint256) (",
      "target": "pubkeys2) := TMP_11(uint256)"
    },
    {
      "source": "REF_8(uint256)",
      "target": "pubkeys2"
    },
    {
      "source": "REF_8(uint256) (",
      "target": "pubkeys2) := _pubkey2(uint256)\"]"
    },
    {
      "source": "5",
      "target": "6"
    },
    {
      "source": "0",
      "target": "1"
    },
    {
      "source": "0",
      "target": "1"
    },
    {
      "source": "1",
      "target": "2"
    },
    {
      "source": "1",
      "target": "3"
    },
    {
      "source": "3",
      "target": "4"
    },
    {
      "source": "4",
      "target": "5"
    },
    {
      "source": "5",
      "target": "6"
    },
    {
      "source": "5",
      "target": "8"
    },
    {
      "source": "6",
      "target": "7"
    },
    {
      "source": "8",
      "target": "9"
    },
    {
      "source": "0",
      "target": "1"
    },
    {
      "source": "1",
      "target": "2"
    },
    {
      "source": "2",
      "target": "3"
    },
    {
      "source": "3",
      "target": "4"
    },
    {
      "source": "0",
      "target": "1"
    },
    {
      "source": "1",
      "target": "2"
    },
    {
      "source": "1",
      "target": "3"
    },
    {
      "source": "3",
      "target": "4"
    },
    {
      "source": "REF_9(bool)",
      "target": "consumed"
    },
    {
      "source": "4",
      "target": "5"
    },
    {
      "source": "4",
      "target": "6"
    },
    {
      "source": "6",
      "target": "7"
    },
    {
      "source": "REF_10(Laundromat.WithdrawInfo)",
      "target": "withdraws"
    },
    {
      "source": "7",
      "target": "8"
    },
    {
      "source": "REF_11(address)",
      "target": "withdraw.sender"
    },
    {
      "source": "REF_11(address) (",
      "target": "withdraw) := msg.sender(address)\"]"
    },
    {
      "source": "8",
      "target": "9"
    },
    {
      "source": "REF_12(uint256)",
      "target": "withdraw.Ix"
    },
    {
      "source": "REF_12(uint256) (",
      "target": "withdraw) := _Ix(uint256)\"]"
    },
    {
      "source": "9",
      "target": "10"
    },
    {
      "source": "REF_13(uint256)",
      "target": "withdraw.Iy"
    },
    {
      "source": "REF_13(uint256) (",
      "target": "withdraw) := _Iy(uint256)\"]"
    },
    {
      "source": "10",
      "target": "11"
    },
    {
      "source": "REF_14(uint256",
      "target": "withdraw.signature"
    },
    {
      "source": "REF_14(uint256",
      "target": "withdraw) := _signature(uint256"
    },
    {
      "source": "11",
      "target": "12"
    },
    {
      "source": "REF_15(uint256",
      "target": "withdraw.ring1"
    },
    {
      "source": "REF_16",
      "target": "LENGTH REF_15"
    },
    {
      "source": "REF_16(uint256) (",
      "target": "withdraw) := 0(uint256)\"]"
    },
    {
      "source": "12",
      "target": "13"
    },
    {
      "source": "REF_17(uint256",
      "target": "withdraw.ring2"
    },
    {
      "source": "REF_18",
      "target": "LENGTH REF_17"
    },
    {
      "source": "REF_18(uint256) (",
      "target": "withdraw) := 0(uint256)\"]"
    },
    {
      "source": "13",
      "target": "14"
    },
    {
      "source": "REF_19(uint256",
      "target": "withdraw.ring1"
    },
    {
      "source": "REF_21",
      "target": "LENGTH REF_19"
    },
    {
      "source": "REF_21(uint256) (",
      "target": "withdraw) := TMP_19(uint256)"
    },
    {
      "source": "REF_22(uint256)",
      "target": "REF_19"
    },
    {
      "source": "REF_22(uint256) (",
      "target": "withdraw) := _x0(uint256)\"]"
    },
    {
      "source": "14",
      "target": "15"
    },
    {
      "source": "REF_23(uint256",
      "target": "withdraw.ring2"
    },
    {
      "source": "REF_25",
      "target": "LENGTH REF_23"
    },
    {
      "source": "REF_25(uint256) (",
      "target": "withdraw) := TMP_24(uint256)"
    },
    {
      "source": "REF_26(uint256)",
      "target": "REF_23"
    },
    {
      "source": "REF_26(uint256) (",
      "target": "withdraw) := TMP_21(uint256)\"]"
    },
    {
      "source": "15",
      "target": "16"
    },
    {
      "source": "REF_27(uint256)",
      "target": "withdraw.step"
    },
    {
      "source": "REF_27(uint256) (",
      "target": "withdraw) := 1(uint256)\"]"
    },
    {
      "source": "16",
      "target": "17"
    },
    {
      "source": "REF_28(uint256)",
      "target": "withdraw.prevStep"
    },
    {
      "source": "REF_28(uint256) (",
      "target": "withdraw) := 0(uint256)\"]"
    },
    {
      "source": "0",
      "target": "1"
    },
    {
      "source": "REF_78(Laundromat.WithdrawInfo)",
      "target": "withdraws"
    },
    {
      "source": "1",
      "target": "2"
    },
    {
      "source": "REF_79(uint256)",
      "target": "withdraw.step"
    },
    {
      "source": "2",
      "target": "3"
    },
    {
      "source": "2",
      "target": "4"
    },
    {
      "source": "4",
      "target": "5"
    },
    {
      "source": "REF_80(uint256)",
      "target": "withdraw.Ix"
    },
    {
      "source": "REF_81(uint256)",
      "target": "withdraw.Iy"
    },
    {
      "source": "REF_82(bool)",
      "target": "consumed"
    },
    {
      "source": "5",
      "target": "6"
    },
    {
      "source": "5",
      "target": "7"
    },
    {
      "source": "7",
      "target": "8"
    },
    {
      "source": "REF_83(uint256",
      "target": "withdraw.ring1"
    },
    {
      "source": "REF_84(uint256)",
      "target": "REF_83"
    },
    {
      "source": "REF_85(uint256",
      "target": "withdraw.ring1"
    },
    {
      "source": "REF_86(uint256)",
      "target": "REF_85"
    },
    {
      "source": "8",
      "target": "9"
    },
    {
      "source": "8",
      "target": "11"
    },
    {
      "source": "9",
      "target": "10"
    },
    {
      "source": "11",
      "target": "12"
    },
    {
      "source": "REF_87(uint256",
      "target": "withdraw.ring2"
    },
    {
      "source": "REF_88(uint256)",
      "target": "REF_87"
    },
    {
      "source": "REF_89(uint256",
      "target": "withdraw.ring2"
    },
    {
      "source": "REF_90(uint256)",
      "target": "REF_89"
    },
    {
      "source": "12",
      "target": "13"
    },
    {
      "source": "12",
      "target": "15"
    },
    {
      "source": "13",
      "target": "14"
    },
    {
      "source": "15",
      "target": "16"
    },
    {
      "source": "REF_91(uint256)",
      "target": "withdraw.step"
    },
    {
      "source": "REF_91(",
      "target": "withdraw) = REF_91 + 1\"]"
    },
    {
      "source": "16",
      "target": "17"
    },
    {
      "source": "REF_92(uint256)",
      "target": "withdraw.Ix"
    },
    {
      "source": "REF_93(uint256)",
      "target": "withdraw.Iy"
    },
    {
      "source": "REF_94(bool)",
      "target": "consumed"
    },
    {
      "source": "REF_94(bool) (",
      "target": "consumed) := True(bool)\"]"
    },
    {
      "source": "17",
      "target": "18"
    },
    {
      "source": "REF_95(address)",
      "target": "withdraw.sender"
    },
    {
      "source": "18",
      "target": "19"
    },
    {
      "source": "0",
      "target": "1"
    },
    {
      "source": "REF_29(Laundromat.WithdrawInfo)",
      "target": "withdraws"
    },
    {
      "source": "1",
      "target": "2"
    },
    {
      "source": "REF_30(uint256)",
      "target": "withdraw.step"
    },
    {
      "source": "2",
      "target": "3"
    },
    {
      "source": "2",
      "target": "4"
    },
    {
      "source": "4",
      "target": "5"
    },
    {
      "source": "REF_31(uint256)",
      "target": "withdraw.step"
    },
    {
      "source": "5",
      "target": "6"
    },
    {
      "source": "5",
      "target": "7"
    },
    {
      "source": "7",
      "target": "8"
    },
    {
      "source": "REF_32(uint256)",
      "target": "withdraw.Ix"
    },
    {
      "source": "REF_33(uint256)",
      "target": "withdraw.Iy"
    },
    {
      "source": "REF_34(bool)",
      "target": "consumed"
    },
    {
      "source": "8",
      "target": "9"
    },
    {
      "source": "8",
      "target": "10"
    },
    {
      "source": "10",
      "target": "11"
    },
    {
      "source": "11",
      "target": "12"
    },
    {
      "source": "12",
      "target": "13"
    },
    {
      "source": "13",
      "target": "14"
    },
    {
      "source": "14",
      "target": "15"
    },
    {
      "source": "15",
      "target": "16"
    },
    {
      "source": "16",
      "target": "17"
    },
    {
      "source": "17",
      "target": "18"
    },
    {
      "source": "18",
      "target": "19"
    },
    {
      "source": "REF_36(uint256",
      "target": "withdraw.signature"
    },
    {
      "source": "REF_37(uint256)",
      "target": "withdraw.prevStep"
    },
    {
      "source": "REF_38(uint256)",
      "target": "REF_36"
    },
    {
      "source": "19",
      "target": "20"
    },
    {
      "source": "REF_40(uint256)",
      "target": "withdraw.step"
    },
    {
      "source": "REF_41(uint256)",
      "target": "pubkeys1"
    },
    {
      "source": "REF_42(uint256)",
      "target": "withdraw.step"
    },
    {
      "source": "REF_43(uint256)",
      "target": "pubkeys2"
    },
    {
      "source": "REF_44(uint256",
      "target": "withdraw.ring2"
    },
    {
      "source": "REF_45(uint256)",
      "target": "withdraw.prevStep"
    },
    {
      "source": "REF_46(uint256)",
      "target": "REF_44"
    },
    {
      "source": "20",
      "target": "21"
    },
    {
      "source": "21",
      "target": "22"
    },
    {
      "source": "22",
      "target": "23"
    },
    {
      "source": "REF_50(uint256)",
      "target": "withdraw.step"
    },
    {
      "source": "REF_51(uint256)",
      "target": "pubkeys1"
    },
    {
      "source": "REF_52(uint256)",
      "target": "withdraw.step"
    },
    {
      "source": "REF_53(uint256)",
      "target": "pubkeys2"
    },
    {
      "source": "23",
      "target": "24"
    },
    {
      "source": "REF_55(uint256",
      "target": "withdraw.signature"
    },
    {
      "source": "REF_56(uint256)",
      "target": "withdraw.prevStep"
    },
    {
      "source": "REF_57(uint256)",
      "target": "REF_55"
    },
    {
      "source": "24",
      "target": "25"
    },
    {
      "source": "REF_59(uint256)",
      "target": "withdraw.Ix"
    },
    {
      "source": "REF_60(uint256)",
      "target": "withdraw.Iy"
    },
    {
      "source": "REF_61(uint256",
      "target": "withdraw.ring2"
    },
    {
      "source": "REF_62(uint256)",
      "target": "withdraw.prevStep"
    },
    {
      "source": "REF_63(uint256)",
      "target": "REF_61"
    },
    {
      "source": "25",
      "target": "26"
    },
    {
      "source": "26",
      "target": "27"
    },
    {
      "source": "27",
      "target": "28"
    },
    {
      "source": "REF_66(uint256",
      "target": "withdraw.ring1"
    },
    {
      "source": "REF_68(address)",
      "target": "withdraw.sender"
    },
    {
      "source": "REF_69",
      "target": "LENGTH REF_66"
    },
    {
      "source": "REF_69(uint256) (",
      "target": "withdraw) := TMP_43(uint256)"
    },
    {
      "source": "REF_70(uint256)",
      "target": "REF_66"
    },
    {
      "source": "REF_70(uint256) (",
      "target": "withdraw) := TMP_40(uint256)\"]"
    },
    {
      "source": "28",
      "target": "29"
    },
    {
      "source": "REF_71(uint256",
      "target": "withdraw.ring2"
    },
    {
      "source": "REF_73(address)",
      "target": "withdraw.sender"
    },
    {
      "source": "REF_74",
      "target": "LENGTH REF_71"
    },
    {
      "source": "REF_74(uint256) (",
      "target": "withdraw) := TMP_51(uint256)"
    },
    {
      "source": "REF_75(uint256)",
      "target": "REF_71"
    },
    {
      "source": "REF_75(uint256) (",
      "target": "withdraw) := TMP_48(uint256)\"]"
    },
    {
      "source": "29",
      "target": "30"
    },
    {
      "source": "REF_76(uint256)",
      "target": "withdraw.step"
    },
    {
      "source": "REF_76(",
      "target": "withdraw) = REF_76 + 1\"]"
    },
    {
      "source": "30",
      "target": "31"
    },
    {
      "source": "REF_77(uint256)",
      "target": "withdraw.prevStep"
    },
    {
      "source": "REF_77(",
      "target": "withdraw) = REF_77 + 1\"]"
    }
  ]
}