{
  "nodes": [
    "0",
    "1",
    "10",
    "11",
    "12",
    "13",
    "14",
    "15",
    "16",
    "17",
    "18",
    "19",
    "2",
    "20",
    "3",
    "4",
    "5",
    "6",
    "7",
    "8",
    "9",
    "HIGH_LEVEL_CALL, dest:forwarder(Forwarder), function:flushTokens, arguments:",
    "LENGTH allowedSigners",
    "LENGTH signature",
    "LENGTH signers",
    "REF_12",
    "REF_13(address)",
    "REF_14",
    "REF_15(uint256)",
    "REF_16(uint256)",
    "REF_17(uint256)",
    "REF_18(uint256)",
    "REF_19(uint256)",
    "REF_20(uint256)",
    "REF_20(uint256) (",
    "REF_21(uint256)",
    "REF_22(uint256)",
    "REF_7",
    "TMP_1(bool) = LOW_LEVEL_CALL, dest:parentAddress, function:call, arguments:",
    "TMP_13(bool) = LOW_LEVEL_CALL, dest:parentAddress, function:call, arguments:",
    "TMP_25(bool) = LOW_LEVEL_CALL, dest:toAddress, function:call, arguments:",
    "TMP_32(bool) = HIGH_LEVEL_CALL, dest:instance(ERC20Interface), function:transfer, arguments:",
    "TMP_6(uint256) = HIGH_LEVEL_CALL, dest:instance(ERC20Interface), function:balanceOf, arguments:",
    "TMP_8(bool) = HIGH_LEVEL_CALL, dest:instance(ERC20Interface), function:transfer, arguments:",
    "highestSequenceId = recentSequenceIds",
    "recentSequenceIds",
    "recentSequenceIds) := sequenceId(uint256)\"]",
    "sequenceId < recentSequenceIds",
    "sequenceId > (recentSequenceIds",
    "signers",
    "signers(address"
  ],
  "edges": [
    {
      "source": "0",
      "target": "3"
    },
    {
      "source": "1",
      "target": "2"
    },
    {
      "source": "3",
      "target": "1"
    },
    {
      "source": "0",
      "target": "7"
    },
    {
      "source": "1",
      "target": "2"
    },
    {
      "source": "2",
      "target": "3"
    },
    {
      "source": "3",
      "target": "4"
    },
    {
      "source": "3",
      "target": "5"
    },
    {
      "source": "5",
      "target": "6"
    },
    {
      "source": "7",
      "target": "1"
    },
    {
      "source": "0",
      "target": "20"
    },
    {
      "source": "1",
      "target": "4"
    },
    {
      "source": "2",
      "target": "5"
    },
    {
      "source": "3",
      "target": "13"
    },
    {
      "source": "4",
      "target": "2"
    },
    {
      "source": "5",
      "target": "6"
    },
    {
      "source": "5",
      "target": "3"
    },
    {
      "source": "REF_15(uint256)",
      "target": "recentSequenceIds"
    },
    {
      "source": "6",
      "target": "7"
    },
    {
      "source": "6",
      "target": "8"
    },
    {
      "source": "8",
      "target": "9"
    },
    {
      "source": "REF_16(uint256)",
      "target": "recentSequenceIds"
    },
    {
      "source": "REF_17(uint256)",
      "target": "recentSequenceIds"
    },
    {
      "source": "9",
      "target": "10"
    },
    {
      "source": "9",
      "target": "11"
    },
    {
      "source": "10",
      "target": "11"
    },
    {
      "source": "11",
      "target": "12"
    },
    {
      "source": "12",
      "target": "5"
    },
    {
      "source": "REF_18(uint256)",
      "target": "recentSequenceIds"
    },
    {
      "source": "13",
      "target": "14"
    },
    {
      "source": "13",
      "target": "15"
    },
    {
      "source": "15",
      "target": "16"
    },
    {
      "source": "REF_19(uint256)",
      "target": "recentSequenceIds"
    },
    {
      "source": "16",
      "target": "17"
    },
    {
      "source": "16",
      "target": "18"
    },
    {
      "source": "18",
      "target": "19"
    },
    {
      "source": "REF_20(uint256)",
      "target": "recentSequenceIds"
    },
    {
      "source": "REF_20(uint256) (",
      "target": "recentSequenceIds) := sequenceId(uint256)\"]"
    },
    {
      "source": "20",
      "target": "1"
    },
    {
      "source": "0",
      "target": "1"
    },
    {
      "source": "1",
      "target": "4"
    },
    {
      "source": "2",
      "target": "5"
    },
    {
      "source": "3",
      "target": "10"
    },
    {
      "source": "4",
      "target": "2"
    },
    {
      "source": "5",
      "target": "6"
    },
    {
      "source": "5",
      "target": "3"
    },
    {
      "source": "REF_21(uint256)",
      "target": "recentSequenceIds"
    },
    {
      "source": "6",
      "target": "7"
    },
    {
      "source": "6",
      "target": "8"
    },
    {
      "source": "REF_22(uint256)",
      "target": "recentSequenceIds"
    },
    {
      "source": "7",
      "target": "8"
    },
    {
      "source": "8",
      "target": "9"
    },
    {
      "source": "9",
      "target": "5"
    },
    {
      "source": "0",
      "target": "1"
    },
    {
      "source": "0",
      "target": "1"
    },
    {
      "source": "1",
      "target": "2"
    },
    {
      "source": "2",
      "target": "3"
    },
    {
      "source": "2",
      "target": "4"
    },
    {
      "source": "4",
      "target": "5"
    },
    {
      "source": "5",
      "target": "6"
    },
    {
      "source": "5",
      "target": "7"
    },
    {
      "source": "7",
      "target": "8"
    },
    {
      "source": "8",
      "target": "9"
    },
    {
      "source": "9",
      "target": "10"
    },
    {
      "source": "9",
      "target": "11"
    },
    {
      "source": "11",
      "target": "12"
    },
    {
      "source": "12",
      "target": "13"
    },
    {
      "source": "12",
      "target": "14"
    },
    {
      "source": "14",
      "target": "15"
    },
    {
      "source": "0",
      "target": "1"
    },
    {
      "source": "REF_7",
      "target": "LENGTH allowedSigners"
    },
    {
      "source": "1",
      "target": "2"
    },
    {
      "source": "1",
      "target": "3"
    },
    {
      "source": "3",
      "target": "4"
    },
    {
      "source": "0",
      "target": "3"
    },
    {
      "source": "1",
      "target": "4"
    },
    {
      "source": "2",
      "target": "9"
    },
    {
      "source": "3",
      "target": "1"
    },
    {
      "source": "REF_12",
      "target": "LENGTH signers"
    },
    {
      "source": "4",
      "target": "5"
    },
    {
      "source": "4",
      "target": "2"
    },
    {
      "source": "REF_13(address)",
      "target": "signers"
    },
    {
      "source": "5",
      "target": "6"
    },
    {
      "source": "5",
      "target": "7"
    },
    {
      "source": "7",
      "target": "8"
    },
    {
      "source": "8",
      "target": "4"
    },
    {
      "source": "0",
      "target": "1"
    },
    {
      "source": "REF_14",
      "target": "LENGTH signature"
    },
    {
      "source": "1",
      "target": "2"
    },
    {
      "source": "1",
      "target": "3"
    },
    {
      "source": "3",
      "target": "4"
    },
    {
      "source": "4",
      "target": "5"
    },
    {
      "source": "5",
      "target": "6"
    },
    {
      "source": "6",
      "target": "7"
    },
    {
      "source": "7",
      "target": "8"
    },
    {
      "source": "8",
      "target": "9"
    },
    {
      "source": "9",
      "target": "10"
    },
    {
      "source": "9",
      "target": "11"
    },
    {
      "source": "10",
      "target": "11"
    },
    {
      "source": "11",
      "target": "12"
    },
    {
      "source": "0",
      "target": "1"
    },
    {
      "source": "1",
      "target": "2"
    },
    {
      "source": "1",
      "target": "3"
    },
    {
      "source": "2",
      "target": "3"
    },
    {
      "source": "0",
      "target": "3"
    },
    {
      "source": "1",
      "target": "2"
    },
    {
      "source": "3",
      "target": "1"
    },
    {
      "source": "0",
      "target": "11"
    },
    {
      "source": "1",
      "target": "2"
    },
    {
      "source": "2",
      "target": "3"
    },
    {
      "source": "3",
      "target": "4"
    },
    {
      "source": "4",
      "target": "5"
    },
    {
      "source": "4",
      "target": "6"
    },
    {
      "source": "6",
      "target": "7"
    },
    {
      "source": "7",
      "target": "8"
    },
    {
      "source": "7",
      "target": "9"
    },
    {
      "source": "9",
      "target": "10"
    },
    {
      "source": "11",
      "target": "1"
    },
    {
      "source": "0",
      "target": "1"
    },
    {
      "source": "1",
      "target": "2"
    },
    {
      "source": "1",
      "target": "3"
    },
    {
      "source": "0",
      "target": "1"
    },
    {
      "source": "1",
      "target": "2"
    },
    {
      "source": "1",
      "target": "3"
    },
    {
      "source": "3",
      "target": "4"
    },
    {
      "source": "0",
      "target": "1"
    },
    {
      "source": "1",
      "target": "2"
    },
    {
      "source": "1",
      "target": "3"
    },
    {
      "source": "3",
      "target": "4"
    },
    {
      "source": "0",
      "target": "2"
    },
    {
      "source": "2",
      "target": "1"
    },
    {
      "source": "0",
      "target": "8"
    },
    {
      "source": "1",
      "target": "2"
    },
    {
      "source": "2",
      "target": "3"
    },
    {
      "source": "3",
      "target": "4"
    },
    {
      "source": "4",
      "target": "5"
    },
    {
      "source": "4",
      "target": "6"
    },
    {
      "source": "6",
      "target": "7"
    },
    {
      "source": "8",
      "target": "1"
    },
    {
      "source": "0",
      "target": "1"
    },
    {
      "source": "1",
      "target": "2"
    },
    {
      "source": "1",
      "target": "3"
    },
    {
      "source": "3",
      "target": "4"
    }
  ]
}