{
  "nodes": [
    "0",
    "1",
    "10",
    "11",
    "12",
    "13",
    "14",
    "15",
    "16",
    "17",
    "18",
    "19",
    "2",
    "20",
    "21",
    "22",
    "23",
    "24",
    "25",
    "26",
    "27",
    "28",
    "29",
    "3",
    "30",
    "31",
    "32",
    "33",
    "34",
    "4",
    "5",
    "6",
    "7",
    "8",
    "9",
    "HIGH_LEVEL_CALL, dest:TMP_48(SpecialERC20), function:transfer, arguments:",
    "HIGH_LEVEL_CALL, dest:TMP_99(SpecialERC20), function:transfer, arguments:",
    "LENGTH REF_17",
    "LENGTH REF_21",
    "LENGTH REF_28",
    "LENGTH REF_32",
    "LENGTH REF_62",
    "LENGTH REF_64",
    "LENGTH REF_93",
    "LENGTH REF_95",
    "LIBRARY_CALL, dest:SafeERC20, function:SafeERC20.safeTransferFrom(ERC20,address,address,uint256), arguments:",
    "REF_10(address",
    "REF_100(uint256)",
    "REF_101(uint256)",
    "REF_102(uint256)",
    "REF_103(uint256)",
    "REF_104(uint256)",
    "REF_107(uint256)",
    "REF_109(address)",
    "REF_11(uint256)",
    "REF_111(bool)",
    "REF_112(address)",
    "REF_114(address)",
    "REF_116(uint256)",
    "REF_116(uint256) (",
    "REF_117(uint256)",
    "REF_119(address)",
    "REF_12(address)",
    "REF_120(address)",
    "REF_13(uint256)",
    "REF_14(bool)",
    "REF_16(DecentralizedExchanges.OrderInfo)",
    "REF_16(DecentralizedExchanges.OrderInfo) (",
    "REF_17(bytes32",
    "REF_18",
    "REF_19",
    "REF_19(bytes32",
    "REF_20(bytes32)",
    "REF_21",
    "REF_21(bytes32",
    "REF_23",
    "REF_23(uint256) (",
    "REF_24(bytes32)",
    "REF_24(bytes32) (",
    "REF_27(DecentralizedExchanges.OrderInfo)",
    "REF_27(DecentralizedExchanges.OrderInfo) (",
    "REF_28(bytes32",
    "REF_29",
    "REF_3(DecentralizedExchanges.OrderInfo)",
    "REF_30",
    "REF_30(bytes32",
    "REF_31(bytes32)",
    "REF_32",
    "REF_32(bytes32",
    "REF_34",
    "REF_34(uint256) (",
    "REF_35(bytes32)",
    "REF_35(bytes32) (",
    "REF_36(DecentralizedExchanges.OrderInfo)",
    "REF_37(address)",
    "REF_38(bool)",
    "REF_39(uint256)",
    "REF_4(bool)",
    "REF_40(uint256)",
    "REF_41(uint256)",
    "REF_42(uint256)",
    "REF_43(uint256)",
    "REF_43(uint256) (",
    "REF_44(uint256)",
    "REF_45(bool)",
    "REF_46(address)",
    "REF_48(address)",
    "REF_5(uint256)",
    "REF_50(bool)",
    "REF_51(bool)",
    "REF_52(uint256)",
    "REF_53(uint256)",
    "REF_54(uint256)",
    "REF_55(uint256)",
    "REF_56(uint256)",
    "REF_56(uint256) (",
    "REF_57(uint256)",
    "REF_59(bool)",
    "REF_6(address)",
    "REF_60(bool)",
    "REF_61(DecentralizedExchanges.OrderInfo)",
    "REF_62(address",
    "REF_63",
    "REF_64(address",
    "REF_65",
    "REF_66",
    "REF_66(address",
    "REF_67(address)",
    "REF_68(uint256)",
    "REF_69(uint256)",
    "REF_7(uint256)",
    "REF_70(uint256)",
    "REF_71(uint256)",
    "REF_72(uint256)",
    "REF_74(uint256)",
    "REF_76(uint256)",
    "REF_77(address)",
    "REF_79(uint256)",
    "REF_8(uint256)",
    "REF_82(uint256)",
    "REF_84(address)",
    "REF_86(address)",
    "REF_87(uint256)",
    "REF_87(uint256) (",
    "REF_88(uint256)",
    "REF_9(uint256)",
    "REF_90(address)",
    "REF_91(address)",
    "REF_92(DecentralizedExchanges.OrderInfo)",
    "REF_93(address",
    "REF_94",
    "REF_95(address",
    "REF_96",
    "REF_97",
    "REF_97(address",
    "REF_98(address)",
    "REF_99(uint256)",
    "TMP_102(bool) = HIGH_LEVEL_CALL, dest:TMP_101(ERC20), function:transfer, arguments:",
    "TMP_103(uint256) = LIBRARY_CALL, dest:SafeMath, function:SafeMath.add(uint256,uint256), arguments:",
    "TMP_12(bool) = HIGH_LEVEL_CALL, dest:token(ERC20Basic), function:transfer, arguments:",
    "TMP_14(bool) = HIGH_LEVEL_CALL, dest:token(ERC20), function:transferFrom, arguments:",
    "TMP_16(bool) = HIGH_LEVEL_CALL, dest:token(ERC20), function:approve, arguments:",
    "TMP_51(bool) = HIGH_LEVEL_CALL, dest:TMP_50(ERC20), function:transfer, arguments:",
    "TMP_69(uint256) = LIBRARY_CALL, dest:SafeMath, function:SafeMath.mul(uint256,uint256), arguments:",
    "TMP_70(uint256) = LIBRARY_CALL, dest:SafeMath, function:SafeMath.div(uint256,uint256), arguments:",
    "TMP_73(uint256) = LIBRARY_CALL, dest:SafeMath, function:SafeMath.mul(uint256,uint256), arguments:",
    "TMP_74(uint256) = LIBRARY_CALL, dest:SafeMath, function:SafeMath.div(uint256,uint256), arguments:",
    "TMP_77(bool) = HIGH_LEVEL_CALL, dest:TMP_76(ERC20), function:transfer, arguments:",
    "TMP_78(uint256) = LIBRARY_CALL, dest:SafeMath, function:SafeMath.add(uint256,uint256), arguments:",
    "TMP_91(uint256) = LIBRARY_CALL, dest:SafeMath, function:SafeMath.mul(uint256,uint256), arguments:",
    "TMP_92(uint256) = LIBRARY_CALL, dest:SafeMath, function:SafeMath.div(uint256,uint256), arguments:",
    "i < userOrders",
    "info = orderInfos",
    "info) := REF_44(uint256)\"]",
    "info) := REF_57(uint256)\"]",
    "info) := TMP_103(uint256)\"]",
    "info) := TMP_78(uint256)\"]",
    "info.amount",
    "info.createdAt",
    "info.eth",
    "info.expires",
    "info.fill",
    "info.isSell",
    "info.isSpecialERC20",
    "info.limitUser",
    "info.nonce",
    "info.owner",
    "info.token",
    "orderInfos",
    "orderInfos) := TMP_22(DecentralizedExchanges.OrderInfo)\"]",
    "orderInfos) := TMP_35(DecentralizedExchanges.OrderInfo)\"]",
    "require(bool)(userOrders",
    "userOrders",
    "userOrders) := TMP_29(uint256)",
    "userOrders) := TMP_42(uint256)",
    "userOrders) := hash(bytes32)\"]"
  ],
  "edges": [
    {
      "source": "0",
      "target": "1"
    },
    {
      "source": "0",
      "target": "1"
    },
    {
      "source": "1",
      "target": "2"
    },
    {
      "source": "0",
      "target": "1"
    },
    {
      "source": "REF_36(DecentralizedExchanges.OrderInfo)",
      "target": "orderInfos"
    },
    {
      "source": "1",
      "target": "2"
    },
    {
      "source": "REF_37(address)",
      "target": "info.owner"
    },
    {
      "source": "2",
      "target": "3"
    },
    {
      "source": "REF_38(bool)",
      "target": "info.isSell"
    },
    {
      "source": "3",
      "target": "4"
    },
    {
      "source": "3",
      "target": "15"
    },
    {
      "source": "REF_39(uint256)",
      "target": "info.fill"
    },
    {
      "source": "REF_40(uint256)",
      "target": "info.amount"
    },
    {
      "source": "4",
      "target": "5"
    },
    {
      "source": "4",
      "target": "13"
    },
    {
      "source": "REF_41(uint256)",
      "target": "info.amount"
    },
    {
      "source": "5",
      "target": "6"
    },
    {
      "source": "REF_42(uint256)",
      "target": "info.fill"
    },
    {
      "source": "6",
      "target": "7"
    },
    {
      "source": "REF_43(uint256)",
      "target": "info.fill"
    },
    {
      "source": "REF_44(uint256)",
      "target": "info.amount"
    },
    {
      "source": "REF_43(uint256) (",
      "target": "info) := REF_44(uint256)\"]"
    },
    {
      "source": "7",
      "target": "8"
    },
    {
      "source": "REF_45(bool)",
      "target": "info.isSpecialERC20"
    },
    {
      "source": "8",
      "target": "9"
    },
    {
      "source": "8",
      "target": "10"
    },
    {
      "source": "REF_46(address)",
      "target": "info.token"
    },
    {
      "source": "9",
      "target": "11"
    },
    {
      "source": "REF_48(address)",
      "target": "info.token"
    },
    {
      "source": "10",
      "target": "11"
    },
    {
      "source": "11",
      "target": "12"
    },
    {
      "source": "REF_50(bool)",
      "target": "info.isSell"
    },
    {
      "source": "12",
      "target": "14"
    },
    {
      "source": "REF_51(bool)",
      "target": "info.isSell"
    },
    {
      "source": "13",
      "target": "14"
    },
    {
      "source": "14",
      "target": "23"
    },
    {
      "source": "REF_52(uint256)",
      "target": "info.fill"
    },
    {
      "source": "REF_53(uint256)",
      "target": "info.eth"
    },
    {
      "source": "15",
      "target": "16"
    },
    {
      "source": "15",
      "target": "21"
    },
    {
      "source": "REF_54(uint256)",
      "target": "info.eth"
    },
    {
      "source": "16",
      "target": "17"
    },
    {
      "source": "REF_55(uint256)",
      "target": "info.fill"
    },
    {
      "source": "17",
      "target": "18"
    },
    {
      "source": "REF_56(uint256)",
      "target": "info.fill"
    },
    {
      "source": "REF_57(uint256)",
      "target": "info.eth"
    },
    {
      "source": "REF_56(uint256) (",
      "target": "info) := REF_57(uint256)\"]"
    },
    {
      "source": "18",
      "target": "19"
    },
    {
      "source": "19",
      "target": "20"
    },
    {
      "source": "REF_59(bool)",
      "target": "info.isSell"
    },
    {
      "source": "20",
      "target": "22"
    },
    {
      "source": "REF_60(bool)",
      "target": "info.isSell"
    },
    {
      "source": "21",
      "target": "22"
    },
    {
      "source": "22",
      "target": "23"
    },
    {
      "source": "0",
      "target": "1"
    },
    {
      "source": "0",
      "target": "1"
    },
    {
      "source": "1",
      "target": "2"
    },
    {
      "source": "1",
      "target": "3"
    },
    {
      "source": "3",
      "target": "4"
    },
    {
      "source": "4",
      "target": "5"
    },
    {
      "source": "5",
      "target": "6"
    },
    {
      "source": "0",
      "target": "1"
    },
    {
      "source": "REF_92(DecentralizedExchanges.OrderInfo)",
      "target": "orderInfos"
    },
    {
      "source": "1",
      "target": "2"
    },
    {
      "source": "2",
      "target": "3"
    },
    {
      "source": "REF_93(address",
      "target": "info.limitUser"
    },
    {
      "source": "REF_94",
      "target": "LENGTH REF_93"
    },
    {
      "source": "3",
      "target": "6"
    },
    {
      "source": "3",
      "target": "14"
    },
    {
      "source": "4",
      "target": "7"
    },
    {
      "source": "5",
      "target": "13"
    },
    {
      "source": "6",
      "target": "4"
    },
    {
      "source": "REF_95(address",
      "target": "info.limitUser"
    },
    {
      "source": "REF_96",
      "target": "LENGTH REF_95"
    },
    {
      "source": "7",
      "target": "8"
    },
    {
      "source": "7",
      "target": "5"
    },
    {
      "source": "REF_97(address",
      "target": "info.limitUser"
    },
    {
      "source": "REF_98(address)",
      "target": "REF_97"
    },
    {
      "source": "8",
      "target": "9"
    },
    {
      "source": "8",
      "target": "11"
    },
    {
      "source": "9",
      "target": "10"
    },
    {
      "source": "10",
      "target": "5"
    },
    {
      "source": "11",
      "target": "12"
    },
    {
      "source": "12",
      "target": "7"
    },
    {
      "source": "13",
      "target": "14"
    },
    {
      "source": "14",
      "target": "15"
    },
    {
      "source": "REF_99(uint256)",
      "target": "info.fill"
    },
    {
      "source": "REF_100(uint256)",
      "target": "info.amount"
    },
    {
      "source": "15",
      "target": "16"
    },
    {
      "source": "REF_101(uint256)",
      "target": "info.expires"
    },
    {
      "source": "16",
      "target": "17"
    },
    {
      "source": "REF_102(uint256)",
      "target": "info.amount"
    },
    {
      "source": "REF_103(uint256)",
      "target": "info.fill"
    },
    {
      "source": "17",
      "target": "31"
    },
    {
      "source": "REF_104(uint256)",
      "target": "info.eth"
    },
    {
      "source": "REF_107(uint256)",
      "target": "info.amount"
    },
    {
      "source": "19",
      "target": "20"
    },
    {
      "source": "20",
      "target": "21"
    },
    {
      "source": "21",
      "target": "22"
    },
    {
      "source": "21",
      "target": "23"
    },
    {
      "source": "22",
      "target": "23"
    },
    {
      "source": "23",
      "target": "24"
    },
    {
      "source": "REF_109(address)",
      "target": "info.owner"
    },
    {
      "source": "24",
      "target": "25"
    },
    {
      "source": "REF_111(bool)",
      "target": "info.isSpecialERC20"
    },
    {
      "source": "25",
      "target": "26"
    },
    {
      "source": "25",
      "target": "27"
    },
    {
      "source": "REF_112(address)",
      "target": "info.token"
    },
    {
      "source": "26",
      "target": "28"
    },
    {
      "source": "REF_114(address)",
      "target": "info.token"
    },
    {
      "source": "27",
      "target": "28"
    },
    {
      "source": "28",
      "target": "29"
    },
    {
      "source": "REF_116(uint256)",
      "target": "info.fill"
    },
    {
      "source": "REF_117(uint256)",
      "target": "info.fill"
    },
    {
      "source": "REF_116(uint256) (",
      "target": "info) := TMP_103(uint256)\"]"
    },
    {
      "source": "29",
      "target": "30"
    },
    {
      "source": "REF_119(address)",
      "target": "info.owner"
    },
    {
      "source": "REF_120(address)",
      "target": "info.token"
    },
    {
      "source": "31",
      "target": "32"
    },
    {
      "source": "31",
      "target": "33"
    },
    {
      "source": "32",
      "target": "34"
    },
    {
      "source": "33",
      "target": "34"
    },
    {
      "source": "34",
      "target": "19"
    },
    {
      "source": "0",
      "target": "1"
    },
    {
      "source": "1",
      "target": "2"
    },
    {
      "source": "2",
      "target": "3"
    },
    {
      "source": "REF_27(DecentralizedExchanges.OrderInfo)",
      "target": "orderInfos"
    },
    {
      "source": "REF_27(DecentralizedExchanges.OrderInfo) (",
      "target": "orderInfos) := TMP_35(DecentralizedExchanges.OrderInfo)\"]"
    },
    {
      "source": "3",
      "target": "6"
    },
    {
      "source": "4",
      "target": "7"
    },
    {
      "source": "5",
      "target": "10"
    },
    {
      "source": "6",
      "target": "4"
    },
    {
      "source": "REF_28(bytes32",
      "target": "userOrders"
    },
    {
      "source": "REF_29",
      "target": "LENGTH REF_28"
    },
    {
      "source": "7",
      "target": "8"
    },
    {
      "source": "7",
      "target": "5"
    },
    {
      "source": "REF_30(bytes32",
      "target": "userOrders"
    },
    {
      "source": "REF_31(bytes32)",
      "target": "REF_30"
    },
    {
      "source": "8",
      "target": "9"
    },
    {
      "source": "9",
      "target": "7"
    },
    {
      "source": "REF_32(bytes32",
      "target": "userOrders"
    },
    {
      "source": "REF_34",
      "target": "LENGTH REF_32"
    },
    {
      "source": "REF_34(uint256) (",
      "target": "userOrders) := TMP_42(uint256)"
    },
    {
      "source": "REF_35(bytes32)",
      "target": "REF_32"
    },
    {
      "source": "REF_35(bytes32) (",
      "target": "userOrders) := hash(bytes32)\"]"
    },
    {
      "source": "10",
      "target": "11"
    },
    {
      "source": "0",
      "target": "1"
    },
    {
      "source": "1",
      "target": "2"
    },
    {
      "source": "2",
      "target": "3"
    },
    {
      "source": "REF_16(DecentralizedExchanges.OrderInfo)",
      "target": "orderInfos"
    },
    {
      "source": "REF_16(DecentralizedExchanges.OrderInfo) (",
      "target": "orderInfos) := TMP_22(DecentralizedExchanges.OrderInfo)\"]"
    },
    {
      "source": "3",
      "target": "6"
    },
    {
      "source": "4",
      "target": "7"
    },
    {
      "source": "5",
      "target": "10"
    },
    {
      "source": "6",
      "target": "4"
    },
    {
      "source": "REF_17(bytes32",
      "target": "userOrders"
    },
    {
      "source": "REF_18",
      "target": "LENGTH REF_17"
    },
    {
      "source": "7",
      "target": "8"
    },
    {
      "source": "7",
      "target": "5"
    },
    {
      "source": "REF_19(bytes32",
      "target": "userOrders"
    },
    {
      "source": "REF_20(bytes32)",
      "target": "REF_19"
    },
    {
      "source": "8",
      "target": "9"
    },
    {
      "source": "9",
      "target": "7"
    },
    {
      "source": "REF_21(bytes32",
      "target": "userOrders"
    },
    {
      "source": "REF_23",
      "target": "LENGTH REF_21"
    },
    {
      "source": "REF_23(uint256) (",
      "target": "userOrders) := TMP_29(uint256)"
    },
    {
      "source": "REF_24(bytes32)",
      "target": "REF_21"
    },
    {
      "source": "REF_24(bytes32) (",
      "target": "userOrders) := hash(bytes32)\"]"
    },
    {
      "source": "10",
      "target": "11"
    },
    {
      "source": "0",
      "target": "1"
    },
    {
      "source": "1",
      "target": "2"
    },
    {
      "source": "2",
      "target": "3"
    },
    {
      "source": "0",
      "target": "1"
    },
    {
      "source": "REF_3(DecentralizedExchanges.OrderInfo)",
      "target": "orderInfos"
    },
    {
      "source": "1",
      "target": "2"
    },
    {
      "source": "REF_4(bool)",
      "target": "info.isSell"
    },
    {
      "source": "REF_5(uint256)",
      "target": "info.eth"
    },
    {
      "source": "REF_6(address)",
      "target": "info.token"
    },
    {
      "source": "REF_7(uint256)",
      "target": "info.amount"
    },
    {
      "source": "REF_8(uint256)",
      "target": "info.expires"
    },
    {
      "source": "REF_9(uint256)",
      "target": "info.nonce"
    },
    {
      "source": "REF_10(address",
      "target": "info.limitUser"
    },
    {
      "source": "REF_11(uint256)",
      "target": "info.createdAt"
    },
    {
      "source": "REF_12(address)",
      "target": "info.owner"
    },
    {
      "source": "REF_13(uint256)",
      "target": "info.fill"
    },
    {
      "source": "REF_14(bool)",
      "target": "info.isSpecialERC20"
    },
    {
      "source": "0",
      "target": "1"
    },
    {
      "source": "0",
      "target": "1"
    },
    {
      "source": "REF_61(DecentralizedExchanges.OrderInfo)",
      "target": "orderInfos"
    },
    {
      "source": "1",
      "target": "2"
    },
    {
      "source": "2",
      "target": "3"
    },
    {
      "source": "REF_62(address",
      "target": "info.limitUser"
    },
    {
      "source": "REF_63",
      "target": "LENGTH REF_62"
    },
    {
      "source": "3",
      "target": "6"
    },
    {
      "source": "3",
      "target": "14"
    },
    {
      "source": "4",
      "target": "7"
    },
    {
      "source": "5",
      "target": "13"
    },
    {
      "source": "6",
      "target": "4"
    },
    {
      "source": "REF_64(address",
      "target": "info.limitUser"
    },
    {
      "source": "REF_65",
      "target": "LENGTH REF_64"
    },
    {
      "source": "7",
      "target": "8"
    },
    {
      "source": "7",
      "target": "5"
    },
    {
      "source": "REF_66(address",
      "target": "info.limitUser"
    },
    {
      "source": "REF_67(address)",
      "target": "REF_66"
    },
    {
      "source": "8",
      "target": "9"
    },
    {
      "source": "8",
      "target": "11"
    },
    {
      "source": "9",
      "target": "10"
    },
    {
      "source": "10",
      "target": "5"
    },
    {
      "source": "11",
      "target": "12"
    },
    {
      "source": "12",
      "target": "7"
    },
    {
      "source": "13",
      "target": "14"
    },
    {
      "source": "14",
      "target": "15"
    },
    {
      "source": "REF_68(uint256)",
      "target": "info.fill"
    },
    {
      "source": "REF_69(uint256)",
      "target": "info.eth"
    },
    {
      "source": "15",
      "target": "16"
    },
    {
      "source": "REF_70(uint256)",
      "target": "info.expires"
    },
    {
      "source": "16",
      "target": "17"
    },
    {
      "source": "REF_71(uint256)",
      "target": "info.eth"
    },
    {
      "source": "REF_72(uint256)",
      "target": "info.fill"
    },
    {
      "source": "17",
      "target": "18"
    },
    {
      "source": "REF_74(uint256)",
      "target": "info.amount"
    },
    {
      "source": "REF_76(uint256)",
      "target": "info.eth"
    },
    {
      "source": "18",
      "target": "26"
    },
    {
      "source": "REF_77(address)",
      "target": "info.token"
    },
    {
      "source": "20",
      "target": "21"
    },
    {
      "source": "REF_79(uint256)",
      "target": "info.eth"
    },
    {
      "source": "REF_82(uint256)",
      "target": "info.amount"
    },
    {
      "source": "21",
      "target": "22"
    },
    {
      "source": "22",
      "target": "23"
    },
    {
      "source": "REF_84(address)",
      "target": "info.token"
    },
    {
      "source": "REF_86(address)",
      "target": "info.owner"
    },
    {
      "source": "23",
      "target": "24"
    },
    {
      "source": "REF_87(uint256)",
      "target": "info.fill"
    },
    {
      "source": "REF_88(uint256)",
      "target": "info.fill"
    },
    {
      "source": "REF_87(uint256) (",
      "target": "info) := TMP_78(uint256)\"]"
    },
    {
      "source": "24",
      "target": "25"
    },
    {
      "source": "REF_90(address)",
      "target": "info.token"
    },
    {
      "source": "REF_91(address)",
      "target": "info.owner"
    },
    {
      "source": "26",
      "target": "27"
    },
    {
      "source": "26",
      "target": "28"
    },
    {
      "source": "27",
      "target": "29"
    },
    {
      "source": "28",
      "target": "29"
    },
    {
      "source": "29",
      "target": "20"
    },
    {
      "source": "0",
      "target": "1"
    }
  ]
}