{
  "nodes": [
    "0",
    "1",
    "2",
    "3",
    "4",
    "5",
    "6",
    "HIGH_LEVEL_CALL, dest:Log(LogFile), function:AddMessage, arguments:",
    "History",
    "History) := LastMsg(LogFile.Message)\"]",
    "History) := TMP_14(uint256)",
    "LENGTH History",
    "LastMsg) := _adr(address)\"]",
    "LastMsg) := _data(string)\"]",
    "LastMsg) := _val(uint256)\"]",
    "LastMsg) := now(uint256)\"]",
    "LastMsg.Data",
    "LastMsg.Sender",
    "LastMsg.Time",
    "LastMsg.Val",
    "REF_0(",
    "REF_0(uint256)",
    "REF_10(uint256)",
    "REF_10(uint256) (",
    "REF_11(string)",
    "REF_11(string) (",
    "REF_13",
    "REF_13(uint256) (",
    "REF_14(LogFile.Message)",
    "REF_14(LogFile.Message) (",
    "REF_2(uint256)",
    "REF_3(uint256)",
    "REF_6(",
    "REF_6(uint256)",
    "REF_8(address)",
    "REF_8(address) (",
    "REF_9(uint256)",
    "REF_9(uint256) (",
    "TMP_8(bool) = LOW_LEVEL_CALL, dest:msg.sender, function:call, arguments:",
    "balances",
    "balances) = REF_0 + msg.value\"]",
    "balances) = REF_6 - _am\"]"
  ],
  "edges": [
    {
      "source": "0",
      "target": "1"
    },
    {
      "source": "1",
      "target": "2"
    },
    {
      "source": "1",
      "target": "3"
    },
    {
      "source": "2",
      "target": "3"
    },
    {
      "source": "3",
      "target": "4"
    },
    {
      "source": "0",
      "target": "1"
    },
    {
      "source": "1",
      "target": "2"
    },
    {
      "source": "1",
      "target": "3"
    },
    {
      "source": "2",
      "target": "3"
    },
    {
      "source": "3",
      "target": "4"
    },
    {
      "source": "0",
      "target": "1"
    },
    {
      "source": "REF_8(address)",
      "target": "LastMsg.Sender"
    },
    {
      "source": "REF_8(address) (",
      "target": "LastMsg) := _adr(address)\"]"
    },
    {
      "source": "1",
      "target": "2"
    },
    {
      "source": "REF_9(uint256)",
      "target": "LastMsg.Time"
    },
    {
      "source": "REF_9(uint256) (",
      "target": "LastMsg) := now(uint256)\"]"
    },
    {
      "source": "2",
      "target": "3"
    },
    {
      "source": "REF_10(uint256)",
      "target": "LastMsg.Val"
    },
    {
      "source": "REF_10(uint256) (",
      "target": "LastMsg) := _val(uint256)\"]"
    },
    {
      "source": "3",
      "target": "4"
    },
    {
      "source": "REF_11(string)",
      "target": "LastMsg.Data"
    },
    {
      "source": "REF_11(string) (",
      "target": "LastMsg) := _data(string)\"]"
    },
    {
      "source": "4",
      "target": "5"
    },
    {
      "source": "REF_13",
      "target": "LENGTH History"
    },
    {
      "source": "REF_13(uint256) (",
      "target": "History) := TMP_14(uint256)"
    },
    {
      "source": "REF_14(LogFile.Message)",
      "target": "History"
    },
    {
      "source": "REF_14(LogFile.Message) (",
      "target": "History) := LastMsg(LogFile.Message)\"]"
    },
    {
      "source": "0",
      "target": "1"
    },
    {
      "source": "0",
      "target": "1"
    },
    {
      "source": "0",
      "target": "1"
    },
    {
      "source": "REF_2(uint256)",
      "target": "balances"
    },
    {
      "source": "REF_3(uint256)",
      "target": "balances"
    },
    {
      "source": "1",
      "target": "2"
    },
    {
      "source": "1",
      "target": "6"
    },
    {
      "source": "2",
      "target": "3"
    },
    {
      "source": "2",
      "target": "5"
    },
    {
      "source": "REF_6(uint256)",
      "target": "balances"
    },
    {
      "source": "REF_6(",
      "target": "balances) = REF_6 - _am\"]"
    },
    {
      "source": "3",
      "target": "4"
    },
    {
      "source": "4",
      "target": "5"
    },
    {
      "source": "5",
      "target": "6"
    },
    {
      "source": "0",
      "target": "1"
    },
    {
      "source": "REF_0(uint256)",
      "target": "balances"
    },
    {
      "source": "REF_0(",
      "target": "balances) = REF_0 + msg.value\"]"
    },
    {
      "source": "1",
      "target": "2"
    },
    {
      "source": "0",
      "target": "1"
    }
  ]
}