{
  "nodes": [
    "0",
    "1",
    "10",
    "11",
    "12",
    "13",
    "14",
    "15",
    "16",
    "17",
    "18",
    "2",
    "3",
    "4",
    "5",
    "6",
    "7",
    "8",
    "9",
    "LENGTH REF_39",
    "LENGTH REF_6",
    "REF_0(bool)",
    "REF_1(bool)",
    "REF_1(bool) (",
    "REF_10(uint256)",
    "REF_11(address)",
    "REF_11(address) (",
    "REF_12(address)",
    "REF_16(uint256)",
    "REF_16(uint256) (",
    "REF_17(uint256)",
    "REF_19(uint256)",
    "REF_19(uint256) (",
    "REF_20(uint256)",
    "REF_22(uint256)",
    "REF_22(uint256) (",
    "REF_23(uint256)",
    "REF_27(uint256)",
    "REF_3(uint256)",
    "REF_30(uint256)",
    "REF_30(uint256) (",
    "REF_31(uint256)",
    "REF_37(bool)",
    "REF_38(uint256)",
    "REF_39(address",
    "REF_4(address)",
    "REF_40",
    "REF_41(uint256)",
    "REF_5(address)",
    "REF_5(address) (",
    "REF_6",
    "REF_6(address",
    "REF_8",
    "REF_8(uint256) (",
    "REF_9(address)",
    "REF_9(address) (",
    "TMP_35(uint256) = LIBRARY_CALL, dest:SafeMath, function:SafeMath.add(uint256,uint256), arguments:",
    "TMP_59(uint256) = LIBRARY_CALL, dest:SafeMath, function:SafeMath.add(uint256,uint256), arguments:",
    "TMP_61(uint256) = LIBRARY_CALL, dest:SafeMath, function:SafeMath.add(uint256,uint256), arguments:",
    "TMP_64(uint256) = LIBRARY_CALL, dest:SafeMath, function:SafeMath.div(uint256,uint256), arguments:",
    "TMP_65(uint256) = LIBRARY_CALL, dest:SafeMath, function:SafeMath.add(uint256,uint256), arguments:",
    "TMP_66(uint256) = LIBRARY_CALL, dest:SafeMath, function:SafeMath.add(uint256,uint256), arguments:",
    "TMP_67(uint256) = LIBRARY_CALL, dest:SafeMath, function:SafeMath.add(uint256,uint256), arguments:",
    "TMP_71(uint256) = LIBRARY_CALL, dest:SafeMath, function:SafeMath.mul(uint256,uint256), arguments:",
    "TMP_73(uint256) = LIBRARY_CALL, dest:SafeMath, function:SafeMath.div(uint256,uint256), arguments:",
    "TMP_77(uint256) = LIBRARY_CALL, dest:SafeMath, function:SafeMath.sub(uint256,uint256,string), arguments:",
    "TMP_78(uint256) = LIBRARY_CALL, dest:SafeMath, function:SafeMath.sub(uint256,uint256), arguments:",
    "TMP_94(uint256) = LIBRARY_CALL, dest:SafeMath, function:SafeMath.mul(uint256,uint256), arguments:",
    "TUPLE_0(bool,bytes) = LOW_LEVEL_CALL, dest:msg.sender, function:call, arguments:",
    "_balances",
    "_balances) := TMP_65(uint256)\"]",
    "_balances) := TMP_67(uint256)\"]",
    "_balances) := TMP_77(uint256)\"]",
    "levelToDown",
    "levelToDown) := TMP_50(uint256)",
    "levelToDown) := msg.sender(address)\"]",
    "levelToUp",
    "levelToUp) := _adviser(address)\"]",
    "require(bool,string)(! vipMap",
    "require(bool,string)(reduceAmount <= _balances",
    "upper = levelToUp",
    "userList",
    "userList) := msg.sender(address)\"]",
    "vipMap",
    "vipMap) := True(bool)\"]",
    "vipProfit",
    "vipProfit) := TMP_66(uint256)\"]"
  ],
  "edges": [
    {
      "source": "0",
      "target": "1"
    },
    {
      "source": "1",
      "target": "2"
    },
    {
      "source": "0",
      "target": "4"
    },
    {
      "source": "1",
      "target": "2"
    },
    {
      "source": "2",
      "target": "3"
    },
    {
      "source": "4",
      "target": "1"
    },
    {
      "source": "0",
      "target": "1"
    },
    {
      "source": "1",
      "target": "2"
    },
    {
      "source": "REF_3(uint256)",
      "target": "_balances"
    },
    {
      "source": "2",
      "target": "3"
    },
    {
      "source": "2",
      "target": "8"
    },
    {
      "source": "REF_4(address)",
      "target": "levelToUp"
    },
    {
      "source": "3",
      "target": "4"
    },
    {
      "source": "4",
      "target": "5"
    },
    {
      "source": "4",
      "target": "7"
    },
    {
      "source": "REF_5(address)",
      "target": "levelToUp"
    },
    {
      "source": "REF_5(address) (",
      "target": "levelToUp) := _adviser(address)\"]"
    },
    {
      "source": "5",
      "target": "6"
    },
    {
      "source": "REF_6(address",
      "target": "levelToDown"
    },
    {
      "source": "REF_8",
      "target": "LENGTH REF_6"
    },
    {
      "source": "REF_8(uint256) (",
      "target": "levelToDown) := TMP_50(uint256)"
    },
    {
      "source": "REF_9(address)",
      "target": "REF_6"
    },
    {
      "source": "REF_9(address) (",
      "target": "levelToDown) := msg.sender(address)\"]"
    },
    {
      "source": "6",
      "target": "7"
    },
    {
      "source": "7",
      "target": "8"
    },
    {
      "source": "8",
      "target": "9"
    },
    {
      "source": "9",
      "target": "10"
    },
    {
      "source": "0",
      "target": "4"
    },
    {
      "source": "1",
      "target": "2"
    },
    {
      "source": "2",
      "target": "3"
    },
    {
      "source": "4",
      "target": "1"
    },
    {
      "source": "0",
      "target": "1"
    },
    {
      "source": "REF_38(uint256)",
      "target": "_balances"
    },
    {
      "source": "0",
      "target": "1"
    },
    {
      "source": "0",
      "target": "1"
    },
    {
      "source": "1",
      "target": "2"
    },
    {
      "source": "2",
      "target": "3"
    },
    {
      "source": "0",
      "target": "1"
    },
    {
      "source": "0",
      "target": "1"
    },
    {
      "source": "0",
      "target": "1"
    },
    {
      "source": "REF_10(uint256)",
      "target": "_balances"
    },
    {
      "source": "1",
      "target": "2"
    },
    {
      "source": "1",
      "target": "5"
    },
    {
      "source": "2",
      "target": "3"
    },
    {
      "source": "REF_11(address)",
      "target": "userList"
    },
    {
      "source": "REF_11(address) (",
      "target": "userList) := msg.sender(address)\"]"
    },
    {
      "source": "3",
      "target": "4"
    },
    {
      "source": "4",
      "target": "5"
    },
    {
      "source": "5",
      "target": "6"
    },
    {
      "source": "6",
      "target": "7"
    },
    {
      "source": "REF_12(address)",
      "target": "levelToUp"
    },
    {
      "source": "7",
      "target": "8"
    },
    {
      "source": "8",
      "target": "9"
    },
    {
      "source": "9",
      "target": "10"
    },
    {
      "source": "9",
      "target": "11"
    },
    {
      "source": "10",
      "target": "11"
    },
    {
      "source": "11",
      "target": "12"
    },
    {
      "source": "12",
      "target": "13"
    },
    {
      "source": "12",
      "target": "16"
    },
    {
      "source": "13",
      "target": "14"
    },
    {
      "source": "REF_16(uint256)",
      "target": "_balances"
    },
    {
      "source": "REF_17(uint256)",
      "target": "_balances"
    },
    {
      "source": "REF_16(uint256) (",
      "target": "_balances) := TMP_65(uint256)\"]"
    },
    {
      "source": "14",
      "target": "15"
    },
    {
      "source": "REF_19(uint256)",
      "target": "vipProfit"
    },
    {
      "source": "REF_20(uint256)",
      "target": "vipProfit"
    },
    {
      "source": "REF_19(uint256) (",
      "target": "vipProfit) := TMP_66(uint256)\"]"
    },
    {
      "source": "15",
      "target": "16"
    },
    {
      "source": "16",
      "target": "17"
    },
    {
      "source": "REF_22(uint256)",
      "target": "_balances"
    },
    {
      "source": "REF_23(uint256)",
      "target": "_balances"
    },
    {
      "source": "REF_22(uint256) (",
      "target": "_balances) := TMP_67(uint256)\"]"
    },
    {
      "source": "17",
      "target": "18"
    },
    {
      "source": "0",
      "target": "1"
    },
    {
      "source": "1",
      "target": "2"
    },
    {
      "source": "0",
      "target": "1"
    },
    {
      "source": "REF_39(address",
      "target": "levelToDown"
    },
    {
      "source": "REF_40",
      "target": "LENGTH REF_39"
    },
    {
      "source": "0",
      "target": "1"
    },
    {
      "source": "REF_37(bool)",
      "target": "vipMap"
    },
    {
      "source": "0",
      "target": "4"
    },
    {
      "source": "1",
      "target": "2"
    },
    {
      "source": "2",
      "target": "3"
    },
    {
      "source": "4",
      "target": "1"
    },
    {
      "source": "0",
      "target": "1"
    },
    {
      "source": "1",
      "target": "2"
    },
    {
      "source": "2",
      "target": "3"
    },
    {
      "source": "0",
      "target": "1"
    },
    {
      "source": "1",
      "target": "2"
    },
    {
      "source": "2",
      "target": "3"
    },
    {
      "source": "0",
      "target": "3"
    },
    {
      "source": "1",
      "target": "2"
    },
    {
      "source": "3",
      "target": "1"
    },
    {
      "source": "0",
      "target": "1"
    },
    {
      "source": "REF_41(uint256)",
      "target": "vipProfit"
    },
    {
      "source": "0",
      "target": "1"
    },
    {
      "source": "0",
      "target": "1"
    },
    {
      "source": "1",
      "target": "2"
    },
    {
      "source": "0",
      "target": "1"
    },
    {
      "source": "1",
      "target": "2"
    },
    {
      "source": "2",
      "target": "3"
    },
    {
      "source": "REF_27(uint256)",
      "target": "_balances"
    },
    {
      "source": "3",
      "target": "4"
    },
    {
      "source": "4",
      "target": "5"
    },
    {
      "source": "REF_30(uint256)",
      "target": "_balances"
    },
    {
      "source": "REF_31(uint256)",
      "target": "_balances"
    },
    {
      "source": "REF_30(uint256) (",
      "target": "_balances) := TMP_77(uint256)\"]"
    },
    {
      "source": "5",
      "target": "6"
    },
    {
      "source": "6",
      "target": "7"
    },
    {
      "source": "7",
      "target": "8"
    },
    {
      "source": "7",
      "target": "9"
    },
    {
      "source": "8",
      "target": "9"
    },
    {
      "source": "9",
      "target": "10"
    },
    {
      "source": "10",
      "target": "11"
    },
    {
      "source": "0",
      "target": "1"
    },
    {
      "source": "1",
      "target": "2"
    },
    {
      "source": "1",
      "target": "3"
    },
    {
      "source": "3",
      "target": "4"
    },
    {
      "source": "4",
      "target": "5"
    },
    {
      "source": "5",
      "target": "6"
    },
    {
      "source": "0",
      "target": "1"
    },
    {
      "source": "1",
      "target": "2"
    },
    {
      "source": "2",
      "target": "3"
    },
    {
      "source": "REF_0(bool)",
      "target": "vipMap"
    },
    {
      "source": "3",
      "target": "4"
    },
    {
      "source": "REF_1(bool)",
      "target": "vipMap"
    },
    {
      "source": "REF_1(bool) (",
      "target": "vipMap) := True(bool)\"]"
    },
    {
      "source": "4",
      "target": "5"
    },
    {
      "source": "5",
      "target": "6"
    },
    {
      "source": "6",
      "target": "7"
    },
    {
      "source": "6",
      "target": "8"
    },
    {
      "source": "7",
      "target": "8"
    },
    {
      "source": "8",
      "target": "9"
    },
    {
      "source": "9",
      "target": "10"
    },
    {
      "source": "0",
      "target": "1"
    },
    {
      "source": "1",
      "target": "2"
    }
  ]
}