{
  "nodes": [
    "0",
    "1",
    "10",
    "2",
    "3",
    "4",
    "5",
    "6",
    "7",
    "8",
    "9",
    "LENGTH _referrer",
    "REF_0",
    "REF_0(mapping(address => uint256))",
    "REF_1(uint256)",
    "REF_12(uint256)",
    "REF_12(uint256) (",
    "REF_13(uint256)",
    "REF_16(bool)",
    "REF_16(bool) (",
    "REF_17(uint256)",
    "REF_17(uint256) (",
    "REF_18(uint256)",
    "REF_19(uint256)",
    "REF_2",
    "REF_2(mapping(address => uint256))",
    "REF_20(uint256)",
    "REF_20(uint256) (",
    "REF_21(uint256)",
    "REF_23(uint256)",
    "REF_26(uint256)",
    "REF_26(uint256) (",
    "REF_27(uint256)",
    "REF_3(uint256)",
    "REF_31(bool)",
    "REF_31(bool) (",
    "REF_32",
    "REF_34(uint256)",
    "REF_36",
    "REF_36(mapping(address => uint256))",
    "REF_37(uint256)",
    "REF_37(uint256) (",
    "REF_38",
    "REF_38(mapping(address => uint256))",
    "REF_39(uint256)",
    "REF_4(uint256)",
    "REF_41(None)",
    "REF_42(bool)",
    "REF_43(bool)",
    "REF_5",
    "REF_5(mapping(address => uint256))",
    "REF_6(uint256)",
    "REF_6(uint256) (",
    "REF_7",
    "REF_7(mapping(address => uint256))",
    "REF_8(uint256)",
    "TMP_39(uint256) = LIBRARY_CALL, dest:SafeMath, function:SafeMath.sub(uint256,uint256), arguments:",
    "TMP_41(uint256) = LIBRARY_CALL, dest:SafeMath, function:SafeMath.sub(uint256,uint256), arguments:",
    "TMP_55(uint256) = LIBRARY_CALL, dest:SafeMath, function:SafeMath.add(uint256,uint256), arguments:",
    "TMP_69(uint256) = LIBRARY_CALL, dest:SafeMath, function:SafeMath.sub(uint256,uint256), arguments:",
    "TMP_89(uint256) = LIBRARY_CALL, dest:SafeMath, function:SafeMath.mul(uint256,uint256), arguments:",
    "TMP_90(uint256) = LIBRARY_CALL, dest:SafeMath, function:SafeMath.div(uint256,uint256), arguments:",
    "TMP_93(uint256) = LIBRARY_CALL, dest:SafeMath, function:SafeMath.add(uint256,uint256), arguments:",
    "TUPLE_0(bool,bytes) = LOW_LEVEL_CALL, dest:_contractAddress, function:call, arguments:",
    "TUPLE_1(bool,bytes) = LOW_LEVEL_CALL, dest:_contract, function:call, arguments:",
    "_referrerAmount = _amount.mul(percentReferrer",
    "amount <= balanceContract",
    "amount = referrerBalance",
    "balanceContract",
    "balanceContract) := TMP_41(uint256)\"]",
    "balanceContract) := TMP_55(uint256)\"]",
    "balanceContract) := TMP_69(uint256)\"]",
    "parentContract",
    "parentContract) := _status(bool)\"]",
    "percentReferrer",
    "percentReferrer) := _newPercent(uint256)\"]",
    "referrerBalance",
    "referrerBalance) := TMP_39(uint256)\"]",
    "referrerBalance) := TMP_93(uint256)\"]",
    "require(bool)(balanceContract",
    "require(bool)(whitelist",
    "require(bool,string)(parentContract",
    "result += uint8(source",
    "source",
    "whitelist",
    "whitelist) := _status(bool)\"]"
  ],
  "edges": [
    {
      "source": "0",
      "target": "1"
    },
    {
      "source": "1",
      "target": "2"
    },
    {
      "source": "2",
      "target": "3"
    },
    {
      "source": "0",
      "target": "1"
    },
    {
      "source": "1",
      "target": "2"
    },
    {
      "source": "2",
      "target": "5"
    },
    {
      "source": "3",
      "target": "6"
    },
    {
      "source": "4",
      "target": "10"
    },
    {
      "source": "5",
      "target": "3"
    },
    {
      "source": "6",
      "target": "7"
    },
    {
      "source": "6",
      "target": "4"
    },
    {
      "source": "REF_41(None)",
      "target": "source"
    },
    {
      "source": "7",
      "target": "8"
    },
    {
      "source": "8",
      "target": "9"
    },
    {
      "source": "9",
      "target": "6"
    },
    {
      "source": "0",
      "target": "1"
    },
    {
      "source": "0",
      "target": "1"
    },
    {
      "source": "0",
      "target": "2"
    },
    {
      "source": "2",
      "target": "1"
    },
    {
      "source": "0",
      "target": "7"
    },
    {
      "source": "1",
      "target": "2"
    },
    {
      "source": "REF_23(uint256)",
      "target": "balanceContract"
    },
    {
      "source": "2",
      "target": "3"
    },
    {
      "source": "3",
      "target": "4"
    },
    {
      "source": "REF_26(uint256)",
      "target": "balanceContract"
    },
    {
      "source": "REF_27(uint256)",
      "target": "balanceContract"
    },
    {
      "source": "REF_26(uint256) (",
      "target": "balanceContract) := TMP_69(uint256)\"]"
    },
    {
      "source": "4",
      "target": "5"
    },
    {
      "source": "5",
      "target": "6"
    },
    {
      "source": "7",
      "target": "1"
    },
    {
      "source": "0",
      "target": "1"
    },
    {
      "source": "0",
      "target": "1"
    },
    {
      "source": "1",
      "target": "2"
    },
    {
      "source": "2",
      "target": "3"
    },
    {
      "source": "0",
      "target": "1"
    },
    {
      "source": "1",
      "target": "2"
    },
    {
      "source": "1",
      "target": "3"
    },
    {
      "source": "3",
      "target": "4"
    },
    {
      "source": "4",
      "target": "5"
    },
    {
      "source": "5",
      "target": "6"
    },
    {
      "source": "0",
      "target": "1"
    },
    {
      "source": "REF_18(uint256)",
      "target": "percentReferrer"
    },
    {
      "source": "0",
      "target": "1"
    },
    {
      "source": "1",
      "target": "2"
    },
    {
      "source": "REF_2(mapping(address => uint256))",
      "target": "referrerBalance"
    },
    {
      "source": "REF_3(uint256)",
      "target": "REF_2"
    },
    {
      "source": "2",
      "target": "3"
    },
    {
      "source": "REF_4(uint256)",
      "target": "balanceContract"
    },
    {
      "source": "3",
      "target": "4"
    },
    {
      "source": "3",
      "target": "9"
    },
    {
      "source": "REF_5(mapping(address => uint256))",
      "target": "referrerBalance"
    },
    {
      "source": "REF_6(uint256)",
      "target": "REF_5"
    },
    {
      "source": "REF_7(mapping(address => uint256))",
      "target": "referrerBalance"
    },
    {
      "source": "REF_8(uint256)",
      "target": "REF_7"
    },
    {
      "source": "REF_6(uint256) (",
      "target": "referrerBalance) := TMP_39(uint256)\"]"
    },
    {
      "source": "4",
      "target": "5"
    },
    {
      "source": "5",
      "target": "6"
    },
    {
      "source": "REF_12(uint256)",
      "target": "balanceContract"
    },
    {
      "source": "REF_13(uint256)",
      "target": "balanceContract"
    },
    {
      "source": "REF_12(uint256) (",
      "target": "balanceContract) := TMP_41(uint256)\"]"
    },
    {
      "source": "6",
      "target": "7"
    },
    {
      "source": "7",
      "target": "8"
    },
    {
      "source": "8",
      "target": "9"
    },
    {
      "source": "0",
      "target": "5"
    },
    {
      "source": "1",
      "target": "2"
    },
    {
      "source": "2",
      "target": "3"
    },
    {
      "source": "3",
      "target": "4"
    },
    {
      "source": "5",
      "target": "1"
    },
    {
      "source": "0",
      "target": "2"
    },
    {
      "source": "REF_31(bool)",
      "target": "parentContract"
    },
    {
      "source": "REF_31(bool) (",
      "target": "parentContract) := _status(bool)\"]"
    },
    {
      "source": "2",
      "target": "1"
    },
    {
      "source": "0",
      "target": "1"
    },
    {
      "source": "1",
      "target": "2"
    },
    {
      "source": "0",
      "target": "1"
    },
    {
      "source": "1",
      "target": "2"
    },
    {
      "source": "0",
      "target": "1"
    },
    {
      "source": "0",
      "target": "1"
    },
    {
      "source": "1",
      "target": "2"
    },
    {
      "source": "2",
      "target": "3"
    },
    {
      "source": "0",
      "target": "1"
    },
    {
      "source": "REF_43(bool)",
      "target": "parentContract"
    },
    {
      "source": "1",
      "target": "2"
    },
    {
      "source": "0",
      "target": "1"
    },
    {
      "source": "1",
      "target": "2"
    },
    {
      "source": "0",
      "target": "1"
    },
    {
      "source": "REF_19(uint256)",
      "target": "balanceContract"
    },
    {
      "source": "0",
      "target": "7"
    },
    {
      "source": "1",
      "target": "2"
    },
    {
      "source": "2",
      "target": "3"
    },
    {
      "source": "3",
      "target": "4"
    },
    {
      "source": "3",
      "target": "6"
    },
    {
      "source": "REF_20(uint256)",
      "target": "balanceContract"
    },
    {
      "source": "REF_21(uint256)",
      "target": "balanceContract"
    },
    {
      "source": "REF_20(uint256) (",
      "target": "balanceContract) := TMP_55(uint256)\"]"
    },
    {
      "source": "4",
      "target": "5"
    },
    {
      "source": "5",
      "target": "6"
    },
    {
      "source": "7",
      "target": "1"
    },
    {
      "source": "0",
      "target": "8"
    },
    {
      "source": "REF_32",
      "target": "LENGTH _referrer"
    },
    {
      "source": "1",
      "target": "2"
    },
    {
      "source": "1",
      "target": "7"
    },
    {
      "source": "2",
      "target": "3"
    },
    {
      "source": "3",
      "target": "4"
    },
    {
      "source": "3",
      "target": "6"
    },
    {
      "source": "REF_34(uint256)",
      "target": "percentReferrer"
    },
    {
      "source": "4",
      "target": "5"
    },
    {
      "source": "5",
      "target": "6"
    },
    {
      "source": "6",
      "target": "7"
    },
    {
      "source": "8",
      "target": "1"
    },
    {
      "source": "0",
      "target": "1"
    },
    {
      "source": "0",
      "target": "1"
    },
    {
      "source": "0",
      "target": "1"
    },
    {
      "source": "1",
      "target": "2"
    },
    {
      "source": "2",
      "target": "3"
    },
    {
      "source": "0",
      "target": "1"
    },
    {
      "source": "1",
      "target": "2"
    },
    {
      "source": "2",
      "target": "3"
    },
    {
      "source": "0",
      "target": "3"
    },
    {
      "source": "1",
      "target": "2"
    },
    {
      "source": "REF_17(uint256)",
      "target": "percentReferrer"
    },
    {
      "source": "REF_17(uint256) (",
      "target": "percentReferrer) := _newPercent(uint256)\"]"
    },
    {
      "source": "3",
      "target": "1"
    },
    {
      "source": "0",
      "target": "1"
    },
    {
      "source": "1",
      "target": "2"
    },
    {
      "source": "REF_42(bool)",
      "target": "whitelist"
    },
    {
      "source": "2",
      "target": "3"
    },
    {
      "source": "0",
      "target": "3"
    },
    {
      "source": "REF_16(bool)",
      "target": "whitelist"
    },
    {
      "source": "REF_16(bool) (",
      "target": "whitelist) := _status(bool)\"]"
    },
    {
      "source": "1",
      "target": "2"
    },
    {
      "source": "3",
      "target": "1"
    },
    {
      "source": "0",
      "target": "1"
    },
    {
      "source": "REF_36(mapping(address => uint256))",
      "target": "referrerBalance"
    },
    {
      "source": "REF_37(uint256)",
      "target": "REF_36"
    },
    {
      "source": "REF_38(mapping(address => uint256))",
      "target": "referrerBalance"
    },
    {
      "source": "REF_39(uint256)",
      "target": "REF_38"
    },
    {
      "source": "REF_37(uint256) (",
      "target": "referrerBalance) := TMP_93(uint256)\"]"
    },
    {
      "source": "1",
      "target": "2"
    },
    {
      "source": "0",
      "target": "1"
    },
    {
      "source": "1",
      "target": "2"
    },
    {
      "source": "0",
      "target": "1"
    },
    {
      "source": "REF_0(mapping(address => uint256))",
      "target": "referrerBalance"
    },
    {
      "source": "REF_1(uint256)",
      "target": "REF_0"
    },
    {
      "source": "0",
      "target": "2"
    },
    {
      "source": "2",
      "target": "1"
    }
  ]
}