{
  "nodes": [
    "0",
    "1",
    "2",
    "3",
    "4",
    "5",
    "6",
    "7",
    "REF_0(uint256)",
    "REF_0(uint256) (",
    "REF_1(uint256)",
    "REF_4(",
    "REF_4(uint256)",
    "TUPLE_0(bool,bytes) = LOW_LEVEL_CALL, dest:msg.sender, function:call, arguments:",
    "require(bool)(_money <= tokenBalance",
    "tokenBalance",
    "tokenBalance) := msg.value(uint256)\"]",
    "tokenBalance) = REF_4 - _money\"]"
  ],
  "edges": [
    {
      "source": "0",
      "target": "1"
    },
    {
      "source": "REF_4(uint256)",
      "target": "tokenBalance"
    },
    {
      "source": "REF_4(",
      "target": "tokenBalance) = REF_4 - _money\"]"
    },
    {
      "source": "0",
      "target": "1"
    },
    {
      "source": "0",
      "target": "1"
    },
    {
      "source": "1",
      "target": "2"
    },
    {
      "source": "REF_0(uint256)",
      "target": "tokenBalance"
    },
    {
      "source": "REF_0(uint256) (",
      "target": "tokenBalance) := msg.value(uint256)\"]"
    },
    {
      "source": "0",
      "target": "1"
    },
    {
      "source": "REF_1(uint256)",
      "target": "tokenBalance"
    },
    {
      "source": "1",
      "target": "2"
    },
    {
      "source": "2",
      "target": "3"
    },
    {
      "source": "3",
      "target": "4"
    },
    {
      "source": "4",
      "target": "5"
    },
    {
      "source": "5",
      "target": "6"
    },
    {
      "source": "5",
      "target": "7"
    },
    {
      "source": "6",
      "target": "7"
    }
  ]
}