{
  "nodes": [
    "0",
    "1",
    "10",
    "11",
    "12",
    "13",
    "14",
    "15",
    "16",
    "17",
    "18",
    "19",
    "2",
    "20",
    "3",
    "4",
    "5",
    "6",
    "7",
    "8",
    "9",
    "LENGTH contributorExpectedTokens",
    "LENGTH contributors",
    "REF_0(Distribution.State)",
    "REF_1(Distribution.State)",
    "REF_10(Distribution.State)",
    "REF_12",
    "REF_13",
    "REF_14",
    "REF_15(address)",
    "REF_16(uint256)",
    "REF_17(bytes32)",
    "REF_18(bytes32)",
    "REF_18(bytes32) (",
    "REF_20(Distribution.State)",
    "REF_3(Distribution.State)",
    "REF_4(Distribution.State)",
    "REF_5(Distribution.State)",
    "REF_6(Distribution.State)",
    "REF_8(bytes32)",
    "REF_9(bytes32)",
    "REF_9(bytes32) (",
    "State.AwaitingTokens",
    "State.DistributingNormally",
    "State.DistributingProRata",
    "State.Done",
    "TMP_14(uint256) = LIBRARY_CALL, dest:SafeMath, function:SafeMath.mul(uint256,uint256), arguments:",
    "TMP_23(bool) = HIGH_LEVEL_CALL, dest:tokenContract(ERC20), function:transfer, arguments:",
    "TMP_33(bool) = HIGH_LEVEL_CALL, dest:tokenContract(ERC20), function:transfer, arguments:",
    "TMP_40(bool) = LOW_LEVEL_CALL, dest:to, function:call, arguments:",
    "TMP_44(uint256) = HIGH_LEVEL_CALL, dest:tokenContract(ERC20), function:balanceOf, arguments:",
    "TMP_7(uint256) = HIGH_LEVEL_CALL, dest:tokenContract(ERC20), function:balanceOf, arguments:",
    "contributionHashes",
    "contributionHashes(bytes32",
    "contributionHashes) := 0(uint256)\"]",
    "contributor = contributors",
    "contributorExpectedTokens",
    "contributors",
    "expectedTokens = contributorExpectedTokens",
    "require(bool)(contributionHashes"
  ],
  "edges": [
    {
      "source": "0",
      "target": "1"
    },
    {
      "source": "1",
      "target": "2"
    },
    {
      "source": "2",
      "target": "3"
    },
    {
      "source": "0",
      "target": "1"
    },
    {
      "source": "1",
      "target": "2"
    },
    {
      "source": "1",
      "target": "3"
    },
    {
      "source": "3",
      "target": "4"
    },
    {
      "source": "4",
      "target": "5"
    },
    {
      "source": "5",
      "target": "6"
    },
    {
      "source": "0",
      "target": "1"
    },
    {
      "source": "REF_1(Distribution.State)",
      "target": "State.AwaitingTokens"
    },
    {
      "source": "1",
      "target": "2"
    },
    {
      "source": "2",
      "target": "3"
    },
    {
      "source": "3",
      "target": "4"
    },
    {
      "source": "4",
      "target": "5"
    },
    {
      "source": "5",
      "target": "6"
    },
    {
      "source": "5",
      "target": "7"
    },
    {
      "source": "REF_3(Distribution.State)",
      "target": "State.DistributingNormally"
    },
    {
      "source": "6",
      "target": "9"
    },
    {
      "source": "7",
      "target": "8"
    },
    {
      "source": "REF_4(Distribution.State)",
      "target": "State.DistributingProRata"
    },
    {
      "source": "8",
      "target": "9"
    },
    {
      "source": "0",
      "target": "1"
    },
    {
      "source": "REF_5(Distribution.State)",
      "target": "State.DistributingNormally"
    },
    {
      "source": "1",
      "target": "2"
    },
    {
      "source": "1",
      "target": "3"
    },
    {
      "source": "REF_6(Distribution.State)",
      "target": "State.DistributingProRata"
    },
    {
      "source": "3",
      "target": "4"
    },
    {
      "source": "3",
      "target": "10"
    },
    {
      "source": "4",
      "target": "5"
    },
    {
      "source": "5",
      "target": "6"
    },
    {
      "source": "6",
      "target": "7"
    },
    {
      "source": "6",
      "target": "8"
    },
    {
      "source": "10",
      "target": "11"
    },
    {
      "source": "11",
      "target": "12"
    },
    {
      "source": "0",
      "target": "1"
    },
    {
      "source": "REF_12",
      "target": "LENGTH contributors"
    },
    {
      "source": "REF_13",
      "target": "LENGTH contributorExpectedTokens"
    },
    {
      "source": "1",
      "target": "2"
    },
    {
      "source": "2",
      "target": "3"
    },
    {
      "source": "REF_14",
      "target": "LENGTH contributors"
    },
    {
      "source": "3",
      "target": "4"
    },
    {
      "source": "4",
      "target": "7"
    },
    {
      "source": "5",
      "target": "8"
    },
    {
      "source": "6",
      "target": "17"
    },
    {
      "source": "7",
      "target": "5"
    },
    {
      "source": "8",
      "target": "9"
    },
    {
      "source": "8",
      "target": "6"
    },
    {
      "source": "REF_15(address)",
      "target": "contributors"
    },
    {
      "source": "9",
      "target": "10"
    },
    {
      "source": "REF_16(uint256)",
      "target": "contributorExpectedTokens"
    },
    {
      "source": "10",
      "target": "11"
    },
    {
      "source": "REF_17(bytes32)",
      "target": "contributionHashes"
    },
    {
      "source": "11",
      "target": "12"
    },
    {
      "source": "REF_18(bytes32)",
      "target": "contributionHashes"
    },
    {
      "source": "REF_18(bytes32) (",
      "target": "contributionHashes) := 0(uint256)\"]"
    },
    {
      "source": "12",
      "target": "13"
    },
    {
      "source": "13",
      "target": "14"
    },
    {
      "source": "14",
      "target": "15"
    },
    {
      "source": "15",
      "target": "16"
    },
    {
      "source": "16",
      "target": "8"
    },
    {
      "source": "17",
      "target": "18"
    },
    {
      "source": "18",
      "target": "19"
    },
    {
      "source": "18",
      "target": "20"
    },
    {
      "source": "REF_20(Distribution.State)",
      "target": "State.Done"
    },
    {
      "source": "19",
      "target": "20"
    },
    {
      "source": "0",
      "target": "1"
    },
    {
      "source": "REF_8(bytes32)",
      "target": "contributionHashes"
    },
    {
      "source": "1",
      "target": "2"
    },
    {
      "source": "2",
      "target": "3"
    },
    {
      "source": "REF_9(bytes32)",
      "target": "contributionHashes"
    },
    {
      "source": "REF_9(bytes32) (",
      "target": "contributionHashes) := 0(uint256)\"]"
    },
    {
      "source": "3",
      "target": "4"
    },
    {
      "source": "4",
      "target": "5"
    },
    {
      "source": "5",
      "target": "6"
    },
    {
      "source": "5",
      "target": "7"
    },
    {
      "source": "REF_10(Distribution.State)",
      "target": "State.Done"
    },
    {
      "source": "6",
      "target": "7"
    },
    {
      "source": "7",
      "target": "8"
    },
    {
      "source": "0",
      "target": "1"
    },
    {
      "source": "0",
      "target": "1"
    },
    {
      "source": "1",
      "target": "2"
    },
    {
      "source": "2",
      "target": "3"
    },
    {
      "source": "3",
      "target": "4"
    },
    {
      "source": "4",
      "target": "5"
    },
    {
      "source": "REF_0(Distribution.State)",
      "target": "State.AwaitingTokens"
    },
    {
      "source": "0",
      "target": "1"
    },
    {
      "source": "1",
      "target": "2"
    }
  ]
}