{
  "nodes": [
    "! (msg.sender.call.value(userBalance",
    "0",
    "1",
    "2",
    "3",
    "4",
    "REF_0(uint256)",
    "REF_1(",
    "REF_1(uint256)",
    "REF_4(uint256)",
    "REF_5(uint256)",
    "REF_5(uint256) (",
    "TMP_1(bool) = LOW_LEVEL_CALL, dest:msg.sender, function:call, arguments:",
    "userBalance",
    "userBalance) := 0(uint256)\"]",
    "userBalance) = REF_1 + msg.value\"]"
  ],
  "edges": [
    {
      "source": "0",
      "target": "1"
    },
    {
      "source": "REF_1(uint256)",
      "target": "userBalance"
    },
    {
      "source": "REF_1(",
      "target": "userBalance) = REF_1 + msg.value\"]"
    },
    {
      "source": "0",
      "target": "1"
    },
    {
      "source": "REF_4(uint256)",
      "target": "userBalance"
    },
    {
      "source": "1",
      "target": "2"
    },
    {
      "source": "1",
      "target": "3"
    },
    {
      "source": "3",
      "target": "4"
    },
    {
      "source": "REF_5(uint256)",
      "target": "userBalance"
    },
    {
      "source": "REF_5(uint256) (",
      "target": "userBalance) := 0(uint256)\"]"
    },
    {
      "source": "0",
      "target": "1"
    },
    {
      "source": "REF_0(uint256)",
      "target": "userBalance"
    }
  ]
}