{
  "nodes": [
    "0",
    "1",
    "2",
    "3",
    "REF_0(",
    "REF_0(uint256)",
    "REF_3(uint256)",
    "TMP_5(bytes32) = HIGH_LEVEL_CALL, dest:TMP_4(Bank), function:supportsToken, arguments:",
    "require(bool)(tokenBalance",
    "tokenBalance",
    "tokenBalance) = REF_0 + 20\"]"
  ],
  "edges": [
    {
      "source": "0",
      "target": "1"
    },
    {
      "source": "1",
      "target": "2"
    },
    {
      "source": "0",
      "target": "1"
    },
    {
      "source": "0",
      "target": "2"
    },
    {
      "source": "REF_0(uint256)",
      "target": "tokenBalance"
    },
    {
      "source": "REF_0(",
      "target": "tokenBalance) = REF_0 + 20\"]"
    },
    {
      "source": "2",
      "target": "3"
    },
    {
      "source": "3",
      "target": "1"
    },
    {
      "source": "0",
      "target": "1"
    },
    {
      "source": "REF_3(uint256)",
      "target": "tokenBalance"
    },
    {
      "source": "1",
      "target": "2"
    }
  ]
}