{
  "nodes": [
    "0",
    "1",
    "2",
    "3",
    "4",
    "5",
    "6",
    "REF_1(None)",
    "REF_1.value\"]",
    "REF_2(None)",
    "TMP_0(bool) = HIGH_LEVEL_CALL, dest:amIOnTheFork(AmIOnTheFork), function:forked, arguments:",
    "TMP_6(bool) = LOW_LEVEL_CALL, dest:etcDestination, function:call, arguments:",
    "ethDestination.call"
  ],
  "edges": [
    {
      "source": "0",
      "target": "1"
    },
    {
      "source": "0",
      "target": "1"
    },
    {
      "source": "1",
      "target": "2"
    },
    {
      "source": "1",
      "target": "3"
    },
    {
      "source": "REF_1(None)",
      "target": "ethDestination.call"
    },
    {
      "source": "REF_2(None)",
      "target": "REF_1.value\"]"
    },
    {
      "source": "2",
      "target": "6"
    },
    {
      "source": "3",
      "target": "4"
    },
    {
      "source": "4",
      "target": "5"
    },
    {
      "source": "5",
      "target": "6"
    },
    {
      "source": "0",
      "target": "1"
    }
  ]
}