{
  "nodes": [
    "0",
    "1",
    "10",
    "11",
    "12",
    "13",
    "14",
    "15",
    "16",
    "17",
    "18",
    "19",
    "2",
    "20",
    "21",
    "3",
    "4",
    "5",
    "6",
    "7",
    "8",
    "9",
    "LENGTH msg.data",
    "REF_0(uint256)",
    "REF_1(uint256)",
    "REF_10(uint256)",
    "REF_11(uint256)",
    "REF_11(uint256) (",
    "REF_12(uint256)",
    "REF_14(uint256)",
    "REF_14(uint256) (",
    "REF_15(uint256)",
    "REF_17",
    "REF_17(mapping(address => uint256))",
    "REF_18(uint256)",
    "REF_18(uint256) (",
    "REF_19",
    "REF_19(mapping(address => uint256))",
    "REF_2(uint256)",
    "REF_2(uint256) (",
    "REF_20(uint256)",
    "REF_22",
    "REF_22(mapping(address => uint256))",
    "REF_23(uint256)",
    "REF_23(uint256) (",
    "REF_24",
    "REF_24(mapping(address => uint256))",
    "REF_25(uint256)",
    "REF_26",
    "REF_27(uint256)",
    "REF_28(uint256)",
    "REF_29(uint256)",
    "REF_29(uint256) (",
    "REF_3(uint256)",
    "REF_30(uint256)",
    "REF_32(uint256)",
    "REF_32(uint256) (",
    "REF_33(uint256)",
    "REF_35(uint256)",
    "REF_36",
    "REF_36(mapping(address => uint256))",
    "REF_37(uint256)",
    "REF_38(uint256)",
    "REF_38(uint256) (",
    "REF_39(uint256)",
    "REF_41(uint256)",
    "REF_41(uint256) (",
    "REF_42(uint256)",
    "REF_44",
    "REF_44(mapping(address => uint256))",
    "REF_45(uint256)",
    "REF_45(uint256) (",
    "REF_46",
    "REF_46(mapping(address => uint256))",
    "REF_47(uint256)",
    "REF_49",
    "REF_49(mapping(address => uint256))",
    "REF_5(uint256)",
    "REF_5(uint256) (",
    "REF_50(uint256)",
    "REF_50(uint256) (",
    "REF_51",
    "REF_51(mapping(address => uint256))",
    "REF_52(uint256)",
    "REF_53(uint256)",
    "REF_53(uint256) (",
    "REF_55(uint256)",
    "REF_57(uint256)",
    "REF_59(uint256)",
    "REF_6(uint256)",
    "REF_60(uint256)",
    "REF_60(uint256) (",
    "REF_61(uint256)",
    "REF_65(uint256)",
    "REF_65(uint256) (",
    "REF_66(uint256)",
    "REF_74",
    "REF_8(uint256)",
    "REF_9",
    "REF_9(mapping(address => uint256))",
    "TMP_21(uint256) = LIBRARY_CALL, dest:SafeMath, function:SafeMath.sub(uint256,uint256), arguments:",
    "TMP_22(uint256) = LIBRARY_CALL, dest:SafeMath, function:SafeMath.add(uint256,uint256), arguments:",
    "TMP_32(uint256) = LIBRARY_CALL, dest:SafeMath, function:SafeMath.add(uint256,uint256), arguments:",
    "TMP_33(uint256) = LIBRARY_CALL, dest:SafeMath, function:SafeMath.sub(uint256,uint256), arguments:",
    "TMP_34(uint256) = LIBRARY_CALL, dest:SafeMath, function:SafeMath.sub(uint256,uint256), arguments:",
    "TMP_44(uint256) = LIBRARY_CALL, dest:SafeMath, function:SafeMath.sub(uint256,uint256), arguments:",
    "TMP_45(uint256) = LIBRARY_CALL, dest:SafeMath, function:SafeMath.add(uint256,uint256), arguments:",
    "TMP_55(uint256) = LIBRARY_CALL, dest:SafeMath, function:SafeMath.add(uint256,uint256), arguments:",
    "TMP_56(uint256) = LIBRARY_CALL, dest:SafeMath, function:SafeMath.sub(uint256,uint256), arguments:",
    "TMP_57(uint256) = LIBRARY_CALL, dest:SafeMath, function:SafeMath.sub(uint256,uint256), arguments:",
    "TMP_62(uint256) = LIBRARY_CALL, dest:SafeMath, function:SafeMath.div(uint256,uint256), arguments:",
    "TMP_64(uint256) = LIBRARY_CALL, dest:SafeMath, function:SafeMath.sub(uint256,uint256), arguments:",
    "TMP_65(uint256) = LIBRARY_CALL, dest:SafeMath, function:SafeMath.mul(uint256,uint256), arguments:",
    "TMP_67(uint256) = LIBRARY_CALL, dest:SafeMath, function:SafeMath.add(uint256,uint256), arguments:",
    "TMP_69(uint256) = LIBRARY_CALL, dest:SafeMath, function:SafeMath.div(uint256,uint256), arguments:",
    "TMP_70(uint256) = LIBRARY_CALL, dest:SafeMath, function:SafeMath.sub(uint256,uint256), arguments:",
    "TMP_71(uint256) = LIBRARY_CALL, dest:SafeMath, function:SafeMath.sub(uint256,uint256), arguments:",
    "TMP_73(uint256) = LIBRARY_CALL, dest:SafeMath, function:SafeMath.div(uint256,uint256), arguments:",
    "TMP_74(uint256) = LIBRARY_CALL, dest:SafeMath, function:SafeMath.add(uint256,uint256), arguments:",
    "TUPLE_0(bool,bytes) = LOW_LEVEL_CALL, dest:admin, function:call, arguments:",
    "allowed",
    "allowed) := TMP_34(uint256)\"]",
    "allowed) := TMP_57(uint256)\"]",
    "allowed) := _value(uint256)\"]",
    "balances",
    "balances) := TMP_21(uint256)\"]",
    "balances) := TMP_22(uint256)\"]",
    "balances) := TMP_32(uint256)\"]",
    "balances) := TMP_33(uint256)\"]",
    "balances) := TMP_44(uint256)\"]",
    "balances) := TMP_45(uint256)\"]",
    "balances) := TMP_55(uint256)\"]",
    "balances) := TMP_56(uint256)\"]",
    "balances) := TMP_67(uint256)\"]",
    "balances) := TMP_71(uint256)\"]",
    "balances) := totalSupply(uint256)\"]",
    "refund = tokens.sub(balances",
    "require(bool)(balances",
    "tokens = balances"
  ],
  "edges": [
    {
      "source": "0",
      "target": "1"
    },
    {
      "source": "1",
      "target": "2"
    },
    {
      "source": "2",
      "target": "3"
    },
    {
      "source": "3",
      "target": "4"
    },
    {
      "source": "4",
      "target": "5"
    },
    {
      "source": "5",
      "target": "6"
    },
    {
      "source": "6",
      "target": "7"
    },
    {
      "source": "REF_53(uint256)",
      "target": "balances"
    },
    {
      "source": "REF_53(uint256) (",
      "target": "balances) := totalSupply(uint256)\"]"
    },
    {
      "source": "0",
      "target": "1"
    },
    {
      "source": "REF_26",
      "target": "LENGTH msg.data"
    },
    {
      "source": "1",
      "target": "2"
    },
    {
      "source": "0",
      "target": "1"
    },
    {
      "source": "REF_27(uint256)",
      "target": "balances"
    },
    {
      "source": "0",
      "target": "1"
    },
    {
      "source": "1",
      "target": "2"
    },
    {
      "source": "1",
      "target": "3"
    },
    {
      "source": "3",
      "target": "4"
    },
    {
      "source": "4",
      "target": "5"
    },
    {
      "source": "5",
      "target": "6"
    },
    {
      "source": "0",
      "target": "1"
    },
    {
      "source": "1",
      "target": "2"
    },
    {
      "source": "2",
      "target": "3"
    },
    {
      "source": "0",
      "target": "5"
    },
    {
      "source": "REF_28(uint256)",
      "target": "balances"
    },
    {
      "source": "1",
      "target": "2"
    },
    {
      "source": "REF_29(uint256)",
      "target": "balances"
    },
    {
      "source": "REF_30(uint256)",
      "target": "balances"
    },
    {
      "source": "REF_29(uint256) (",
      "target": "balances) := TMP_44(uint256)\"]"
    },
    {
      "source": "2",
      "target": "3"
    },
    {
      "source": "REF_32(uint256)",
      "target": "balances"
    },
    {
      "source": "REF_33(uint256)",
      "target": "balances"
    },
    {
      "source": "REF_32(uint256) (",
      "target": "balances) := TMP_45(uint256)\"]"
    },
    {
      "source": "3",
      "target": "4"
    },
    {
      "source": "5",
      "target": "1"
    },
    {
      "source": "0",
      "target": "1"
    },
    {
      "source": "1",
      "target": "2"
    },
    {
      "source": "2",
      "target": "3"
    },
    {
      "source": "3",
      "target": "4"
    },
    {
      "source": "4",
      "target": "5"
    },
    {
      "source": "REF_55(uint256)",
      "target": "balances"
    },
    {
      "source": "5",
      "target": "6"
    },
    {
      "source": "5",
      "target": "8"
    },
    {
      "source": "REF_57(uint256)",
      "target": "balances"
    },
    {
      "source": "6",
      "target": "7"
    },
    {
      "source": "REF_59(uint256)",
      "target": "balances"
    },
    {
      "source": "7",
      "target": "8"
    },
    {
      "source": "8",
      "target": "9"
    },
    {
      "source": "9",
      "target": "10"
    },
    {
      "source": "9",
      "target": "15"
    },
    {
      "source": "REF_60(uint256)",
      "target": "balances"
    },
    {
      "source": "REF_61(uint256)",
      "target": "balances"
    },
    {
      "source": "REF_60(uint256) (",
      "target": "balances) := TMP_67(uint256)\"]"
    },
    {
      "source": "10",
      "target": "11"
    },
    {
      "source": "11",
      "target": "12"
    },
    {
      "source": "REF_65(uint256)",
      "target": "balances"
    },
    {
      "source": "REF_66(uint256)",
      "target": "balances"
    },
    {
      "source": "REF_65(uint256) (",
      "target": "balances) := TMP_71(uint256)\"]"
    },
    {
      "source": "12",
      "target": "13"
    },
    {
      "source": "13",
      "target": "14"
    },
    {
      "source": "14",
      "target": "15"
    },
    {
      "source": "15",
      "target": "16"
    },
    {
      "source": "16",
      "target": "17"
    },
    {
      "source": "16",
      "target": "18"
    },
    {
      "source": "17",
      "target": "18"
    },
    {
      "source": "18",
      "target": "19"
    },
    {
      "source": "19",
      "target": "20"
    },
    {
      "source": "19",
      "target": "21"
    },
    {
      "source": "20",
      "target": "21"
    },
    {
      "source": "0",
      "target": "1"
    },
    {
      "source": "1",
      "target": "2"
    },
    {
      "source": "2",
      "target": "3"
    },
    {
      "source": "0",
      "target": "5"
    },
    {
      "source": "REF_1(uint256)",
      "target": "balances"
    },
    {
      "source": "1",
      "target": "2"
    },
    {
      "source": "REF_2(uint256)",
      "target": "balances"
    },
    {
      "source": "REF_3(uint256)",
      "target": "balances"
    },
    {
      "source": "REF_2(uint256) (",
      "target": "balances) := TMP_21(uint256)\"]"
    },
    {
      "source": "2",
      "target": "3"
    },
    {
      "source": "REF_5(uint256)",
      "target": "balances"
    },
    {
      "source": "REF_6(uint256)",
      "target": "balances"
    },
    {
      "source": "REF_5(uint256) (",
      "target": "balances) := TMP_22(uint256)\"]"
    },
    {
      "source": "3",
      "target": "4"
    },
    {
      "source": "5",
      "target": "1"
    },
    {
      "source": "0",
      "target": "1"
    },
    {
      "source": "REF_49(mapping(address => uint256))",
      "target": "allowed"
    },
    {
      "source": "REF_50(uint256)",
      "target": "REF_49"
    },
    {
      "source": "REF_50(uint256) (",
      "target": "allowed) := _value(uint256)\"]"
    },
    {
      "source": "1",
      "target": "2"
    },
    {
      "source": "0",
      "target": "1"
    },
    {
      "source": "REF_35(uint256)",
      "target": "balances"
    },
    {
      "source": "REF_36(mapping(address => uint256))",
      "target": "allowed"
    },
    {
      "source": "REF_37(uint256)",
      "target": "REF_36"
    },
    {
      "source": "1",
      "target": "2"
    },
    {
      "source": "REF_38(uint256)",
      "target": "balances"
    },
    {
      "source": "REF_39(uint256)",
      "target": "balances"
    },
    {
      "source": "REF_38(uint256) (",
      "target": "balances) := TMP_55(uint256)\"]"
    },
    {
      "source": "2",
      "target": "3"
    },
    {
      "source": "REF_41(uint256)",
      "target": "balances"
    },
    {
      "source": "REF_42(uint256)",
      "target": "balances"
    },
    {
      "source": "REF_41(uint256) (",
      "target": "balances) := TMP_56(uint256)\"]"
    },
    {
      "source": "3",
      "target": "4"
    },
    {
      "source": "REF_44(mapping(address => uint256))",
      "target": "allowed"
    },
    {
      "source": "REF_45(uint256)",
      "target": "REF_44"
    },
    {
      "source": "REF_46(mapping(address => uint256))",
      "target": "allowed"
    },
    {
      "source": "REF_47(uint256)",
      "target": "REF_46"
    },
    {
      "source": "REF_45(uint256) (",
      "target": "allowed) := TMP_57(uint256)\"]"
    },
    {
      "source": "4",
      "target": "5"
    },
    {
      "source": "0",
      "target": "1"
    },
    {
      "source": "REF_51(mapping(address => uint256))",
      "target": "allowed"
    },
    {
      "source": "REF_52(uint256)",
      "target": "REF_51"
    },
    {
      "source": "0",
      "target": "1"
    },
    {
      "source": "REF_74",
      "target": "LENGTH msg.data"
    },
    {
      "source": "1",
      "target": "2"
    },
    {
      "source": "0",
      "target": "1"
    },
    {
      "source": "REF_24(mapping(address => uint256))",
      "target": "allowed"
    },
    {
      "source": "REF_25(uint256)",
      "target": "REF_24"
    },
    {
      "source": "0",
      "target": "1"
    },
    {
      "source": "1",
      "target": "2"
    },
    {
      "source": "2",
      "target": "3"
    },
    {
      "source": "0",
      "target": "1"
    },
    {
      "source": "REF_22(mapping(address => uint256))",
      "target": "allowed"
    },
    {
      "source": "REF_23(uint256)",
      "target": "REF_22"
    },
    {
      "source": "REF_23(uint256) (",
      "target": "allowed) := _value(uint256)\"]"
    },
    {
      "source": "1",
      "target": "2"
    },
    {
      "source": "0",
      "target": "1"
    },
    {
      "source": "REF_0(uint256)",
      "target": "balances"
    },
    {
      "source": "0",
      "target": "1"
    },
    {
      "source": "1",
      "target": "2"
    },
    {
      "source": "0",
      "target": "1"
    },
    {
      "source": "REF_8(uint256)",
      "target": "balances"
    },
    {
      "source": "REF_9(mapping(address => uint256))",
      "target": "allowed"
    },
    {
      "source": "REF_10(uint256)",
      "target": "REF_9"
    },
    {
      "source": "1",
      "target": "2"
    },
    {
      "source": "REF_11(uint256)",
      "target": "balances"
    },
    {
      "source": "REF_12(uint256)",
      "target": "balances"
    },
    {
      "source": "REF_11(uint256) (",
      "target": "balances) := TMP_32(uint256)\"]"
    },
    {
      "source": "2",
      "target": "3"
    },
    {
      "source": "REF_14(uint256)",
      "target": "balances"
    },
    {
      "source": "REF_15(uint256)",
      "target": "balances"
    },
    {
      "source": "REF_14(uint256) (",
      "target": "balances) := TMP_33(uint256)\"]"
    },
    {
      "source": "3",
      "target": "4"
    },
    {
      "source": "REF_17(mapping(address => uint256))",
      "target": "allowed"
    },
    {
      "source": "REF_18(uint256)",
      "target": "REF_17"
    },
    {
      "source": "REF_19(mapping(address => uint256))",
      "target": "allowed"
    },
    {
      "source": "REF_20(uint256)",
      "target": "REF_19"
    },
    {
      "source": "REF_18(uint256) (",
      "target": "allowed) := TMP_34(uint256)\"]"
    },
    {
      "source": "4",
      "target": "5"
    }
  ]
}