{
  "nodes": [
    "(price",
    "0",
    "1",
    "2",
    "3",
    "4",
    "5",
    "6",
    "7",
    "8",
    "REF_0(uint256)",
    "REF_0(uint256) (",
    "REF_1(uint256)",
    "REF_1(uint256) (",
    "REF_11(uint256)",
    "REF_14(uint256)",
    "REF_14(uint256) (",
    "REF_15(uint256)",
    "REF_2(uint256)",
    "REF_20(uint256)",
    "REF_21(uint256)",
    "REF_4(uint256)",
    "REF_5(uint256)",
    "REF_5(uint256) (",
    "REF_6(uint256)",
    "REF_6(uint256) (",
    "REF_9(uint256)",
    "TMP_22(uint256) = LIBRARY_CALL, dest:SafeMath, function:SafeMath.add(uint256,uint256), arguments:",
    "TMP_27(uint256) = LIBRARY_CALL, dest:SafeMath, function:SafeMath.mul(uint256,uint256), arguments:",
    "TMP_29(uint256) = LIBRARY_CALL, dest:SafeMath, function:SafeMath.div(uint256,uint256), arguments:",
    "TMP_33(uint256) = LIBRARY_CALL, dest:SafeMath, function:SafeMath.sub(uint256,uint256), arguments:",
    "TMP_35(bool) = HIGH_LEVEL_CALL, dest:TMP_34(Out), function:burn, arguments:",
    "TMP_38(bool) = HIGH_LEVEL_CALL, dest:TMP_37(Out), function:mint, arguments:",
    "TUPLE_0(bool,bytes) = LOW_LEVEL_CALL, dest:w, function:call, arguments:",
    "e = (a.mul(price",
    "e = frozen",
    "frozen",
    "frozen) := 0(uint256)\"]",
    "frozen) := TMP_22(uint256)\"]",
    "frozen) := TMP_33(uint256)\"]",
    "price",
    "price) := 0(uint256)\"]",
    "price) := p(uint256)\"]",
    "require(bool)(e <= frozen"
  ],
  "edges": [
    {
      "source": "0",
      "target": "1"
    },
    {
      "source": "0",
      "target": "1"
    },
    {
      "source": "1",
      "target": "2"
    },
    {
      "source": "1",
      "target": "3"
    },
    {
      "source": "3",
      "target": "4"
    },
    {
      "source": "4",
      "target": "5"
    },
    {
      "source": "5",
      "target": "6"
    },
    {
      "source": "0",
      "target": "1"
    },
    {
      "source": "1",
      "target": "2"
    },
    {
      "source": "2",
      "target": "3"
    },
    {
      "source": "0",
      "target": "1"
    },
    {
      "source": "REF_4(uint256)",
      "target": "frozen"
    },
    {
      "source": "1",
      "target": "2"
    },
    {
      "source": "2",
      "target": "3"
    },
    {
      "source": "REF_5(uint256)",
      "target": "frozen"
    },
    {
      "source": "REF_5(uint256) (",
      "target": "frozen) := 0(uint256)\"]"
    },
    {
      "source": "3",
      "target": "4"
    },
    {
      "source": "REF_6(uint256)",
      "target": "price"
    },
    {
      "source": "REF_6(uint256) (",
      "target": "price) := 0(uint256)\"]"
    },
    {
      "source": "4",
      "target": "5"
    },
    {
      "source": "5",
      "target": "6"
    },
    {
      "source": "0",
      "target": "1"
    },
    {
      "source": "1",
      "target": "2"
    },
    {
      "source": "2",
      "target": "3"
    },
    {
      "source": "0",
      "target": "1"
    },
    {
      "source": "1",
      "target": "2"
    },
    {
      "source": "REF_0(uint256)",
      "target": "price"
    },
    {
      "source": "REF_0(uint256) (",
      "target": "price) := p(uint256)\"]"
    },
    {
      "source": "2",
      "target": "3"
    },
    {
      "source": "REF_1(uint256)",
      "target": "frozen"
    },
    {
      "source": "REF_2(uint256)",
      "target": "frozen"
    },
    {
      "source": "REF_1(uint256) (",
      "target": "frozen) := TMP_22(uint256)\"]"
    },
    {
      "source": "3",
      "target": "4"
    },
    {
      "source": "0",
      "target": "1"
    },
    {
      "source": "REF_9(uint256)",
      "target": "price"
    },
    {
      "source": "1",
      "target": "2"
    },
    {
      "source": "REF_11(uint256)",
      "target": "frozen"
    },
    {
      "source": "2",
      "target": "3"
    },
    {
      "source": "3",
      "target": "4"
    },
    {
      "source": "REF_14(uint256)",
      "target": "frozen"
    },
    {
      "source": "REF_15(uint256)",
      "target": "frozen"
    },
    {
      "source": "REF_14(uint256) (",
      "target": "frozen) := TMP_33(uint256)\"]"
    },
    {
      "source": "4",
      "target": "5"
    },
    {
      "source": "5",
      "target": "6"
    },
    {
      "source": "6",
      "target": "7"
    },
    {
      "source": "7",
      "target": "8"
    },
    {
      "source": "0",
      "target": "1"
    },
    {
      "source": "0",
      "target": "1"
    },
    {
      "source": "1",
      "target": "2"
    },
    {
      "source": "2",
      "target": "3"
    },
    {
      "source": "0",
      "target": "1"
    },
    {
      "source": "REF_20(uint256)",
      "target": "price"
    },
    {
      "source": "REF_21(uint256)",
      "target": "frozen"
    }
  ]
}