{
  "nodes": [
    "0",
    "1",
    "2",
    "3",
    "4",
    "5",
    "6",
    "7",
    "8",
    "REF_0(uint256)",
    "REF_1",
    "REF_1(mapping(address => uint256))",
    "REF_10(uint256)",
    "REF_14(uint256)",
    "REF_14(uint256) (",
    "REF_15(uint256)",
    "REF_17(uint256)",
    "REF_17(uint256) (",
    "REF_18(uint256)",
    "REF_2(uint256)",
    "REF_21(uint256)",
    "REF_21(uint256) (",
    "REF_22(uint256)",
    "REF_25(uint256)",
    "REF_25(uint256) (",
    "REF_26(uint256)",
    "REF_3",
    "REF_3(mapping(address => uint256))",
    "REF_30(uint256)",
    "REF_30(uint256) (",
    "REF_31(uint256)",
    "REF_34",
    "REF_34(mapping(address => uint256))",
    "REF_35(uint256)",
    "REF_35(uint256) (",
    "REF_36",
    "REF_36(mapping(address => uint256))",
    "REF_37(uint256)",
    "REF_4(uint256)",
    "REF_41(uint256)",
    "REF_6",
    "REF_6(mapping(address => uint256))",
    "REF_7(uint256)",
    "REF_9",
    "REF_9(mapping(address => uint256))",
    "TMP_109(uint256) = LIBRARY_CALL, dest:SafeMath, function:SafeMath.sub(uint256,uint256,string), arguments:",
    "TMP_122(uint256) = LIBRARY_CALL, dest:SafeMath, function:SafeMath.add(uint256,uint256), arguments:",
    "TMP_137(uint256) = LIBRARY_CALL, dest:SafeMath, function:SafeMath.add(uint256,uint256), arguments:",
    "TMP_153(uint256) = LIBRARY_CALL, dest:SafeMath, function:SafeMath.add(uint256,uint256), arguments:",
    "TMP_56(uint256) = LIBRARY_CALL, dest:SafeMath, function:SafeMath.sub(uint256,uint256,string), arguments:",
    "TMP_60(uint256) = LIBRARY_CALL, dest:SafeMath, function:SafeMath.add(uint256,uint256), arguments:",
    "TMP_64(uint256) = LIBRARY_CALL, dest:SafeMath, function:SafeMath.sub(uint256,uint256,string), arguments:",
    "TMP_76(uint256) = LIBRARY_CALL, dest:SafeMath, function:SafeMath.sub(uint256,uint256,string), arguments:",
    "TMP_77(uint256) = LIBRARY_CALL, dest:SafeMath, function:SafeMath.add(uint256,uint256), arguments:",
    "TMP_82(uint256) = LIBRARY_CALL, dest:SafeMath, function:SafeMath.add(uint256,uint256), arguments:",
    "TMP_83(uint256) = LIBRARY_CALL, dest:SafeMath, function:SafeMath.div(uint256,uint256), arguments:",
    "TMP_84(uint256) = LIBRARY_CALL, dest:SafeMath, function:SafeMath.add(uint256,uint256), arguments:",
    "TMP_87(uint256) = LIBRARY_CALL, dest:SafeMath, function:SafeMath.div(uint256,uint256), arguments:",
    "TMP_88(uint256) = LIBRARY_CALL, dest:SafeMath, function:SafeMath.add(uint256,uint256), arguments:",
    "TMP_89(uint256) = LIBRARY_CALL, dest:SafeMath, function:SafeMath.div(uint256,uint256), arguments:",
    "TMP_95(uint256) = LIBRARY_CALL, dest:SafeMath, function:SafeMath.sub(uint256,uint256,string), arguments:",
    "TMP_96(uint256) = LIBRARY_CALL, dest:SafeMath, function:SafeMath.sub(uint256,uint256), arguments:",
    "TUPLE_0(bool,bytes) = LOW_LEVEL_CALL, dest:sender, function:call, arguments:",
    "_allowances",
    "_allowances) := amount(uint256)\"]",
    "_approve(_msgSender(),spender,_allowances",
    "_approve(account,_msgSender(),_allowances",
    "_approve(sender,_msgSender(),_allowances",
    "_balances",
    "_balances) := TMP_76(uint256)\"]",
    "_balances) := TMP_77(uint256)\"]",
    "_balances) := TMP_84(uint256)\"]",
    "_balances) := TMP_88(uint256)\"]",
    "_balances) := TMP_95(uint256)\"]",
    "require(bool)(_balances"
  ],
  "edges": [
    {
      "source": "0",
      "target": "1"
    },
    {
      "source": "1",
      "target": "2"
    },
    {
      "source": "2",
      "target": "3"
    },
    {
      "source": "REF_21(uint256)",
      "target": "_balances"
    },
    {
      "source": "REF_22(uint256)",
      "target": "_balances"
    },
    {
      "source": "REF_21(uint256) (",
      "target": "_balances) := TMP_84(uint256)\"]"
    },
    {
      "source": "3",
      "target": "4"
    },
    {
      "source": "REF_25(uint256)",
      "target": "_balances"
    },
    {
      "source": "REF_26(uint256)",
      "target": "_balances"
    },
    {
      "source": "REF_25(uint256) (",
      "target": "_balances) := TMP_88(uint256)\"]"
    },
    {
      "source": "4",
      "target": "5"
    },
    {
      "source": "5",
      "target": "6"
    },
    {
      "source": "0",
      "target": "1"
    },
    {
      "source": "0",
      "target": "1"
    },
    {
      "source": "0",
      "target": "2"
    },
    {
      "source": "2",
      "target": "1"
    },
    {
      "source": "0",
      "target": "1"
    },
    {
      "source": "0",
      "target": "1"
    },
    {
      "source": "0",
      "target": "1"
    },
    {
      "source": "0",
      "target": "1"
    },
    {
      "source": "1",
      "target": "2"
    },
    {
      "source": "2",
      "target": "3"
    },
    {
      "source": "0",
      "target": "1"
    },
    {
      "source": "0",
      "target": "1"
    },
    {
      "source": "0",
      "target": "1"
    },
    {
      "source": "0",
      "target": "1"
    },
    {
      "source": "1",
      "target": "2"
    },
    {
      "source": "2",
      "target": "3"
    },
    {
      "source": "0",
      "target": "1"
    },
    {
      "source": "1",
      "target": "2"
    },
    {
      "source": "1",
      "target": "3"
    },
    {
      "source": "3",
      "target": "4"
    },
    {
      "source": "4",
      "target": "5"
    },
    {
      "source": "5",
      "target": "6"
    },
    {
      "source": "0",
      "target": "1"
    },
    {
      "source": "1",
      "target": "2"
    },
    {
      "source": "2",
      "target": "3"
    },
    {
      "source": "3",
      "target": "4"
    },
    {
      "source": "4",
      "target": "5"
    },
    {
      "source": "5",
      "target": "6"
    },
    {
      "source": "0",
      "target": "1"
    },
    {
      "source": "0",
      "target": "2"
    },
    {
      "source": "2",
      "target": "1"
    },
    {
      "source": "0",
      "target": "1"
    },
    {
      "source": "0",
      "target": "1"
    },
    {
      "source": "0",
      "target": "1"
    },
    {
      "source": "1",
      "target": "2"
    },
    {
      "source": "2",
      "target": "3"
    },
    {
      "source": "0",
      "target": "1"
    },
    {
      "source": "1",
      "target": "2"
    },
    {
      "source": "0",
      "target": "1"
    },
    {
      "source": "1",
      "target": "2"
    },
    {
      "source": "0",
      "target": "1"
    },
    {
      "source": "0",
      "target": "1"
    },
    {
      "source": "0",
      "target": "1"
    },
    {
      "source": "1",
      "target": "2"
    },
    {
      "source": "REF_36(mapping(address => uint256))",
      "target": "_allowances"
    },
    {
      "source": "REF_37(uint256)",
      "target": "REF_36"
    },
    {
      "source": "0",
      "target": "3"
    },
    {
      "source": "1",
      "target": "2"
    },
    {
      "source": "3",
      "target": "1"
    },
    {
      "source": "0",
      "target": "1"
    },
    {
      "source": "1",
      "target": "2"
    },
    {
      "source": "2",
      "target": "3"
    },
    {
      "source": "0",
      "target": "1"
    },
    {
      "source": "1",
      "target": "2"
    },
    {
      "source": "0",
      "target": "1"
    },
    {
      "source": "1",
      "target": "2"
    },
    {
      "source": "2",
      "target": "3"
    },
    {
      "source": "3",
      "target": "4"
    },
    {
      "source": "REF_14(uint256)",
      "target": "_balances"
    },
    {
      "source": "REF_15(uint256)",
      "target": "_balances"
    },
    {
      "source": "REF_14(uint256) (",
      "target": "_balances) := TMP_76(uint256)\"]"
    },
    {
      "source": "4",
      "target": "5"
    },
    {
      "source": "REF_17(uint256)",
      "target": "_balances"
    },
    {
      "source": "REF_18(uint256)",
      "target": "_balances"
    },
    {
      "source": "REF_17(uint256) (",
      "target": "_balances) := TMP_77(uint256)\"]"
    },
    {
      "source": "5",
      "target": "6"
    },
    {
      "source": "0",
      "target": "1"
    },
    {
      "source": "1",
      "target": "2"
    },
    {
      "source": "2",
      "target": "3"
    },
    {
      "source": "0",
      "target": "1"
    },
    {
      "source": "0",
      "target": "1"
    },
    {
      "source": "1",
      "target": "2"
    },
    {
      "source": "REF_30(uint256)",
      "target": "_balances"
    },
    {
      "source": "REF_31(uint256)",
      "target": "_balances"
    },
    {
      "source": "REF_30(uint256) (",
      "target": "_balances) := TMP_95(uint256)\"]"
    },
    {
      "source": "2",
      "target": "3"
    },
    {
      "source": "3",
      "target": "4"
    },
    {
      "source": "0",
      "target": "1"
    },
    {
      "source": "1",
      "target": "2"
    },
    {
      "source": "0",
      "target": "1"
    },
    {
      "source": "1",
      "target": "2"
    },
    {
      "source": "2",
      "target": "3"
    },
    {
      "source": "0",
      "target": "1"
    },
    {
      "source": "REF_41(uint256)",
      "target": "_balances"
    },
    {
      "source": "1",
      "target": "2"
    },
    {
      "source": "2",
      "target": "3"
    },
    {
      "source": "2",
      "target": "4"
    },
    {
      "source": "3",
      "target": "4"
    },
    {
      "source": "4",
      "target": "5"
    },
    {
      "source": "5",
      "target": "6"
    },
    {
      "source": "6",
      "target": "7"
    },
    {
      "source": "0",
      "target": "1"
    },
    {
      "source": "1",
      "target": "2"
    },
    {
      "source": "2",
      "target": "3"
    },
    {
      "source": "0",
      "target": "1"
    },
    {
      "source": "REF_9(mapping(address => uint256))",
      "target": "_allowances"
    },
    {
      "source": "REF_10(uint256)",
      "target": "REF_9"
    },
    {
      "source": "1",
      "target": "2"
    },
    {
      "source": "0",
      "target": "1"
    },
    {
      "source": "REF_0(uint256)",
      "target": "_balances"
    },
    {
      "source": "0",
      "target": "1"
    },
    {
      "source": "1",
      "target": "2"
    },
    {
      "source": "0",
      "target": "3"
    },
    {
      "source": "1",
      "target": "2"
    },
    {
      "source": "3",
      "target": "1"
    },
    {
      "source": "0",
      "target": "1"
    },
    {
      "source": "0",
      "target": "1"
    },
    {
      "source": "0",
      "target": "1"
    },
    {
      "source": "1",
      "target": "2"
    },
    {
      "source": "0",
      "target": "1"
    },
    {
      "source": "0",
      "target": "1"
    },
    {
      "source": "REF_1(mapping(address => uint256))",
      "target": "_allowances"
    },
    {
      "source": "REF_2(uint256)",
      "target": "REF_1"
    },
    {
      "source": "0",
      "target": "1"
    },
    {
      "source": "1",
      "target": "2"
    },
    {
      "source": "0",
      "target": "1"
    },
    {
      "source": "1",
      "target": "2"
    },
    {
      "source": "2",
      "target": "3"
    },
    {
      "source": "3",
      "target": "4"
    },
    {
      "source": "4",
      "target": "5"
    },
    {
      "source": "5",
      "target": "6"
    },
    {
      "source": "0",
      "target": "1"
    },
    {
      "source": "1",
      "target": "2"
    },
    {
      "source": "2",
      "target": "3"
    },
    {
      "source": "REF_34(mapping(address => uint256))",
      "target": "_allowances"
    },
    {
      "source": "REF_35(uint256)",
      "target": "REF_34"
    },
    {
      "source": "REF_35(uint256) (",
      "target": "_allowances) := amount(uint256)\"]"
    },
    {
      "source": "3",
      "target": "4"
    },
    {
      "source": "0",
      "target": "1"
    },
    {
      "source": "0",
      "target": "1"
    },
    {
      "source": "REF_6(mapping(address => uint256))",
      "target": "_allowances"
    },
    {
      "source": "REF_7(uint256)",
      "target": "REF_6"
    },
    {
      "source": "1",
      "target": "2"
    },
    {
      "source": "0",
      "target": "1"
    },
    {
      "source": "1",
      "target": "2"
    },
    {
      "source": "2",
      "target": "3"
    },
    {
      "source": "0",
      "target": "1"
    },
    {
      "source": "1",
      "target": "2"
    },
    {
      "source": "0",
      "target": "1"
    },
    {
      "source": "1",
      "target": "2"
    },
    {
      "source": "REF_3(mapping(address => uint256))",
      "target": "_allowances"
    },
    {
      "source": "REF_4(uint256)",
      "target": "REF_3"
    },
    {
      "source": "2",
      "target": "3"
    },
    {
      "source": "0",
      "target": "1"
    }
  ]
}