{
  "nodes": [
    "(success,data) = msg.sender.call.value(_balances",
    "0",
    "1",
    "2",
    "3",
    "4",
    "5",
    "6",
    "7",
    "REF_0(uint256)",
    "REF_0(uint256) (",
    "REF_3(uint256)",
    "REF_4(uint256)",
    "REF_4(uint256) (",
    "REF_5(uint256)",
    "REF_5(uint256) (",
    "REF_8(uint256)",
    "TUPLE_0(bool,bytes) = LOW_LEVEL_CALL, dest:msg.sender, function:call, arguments:",
    "TUPLE_1(bool,bytes) = LOW_LEVEL_CALL, dest:msg.sender, function:call, arguments:",
    "_balances",
    "_balances) := 0(uint256)\"]",
    "_balances) := msg.value(uint256)\"]"
  ],
  "edges": [
    {
      "source": "0",
      "target": "1"
    },
    {
      "source": "0",
      "target": "1"
    },
    {
      "source": "1",
      "target": "2"
    },
    {
      "source": "2",
      "target": "3"
    },
    {
      "source": "REF_5(uint256)",
      "target": "_balances"
    },
    {
      "source": "REF_5(uint256) (",
      "target": "_balances) := 0(uint256)\"]"
    },
    {
      "source": "3",
      "target": "4"
    },
    {
      "source": "REF_8(uint256)",
      "target": "_balances"
    },
    {
      "source": "4",
      "target": "5"
    },
    {
      "source": "5",
      "target": "6"
    },
    {
      "source": "5",
      "target": "7"
    },
    {
      "source": "6",
      "target": "7"
    },
    {
      "source": "0",
      "target": "1"
    },
    {
      "source": "REF_0(uint256)",
      "target": "_balances"
    },
    {
      "source": "REF_0(uint256) (",
      "target": "_balances) := msg.value(uint256)\"]"
    },
    {
      "source": "0",
      "target": "1"
    },
    {
      "source": "0",
      "target": "1"
    },
    {
      "source": "1",
      "target": "2"
    },
    {
      "source": "2",
      "target": "3"
    },
    {
      "source": "REF_3(uint256)",
      "target": "_balances"
    },
    {
      "source": "3",
      "target": "4"
    },
    {
      "source": "4",
      "target": "5"
    },
    {
      "source": "4",
      "target": "6"
    },
    {
      "source": "5",
      "target": "6"
    },
    {
      "source": "6",
      "target": "7"
    },
    {
      "source": "REF_4(uint256)",
      "target": "_balances"
    },
    {
      "source": "REF_4(uint256) (",
      "target": "_balances) := 0(uint256)\"]"
    }
  ]
}