{
  "nodes": [
    "(success,None) = msg.sender.call.value(balances_re_ent8",
    "(success,None) = msg.sender.call.value(userBalance_re_ent33",
    "(success,None) = msg.sender.call.value(userBalance_re_ent40",
    "0",
    "1",
    "2",
    "3",
    "4",
    "5",
    "6",
    "7",
    "8",
    "REF_10(uint256)",
    "REF_12(",
    "REF_12(uint256)",
    "REF_13(uint256)",
    "REF_13(uint256) (",
    "REF_15(uint256)",
    "REF_16(",
    "REF_16(uint256)",
    "REF_17(",
    "REF_17(uint256)",
    "REF_20(uint256)",
    "REF_21(uint256)",
    "REF_21(uint256) (",
    "REF_25(uint256)",
    "REF_26(uint256)",
    "REF_26(uint256) (",
    "REF_27",
    "REF_27(mapping(address => uint256))",
    "REF_28(uint256)",
    "REF_28(uint256) (",
    "REF_31(uint256)",
    "REF_32(uint256)",
    "REF_32(uint256) (",
    "REF_33(uint256)",
    "REF_34",
    "REF_34(mapping(address => uint256))",
    "REF_35(uint256)",
    "REF_36(",
    "REF_36(uint256)",
    "REF_37(",
    "REF_37(uint256)",
    "REF_38",
    "REF_38(mapping(address => uint256))",
    "REF_39(",
    "REF_39(uint256)",
    "REF_4(uint256)",
    "REF_5(uint256)",
    "REF_5(uint256) (",
    "REF_6(uint256)",
    "REF_7(uint256)",
    "REF_9(uint256)",
    "REF_9(uint256) (",
    "TUPLE_0(bool,bytes) = LOW_LEVEL_CALL, dest:msg.sender, function:call, arguments:",
    "TUPLE_1(bool,bytes) = LOW_LEVEL_CALL, dest:msg.sender, function:call, arguments:",
    "TUPLE_2(bool,bytes) = LOW_LEVEL_CALL, dest:msg.sender, function:call, arguments:",
    "TUPLE_3(bool,bytes) = LOW_LEVEL_CALL, dest:msg.sender, function:call, arguments:",
    "allowance",
    "allowance) := value(uint256)\"]",
    "allowance) = REF_39 - value\"]",
    "balanceOf",
    "balanceOf) := totalSupply(uint256)\"]",
    "balanceOf) = REF_16 - value\"]",
    "balanceOf) = REF_17 + value\"]",
    "balanceOf) = REF_36 - value\"]",
    "balanceOf) = REF_37 + value\"]",
    "balances_re_ent31",
    "balances_re_ent31) = REF_12 - _weiToWithdraw\"]",
    "balances_re_ent36",
    "balances_re_ent36) := 0(uint256)\"]",
    "balances_re_ent8",
    "balances_re_ent8) := 0(uint256)\"]",
    "msg.sender.send(balances_re_ent36",
    "redeemableEther_re_ent39",
    "redeemableEther_re_ent39) := 0(uint256)\"]",
    "require(bool)(balanceOf",
    "require(bool)(balances_re_ent31",
    "require(bool)(redeemableEther_re_ent39",
    "require(bool)(value <= allowance",
    "require(bool)(value <= balanceOf",
    "transferValue_re_ent39 = redeemableEther_re_ent39",
    "userBalance_re_ent33",
    "userBalance_re_ent33) := 0(uint256)\"]",
    "userBalance_re_ent40",
    "userBalance_re_ent40) := 0(uint256)\"]"
  ],
  "edges": [
    {
      "source": "0",
      "target": "1"
    },
    {
      "source": "REF_6(uint256)",
      "target": "redeemableEther_re_ent39"
    },
    {
      "source": "1",
      "target": "2"
    },
    {
      "source": "REF_7(uint256)",
      "target": "redeemableEther_re_ent39"
    },
    {
      "source": "2",
      "target": "3"
    },
    {
      "source": "3",
      "target": "4"
    },
    {
      "source": "REF_9(uint256)",
      "target": "redeemableEther_re_ent39"
    },
    {
      "source": "REF_9(uint256) (",
      "target": "redeemableEther_re_ent39) := 0(uint256)\"]"
    },
    {
      "source": "0",
      "target": "1"
    },
    {
      "source": "1",
      "target": "2"
    },
    {
      "source": "2",
      "target": "3"
    },
    {
      "source": "2",
      "target": "4"
    },
    {
      "source": "3",
      "target": "4"
    },
    {
      "source": "4",
      "target": "5"
    },
    {
      "source": "0",
      "target": "1"
    },
    {
      "source": "1",
      "target": "2"
    },
    {
      "source": "2",
      "target": "3"
    },
    {
      "source": "3",
      "target": "4"
    },
    {
      "source": "4",
      "target": "5"
    },
    {
      "source": "5",
      "target": "6"
    },
    {
      "source": "6",
      "target": "7"
    },
    {
      "source": "0",
      "target": "1"
    },
    {
      "source": "REF_33(uint256)",
      "target": "balanceOf"
    },
    {
      "source": "1",
      "target": "2"
    },
    {
      "source": "REF_34(mapping(address => uint256))",
      "target": "allowance"
    },
    {
      "source": "REF_35(uint256)",
      "target": "REF_34"
    },
    {
      "source": "2",
      "target": "3"
    },
    {
      "source": "REF_36(uint256)",
      "target": "balanceOf"
    },
    {
      "source": "REF_36(",
      "target": "balanceOf) = REF_36 - value\"]"
    },
    {
      "source": "3",
      "target": "4"
    },
    {
      "source": "REF_37(uint256)",
      "target": "balanceOf"
    },
    {
      "source": "REF_37(",
      "target": "balanceOf) = REF_37 + value\"]"
    },
    {
      "source": "4",
      "target": "5"
    },
    {
      "source": "REF_38(mapping(address => uint256))",
      "target": "allowance"
    },
    {
      "source": "REF_39(uint256)",
      "target": "REF_38"
    },
    {
      "source": "REF_39(",
      "target": "allowance) = REF_39 - value\"]"
    },
    {
      "source": "5",
      "target": "6"
    },
    {
      "source": "6",
      "target": "7"
    },
    {
      "source": "0",
      "target": "1"
    },
    {
      "source": "REF_25(uint256)",
      "target": "balances_re_ent36"
    },
    {
      "source": "1",
      "target": "2"
    },
    {
      "source": "1",
      "target": "3"
    },
    {
      "source": "REF_26(uint256)",
      "target": "balances_re_ent36"
    },
    {
      "source": "REF_26(uint256) (",
      "target": "balances_re_ent36) := 0(uint256)\"]"
    },
    {
      "source": "2",
      "target": "3"
    },
    {
      "source": "0",
      "target": "1"
    },
    {
      "source": "1",
      "target": "2"
    },
    {
      "source": "2",
      "target": "3"
    },
    {
      "source": "3",
      "target": "4"
    },
    {
      "source": "4",
      "target": "5"
    },
    {
      "source": "4",
      "target": "6"
    },
    {
      "source": "5",
      "target": "6"
    },
    {
      "source": "6",
      "target": "7"
    },
    {
      "source": "0",
      "target": "1"
    },
    {
      "source": "REF_27(mapping(address => uint256))",
      "target": "allowance"
    },
    {
      "source": "REF_28(uint256)",
      "target": "REF_27"
    },
    {
      "source": "REF_28(uint256) (",
      "target": "allowance) := value(uint256)\"]"
    },
    {
      "source": "1",
      "target": "2"
    },
    {
      "source": "2",
      "target": "3"
    },
    {
      "source": "0",
      "target": "1"
    },
    {
      "source": "REF_15(uint256)",
      "target": "balanceOf"
    },
    {
      "source": "1",
      "target": "2"
    },
    {
      "source": "REF_16(uint256)",
      "target": "balanceOf"
    },
    {
      "source": "REF_16(",
      "target": "balanceOf) = REF_16 - value\"]"
    },
    {
      "source": "2",
      "target": "3"
    },
    {
      "source": "REF_17(uint256)",
      "target": "balanceOf"
    },
    {
      "source": "REF_17(",
      "target": "balanceOf) = REF_17 + value\"]"
    },
    {
      "source": "3",
      "target": "4"
    },
    {
      "source": "4",
      "target": "5"
    },
    {
      "source": "0",
      "target": "1"
    },
    {
      "source": "1",
      "target": "2"
    },
    {
      "source": "2",
      "target": "3"
    },
    {
      "source": "2",
      "target": "4"
    },
    {
      "source": "3",
      "target": "4"
    },
    {
      "source": "4",
      "target": "5"
    },
    {
      "source": "0",
      "target": "1"
    },
    {
      "source": "REF_13(uint256)",
      "target": "balanceOf"
    },
    {
      "source": "REF_13(uint256) (",
      "target": "balanceOf) := totalSupply(uint256)\"]"
    },
    {
      "source": "1",
      "target": "2"
    },
    {
      "source": "0",
      "target": "1"
    },
    {
      "source": "1",
      "target": "2"
    },
    {
      "source": "REF_20(uint256)",
      "target": "userBalance_re_ent40"
    },
    {
      "source": "2",
      "target": "3"
    },
    {
      "source": "3",
      "target": "4"
    },
    {
      "source": "3",
      "target": "5"
    },
    {
      "source": "4",
      "target": "5"
    },
    {
      "source": "5",
      "target": "6"
    },
    {
      "source": "REF_21(uint256)",
      "target": "userBalance_re_ent40"
    },
    {
      "source": "REF_21(uint256) (",
      "target": "userBalance_re_ent40) := 0(uint256)\"]"
    },
    {
      "source": "0",
      "target": "1"
    },
    {
      "source": "1",
      "target": "2"
    },
    {
      "source": "REF_31(uint256)",
      "target": "userBalance_re_ent33"
    },
    {
      "source": "2",
      "target": "3"
    },
    {
      "source": "3",
      "target": "4"
    },
    {
      "source": "3",
      "target": "5"
    },
    {
      "source": "4",
      "target": "5"
    },
    {
      "source": "5",
      "target": "6"
    },
    {
      "source": "REF_32(uint256)",
      "target": "userBalance_re_ent33"
    },
    {
      "source": "REF_32(uint256) (",
      "target": "userBalance_re_ent33) := 0(uint256)\"]"
    },
    {
      "source": "0",
      "target": "1"
    },
    {
      "source": "1",
      "target": "2"
    },
    {
      "source": "REF_4(uint256)",
      "target": "balances_re_ent8"
    },
    {
      "source": "2",
      "target": "3"
    },
    {
      "source": "3",
      "target": "4"
    },
    {
      "source": "3",
      "target": "5"
    },
    {
      "source": "REF_5(uint256)",
      "target": "balances_re_ent8"
    },
    {
      "source": "REF_5(uint256) (",
      "target": "balances_re_ent8) := 0(uint256)\"]"
    },
    {
      "source": "4",
      "target": "5"
    },
    {
      "source": "0",
      "target": "1"
    },
    {
      "source": "1",
      "target": "2"
    },
    {
      "source": "2",
      "target": "3"
    },
    {
      "source": "2",
      "target": "4"
    },
    {
      "source": "3",
      "target": "4"
    },
    {
      "source": "4",
      "target": "5"
    },
    {
      "source": "0",
      "target": "1"
    },
    {
      "source": "1",
      "target": "2"
    },
    {
      "source": "1",
      "target": "3"
    },
    {
      "source": "2",
      "target": "3"
    },
    {
      "source": "3",
      "target": "4"
    },
    {
      "source": "4",
      "target": "5"
    },
    {
      "source": "0",
      "target": "1"
    },
    {
      "source": "REF_10(uint256)",
      "target": "balances_re_ent31"
    },
    {
      "source": "1",
      "target": "2"
    },
    {
      "source": "2",
      "target": "3"
    },
    {
      "source": "REF_12(uint256)",
      "target": "balances_re_ent31"
    },
    {
      "source": "REF_12(",
      "target": "balances_re_ent31) = REF_12 - _weiToWithdraw\"]"
    }
  ]
}