{
  "nodes": [
    "0",
    "1",
    "10",
    "11",
    "12",
    "13",
    "14",
    "15",
    "16",
    "17",
    "18",
    "19",
    "2",
    "20",
    "21",
    "22",
    "23",
    "24",
    "25",
    "3",
    "4",
    "5",
    "6",
    "7",
    "8",
    "9",
    "REF_2(SplitterEthToEtc.Received)",
    "REF_2(SplitterEthToEtc.Received) (",
    "REF_5(SplitterEthToEtc.Received)",
    "REF_5(SplitterEthToEtc.Received) (",
    "REF_7(SplitterEthToEtc.Received)",
    "TMP_1(bool) = HIGH_LEVEL_CALL, dest:amIOnTheFork(AmIOnTheFork), function:forked, arguments:",
    "delete received",
    "received",
    "received) := TMP_14(SplitterEthToEtc.Received)\"]",
    "received) := TMP_6(SplitterEthToEtc.Received)\"]"
  ],
  "edges": [
    {
      "source": "0",
      "target": "1"
    },
    {
      "source": "1",
      "target": "2"
    },
    {
      "source": "1",
      "target": "3"
    },
    {
      "source": "3",
      "target": "4"
    },
    {
      "source": "0",
      "target": "1"
    },
    {
      "source": "1",
      "target": "2"
    },
    {
      "source": "2",
      "target": "3"
    },
    {
      "source": "0",
      "target": "1"
    },
    {
      "source": "1",
      "target": "2"
    },
    {
      "source": "1",
      "target": "3"
    },
    {
      "source": "3",
      "target": "4"
    },
    {
      "source": "0",
      "target": "1"
    },
    {
      "source": "0",
      "target": "1"
    },
    {
      "source": "1",
      "target": "2"
    },
    {
      "source": "1",
      "target": "3"
    },
    {
      "source": "3",
      "target": "4"
    },
    {
      "source": "4",
      "target": "5"
    },
    {
      "source": "4",
      "target": "22"
    },
    {
      "source": "5",
      "target": "6"
    },
    {
      "source": "5",
      "target": "12"
    },
    {
      "source": "6",
      "target": "7"
    },
    {
      "source": "6",
      "target": "8"
    },
    {
      "source": "8",
      "target": "9"
    },
    {
      "source": "9",
      "target": "10"
    },
    {
      "source": "REF_2(SplitterEthToEtc.Received)",
      "target": "received"
    },
    {
      "source": "REF_2(SplitterEthToEtc.Received) (",
      "target": "received) := TMP_6(SplitterEthToEtc.Received)\"]"
    },
    {
      "source": "10",
      "target": "11"
    },
    {
      "source": "11",
      "target": "21"
    },
    {
      "source": "12",
      "target": "13"
    },
    {
      "source": "12",
      "target": "14"
    },
    {
      "source": "14",
      "target": "15"
    },
    {
      "source": "15",
      "target": "16"
    },
    {
      "source": "15",
      "target": "17"
    },
    {
      "source": "17",
      "target": "18"
    },
    {
      "source": "18",
      "target": "19"
    },
    {
      "source": "REF_5(SplitterEthToEtc.Received)",
      "target": "received"
    },
    {
      "source": "REF_5(SplitterEthToEtc.Received) (",
      "target": "received) := TMP_14(SplitterEthToEtc.Received)\"]"
    },
    {
      "source": "19",
      "target": "20"
    },
    {
      "source": "20",
      "target": "21"
    },
    {
      "source": "21",
      "target": "25"
    },
    {
      "source": "22",
      "target": "23"
    },
    {
      "source": "22",
      "target": "24"
    },
    {
      "source": "24",
      "target": "25"
    },
    {
      "source": "0",
      "target": "1"
    },
    {
      "source": "1",
      "target": "2"
    },
    {
      "source": "1",
      "target": "3"
    },
    {
      "source": "3",
      "target": "4"
    },
    {
      "source": "0",
      "target": "1"
    },
    {
      "source": "1",
      "target": "2"
    },
    {
      "source": "1",
      "target": "3"
    },
    {
      "source": "3",
      "target": "4"
    },
    {
      "source": "REF_7(SplitterEthToEtc.Received)",
      "target": "received"
    }
  ]
}