{
  "nodes": [
    "(success,None) = msg.sender.call.value(balances_re_ent8",
    "(success,None) = msg.sender.call.value(userBalance_re_ent33",
    "(success,None) = msg.sender.call.value(userBalance_re_ent40",
    "0",
    "1",
    "2",
    "3",
    "4",
    "5",
    "6",
    "7",
    "8",
    "HIGH_LEVEL_CALL, dest:spender(tokenRecipient), function:receiveApproval, arguments:",
    "REF_1(uint256)",
    "REF_11(uint256)",
    "REF_11(uint256) (",
    "REF_15(uint256)",
    "REF_17(",
    "REF_17(uint256)",
    "REF_2(uint256)",
    "REF_20(uint256)",
    "REF_20(uint256) (",
    "REF_22(uint256)",
    "REF_23(uint256)",
    "REF_24(uint256)",
    "REF_25(uint256)",
    "REF_26(uint256)",
    "REF_27(",
    "REF_27(uint256)",
    "REF_28(",
    "REF_28(uint256)",
    "REF_29(uint256)",
    "REF_30(uint256)",
    "REF_34(uint256)",
    "REF_35(uint256)",
    "REF_35(uint256) (",
    "REF_36",
    "REF_36(mapping(address => uint256))",
    "REF_37(uint256)",
    "REF_38",
    "REF_38(mapping(address => uint256))",
    "REF_39(",
    "REF_39(uint256)",
    "REF_4(uint256)",
    "REF_4(uint256) (",
    "REF_40(uint256)",
    "REF_41(uint256)",
    "REF_43(uint256)",
    "REF_43(uint256) (",
    "REF_44",
    "REF_44(mapping(address => uint256))",
    "REF_45(uint256)",
    "REF_45(uint256) (",
    "REF_47(uint256)",
    "REF_48(uint256)",
    "REF_48(uint256) (",
    "REF_5(uint256)",
    "REF_51(uint256)",
    "REF_52(",
    "REF_52(uint256)",
    "REF_55(uint256)",
    "REF_56(uint256)",
    "REF_56(uint256) (",
    "REF_57(uint256)",
    "REF_58",
    "REF_58(mapping(address => uint256))",
    "REF_59(uint256)",
    "REF_60(",
    "REF_60(uint256)",
    "REF_61",
    "REF_61(mapping(address => uint256))",
    "REF_62(",
    "REF_62(uint256)",
    "REF_65(uint256)",
    "REF_66(uint256)",
    "REF_66(uint256) (",
    "REF_7(",
    "REF_7(uint256)",
    "REF_8(uint256)",
    "REF_9(uint256)",
    "TUPLE_0(bool,bytes) = LOW_LEVEL_CALL, dest:msg.sender, function:call, arguments:",
    "TUPLE_1(bool,bytes) = LOW_LEVEL_CALL, dest:msg.sender, function:call, arguments:",
    "TUPLE_2(bool,bytes) = LOW_LEVEL_CALL, dest:msg.sender, function:call, arguments:",
    "TUPLE_3(bool,bytes) = LOW_LEVEL_CALL, dest:msg.sender, function:call, arguments:",
    "allowance",
    "allowance) := _value(uint256)\"]",
    "allowance) = REF_39 - _value\"]",
    "allowance) = REF_62 - _value\"]",
    "assert(bool)(balanceOf",
    "balanceOf",
    "balanceOf) := totalSupply(uint256)\"]",
    "balanceOf) = REF_27 - _value\"]",
    "balanceOf) = REF_28 + _value\"]",
    "balanceOf) = REF_52 - _value\"]",
    "balanceOf) = REF_60 - _value\"]",
    "balances_re_ent31",
    "balances_re_ent31) = REF_17 - _weiToWithdraw\"]",
    "balances_re_ent36",
    "balances_re_ent36) := 0(uint256)\"]",
    "balances_re_ent38",
    "balances_re_ent38) = REF_7 - _weiToWithdraw\"]",
    "balances_re_ent8",
    "balances_re_ent8) := 0(uint256)\"]",
    "msg.sender.send(balances_re_ent36",
    "previousBalances = balanceOf",
    "redeemableEther_re_ent32",
    "redeemableEther_re_ent32) := 0(uint256)\"]",
    "redeemableEther_re_ent39",
    "redeemableEther_re_ent39) := 0(uint256)\"]",
    "redeemableEther_re_ent4",
    "redeemableEther_re_ent4) := 0(uint256)\"]",
    "require(bool)(_value <= allowance",
    "require(bool)(balanceOf",
    "require(bool)(balances_re_ent31",
    "require(bool)(balances_re_ent38",
    "require(bool)(redeemableEther_re_ent32",
    "require(bool)(redeemableEther_re_ent39",
    "require(bool)(redeemableEther_re_ent4",
    "transferValue_re_ent32 = redeemableEther_re_ent32",
    "transferValue_re_ent39 = redeemableEther_re_ent39",
    "transferValue_re_ent4 = redeemableEther_re_ent4",
    "userBalance_re_ent33",
    "userBalance_re_ent33) := 0(uint256)\"]",
    "userBalance_re_ent40",
    "userBalance_re_ent40) := 0(uint256)\"]"
  ],
  "edges": [
    {
      "source": "0",
      "target": "1"
    },
    {
      "source": "1",
      "target": "2"
    },
    {
      "source": "REF_34(uint256)",
      "target": "balances_re_ent8"
    },
    {
      "source": "2",
      "target": "3"
    },
    {
      "source": "3",
      "target": "4"
    },
    {
      "source": "3",
      "target": "5"
    },
    {
      "source": "REF_35(uint256)",
      "target": "balances_re_ent8"
    },
    {
      "source": "REF_35(uint256) (",
      "target": "balances_re_ent8) := 0(uint256)\"]"
    },
    {
      "source": "4",
      "target": "5"
    },
    {
      "source": "0",
      "target": "1"
    },
    {
      "source": "REF_5(uint256)",
      "target": "balances_re_ent38"
    },
    {
      "source": "1",
      "target": "2"
    },
    {
      "source": "2",
      "target": "3"
    },
    {
      "source": "REF_7(uint256)",
      "target": "balances_re_ent38"
    },
    {
      "source": "REF_7(",
      "target": "balances_re_ent38) = REF_7 - _weiToWithdraw\"]"
    },
    {
      "source": "0",
      "target": "1"
    },
    {
      "source": "REF_8(uint256)",
      "target": "redeemableEther_re_ent4"
    },
    {
      "source": "1",
      "target": "2"
    },
    {
      "source": "REF_9(uint256)",
      "target": "redeemableEther_re_ent4"
    },
    {
      "source": "2",
      "target": "3"
    },
    {
      "source": "3",
      "target": "4"
    },
    {
      "source": "REF_11(uint256)",
      "target": "redeemableEther_re_ent4"
    },
    {
      "source": "REF_11(uint256) (",
      "target": "redeemableEther_re_ent4) := 0(uint256)\"]"
    },
    {
      "source": "0",
      "target": "1"
    },
    {
      "source": "REF_57(uint256)",
      "target": "balanceOf"
    },
    {
      "source": "1",
      "target": "2"
    },
    {
      "source": "REF_58(mapping(address => uint256))",
      "target": "allowance"
    },
    {
      "source": "REF_59(uint256)",
      "target": "REF_58"
    },
    {
      "source": "2",
      "target": "3"
    },
    {
      "source": "REF_60(uint256)",
      "target": "balanceOf"
    },
    {
      "source": "REF_60(",
      "target": "balanceOf) = REF_60 - _value\"]"
    },
    {
      "source": "3",
      "target": "4"
    },
    {
      "source": "REF_61(mapping(address => uint256))",
      "target": "allowance"
    },
    {
      "source": "REF_62(uint256)",
      "target": "REF_61"
    },
    {
      "source": "REF_62(",
      "target": "allowance) = REF_62 - _value\"]"
    },
    {
      "source": "4",
      "target": "5"
    },
    {
      "source": "5",
      "target": "6"
    },
    {
      "source": "6",
      "target": "7"
    },
    {
      "source": "0",
      "target": "1"
    },
    {
      "source": "REF_40(uint256)",
      "target": "redeemableEther_re_ent39"
    },
    {
      "source": "1",
      "target": "2"
    },
    {
      "source": "REF_41(uint256)",
      "target": "redeemableEther_re_ent39"
    },
    {
      "source": "2",
      "target": "3"
    },
    {
      "source": "3",
      "target": "4"
    },
    {
      "source": "REF_43(uint256)",
      "target": "redeemableEther_re_ent39"
    },
    {
      "source": "REF_43(uint256) (",
      "target": "redeemableEther_re_ent39) := 0(uint256)\"]"
    },
    {
      "source": "0",
      "target": "1"
    },
    {
      "source": "1",
      "target": "2"
    },
    {
      "source": "REF_20(uint256)",
      "target": "balanceOf"
    },
    {
      "source": "REF_20(uint256) (",
      "target": "balanceOf) := totalSupply(uint256)\"]"
    },
    {
      "source": "2",
      "target": "3"
    },
    {
      "source": "3",
      "target": "4"
    },
    {
      "source": "0",
      "target": "1"
    },
    {
      "source": "REF_1(uint256)",
      "target": "redeemableEther_re_ent32"
    },
    {
      "source": "1",
      "target": "2"
    },
    {
      "source": "REF_2(uint256)",
      "target": "redeemableEther_re_ent32"
    },
    {
      "source": "2",
      "target": "3"
    },
    {
      "source": "3",
      "target": "4"
    },
    {
      "source": "REF_4(uint256)",
      "target": "redeemableEther_re_ent32"
    },
    {
      "source": "REF_4(uint256) (",
      "target": "redeemableEther_re_ent32) := 0(uint256)\"]"
    },
    {
      "source": "0",
      "target": "1"
    },
    {
      "source": "1",
      "target": "2"
    },
    {
      "source": "2",
      "target": "3"
    },
    {
      "source": "2",
      "target": "4"
    },
    {
      "source": "3",
      "target": "4"
    },
    {
      "source": "4",
      "target": "5"
    },
    {
      "source": "0",
      "target": "1"
    },
    {
      "source": "REF_51(uint256)",
      "target": "balanceOf"
    },
    {
      "source": "1",
      "target": "2"
    },
    {
      "source": "REF_52(uint256)",
      "target": "balanceOf"
    },
    {
      "source": "REF_52(",
      "target": "balanceOf) = REF_52 - _value\"]"
    },
    {
      "source": "2",
      "target": "3"
    },
    {
      "source": "3",
      "target": "4"
    },
    {
      "source": "4",
      "target": "5"
    },
    {
      "source": "0",
      "target": "1"
    },
    {
      "source": "REF_15(uint256)",
      "target": "balances_re_ent31"
    },
    {
      "source": "1",
      "target": "2"
    },
    {
      "source": "2",
      "target": "3"
    },
    {
      "source": "REF_17(uint256)",
      "target": "balances_re_ent31"
    },
    {
      "source": "REF_17(",
      "target": "balances_re_ent31) = REF_17 - _weiToWithdraw\"]"
    },
    {
      "source": "0",
      "target": "1"
    },
    {
      "source": "1",
      "target": "2"
    },
    {
      "source": "2",
      "target": "3"
    },
    {
      "source": "2",
      "target": "4"
    },
    {
      "source": "3",
      "target": "4"
    },
    {
      "source": "4",
      "target": "5"
    },
    {
      "source": "0",
      "target": "1"
    },
    {
      "source": "1",
      "target": "2"
    },
    {
      "source": "2",
      "target": "3"
    },
    {
      "source": "3",
      "target": "4"
    },
    {
      "source": "4",
      "target": "5"
    },
    {
      "source": "5",
      "target": "6"
    },
    {
      "source": "0",
      "target": "1"
    },
    {
      "source": "REF_44(mapping(address => uint256))",
      "target": "allowance"
    },
    {
      "source": "REF_45(uint256)",
      "target": "REF_44"
    },
    {
      "source": "REF_45(uint256) (",
      "target": "allowance) := _value(uint256)\"]"
    },
    {
      "source": "1",
      "target": "2"
    },
    {
      "source": "2",
      "target": "3"
    },
    {
      "source": "0",
      "target": "1"
    },
    {
      "source": "1",
      "target": "2"
    },
    {
      "source": "REF_65(uint256)",
      "target": "userBalance_re_ent33"
    },
    {
      "source": "2",
      "target": "3"
    },
    {
      "source": "3",
      "target": "4"
    },
    {
      "source": "3",
      "target": "5"
    },
    {
      "source": "4",
      "target": "5"
    },
    {
      "source": "5",
      "target": "6"
    },
    {
      "source": "REF_66(uint256)",
      "target": "userBalance_re_ent33"
    },
    {
      "source": "REF_66(uint256) (",
      "target": "userBalance_re_ent33) := 0(uint256)\"]"
    },
    {
      "source": "0",
      "target": "1"
    },
    {
      "source": "1",
      "target": "2"
    },
    {
      "source": "0",
      "target": "1"
    },
    {
      "source": "REF_47(uint256)",
      "target": "balances_re_ent36"
    },
    {
      "source": "1",
      "target": "2"
    },
    {
      "source": "1",
      "target": "3"
    },
    {
      "source": "REF_48(uint256)",
      "target": "balances_re_ent36"
    },
    {
      "source": "REF_48(uint256) (",
      "target": "balances_re_ent36) := 0(uint256)\"]"
    },
    {
      "source": "2",
      "target": "3"
    },
    {
      "source": "0",
      "target": "1"
    },
    {
      "source": "1",
      "target": "2"
    },
    {
      "source": "2",
      "target": "3"
    },
    {
      "source": "2",
      "target": "4"
    },
    {
      "source": "3",
      "target": "4"
    },
    {
      "source": "4",
      "target": "5"
    },
    {
      "source": "0",
      "target": "1"
    },
    {
      "source": "1",
      "target": "2"
    },
    {
      "source": "REF_22(uint256)",
      "target": "balanceOf"
    },
    {
      "source": "2",
      "target": "3"
    },
    {
      "source": "REF_23(uint256)",
      "target": "balanceOf"
    },
    {
      "source": "REF_24(uint256)",
      "target": "balanceOf"
    },
    {
      "source": "3",
      "target": "4"
    },
    {
      "source": "REF_25(uint256)",
      "target": "balanceOf"
    },
    {
      "source": "REF_26(uint256)",
      "target": "balanceOf"
    },
    {
      "source": "4",
      "target": "5"
    },
    {
      "source": "REF_27(uint256)",
      "target": "balanceOf"
    },
    {
      "source": "REF_27(",
      "target": "balanceOf) = REF_27 - _value\"]"
    },
    {
      "source": "5",
      "target": "6"
    },
    {
      "source": "REF_28(uint256)",
      "target": "balanceOf"
    },
    {
      "source": "REF_28(",
      "target": "balanceOf) = REF_28 + _value\"]"
    },
    {
      "source": "6",
      "target": "7"
    },
    {
      "source": "7",
      "target": "8"
    },
    {
      "source": "REF_29(uint256)",
      "target": "balanceOf"
    },
    {
      "source": "REF_30(uint256)",
      "target": "balanceOf"
    },
    {
      "source": "0",
      "target": "1"
    },
    {
      "source": "1",
      "target": "2"
    },
    {
      "source": "2",
      "target": "3"
    },
    {
      "source": "2",
      "target": "4"
    },
    {
      "source": "3",
      "target": "4"
    },
    {
      "source": "4",
      "target": "5"
    },
    {
      "source": "0",
      "target": "1"
    },
    {
      "source": "1",
      "target": "2"
    },
    {
      "source": "REF_55(uint256)",
      "target": "userBalance_re_ent40"
    },
    {
      "source": "2",
      "target": "3"
    },
    {
      "source": "3",
      "target": "4"
    },
    {
      "source": "3",
      "target": "5"
    },
    {
      "source": "4",
      "target": "5"
    },
    {
      "source": "5",
      "target": "6"
    },
    {
      "source": "REF_56(uint256)",
      "target": "userBalance_re_ent40"
    },
    {
      "source": "REF_56(uint256) (",
      "target": "userBalance_re_ent40) := 0(uint256)\"]"
    },
    {
      "source": "0",
      "target": "1"
    },
    {
      "source": "1",
      "target": "2"
    },
    {
      "source": "1",
      "target": "3"
    },
    {
      "source": "2",
      "target": "3"
    },
    {
      "source": "3",
      "target": "4"
    },
    {
      "source": "4",
      "target": "5"
    },
    {
      "source": "0",
      "target": "1"
    },
    {
      "source": "1",
      "target": "2"
    },
    {
      "source": "2",
      "target": "3"
    },
    {
      "source": "2",
      "target": "5"
    },
    {
      "source": "3",
      "target": "4"
    },
    {
      "source": "5",
      "target": "6"
    },
    {
      "source": "0",
      "target": "1"
    },
    {
      "source": "1",
      "target": "2"
    },
    {
      "source": "1",
      "target": "3"
    },
    {
      "source": "2",
      "target": "3"
    },
    {
      "source": "3",
      "target": "4"
    },
    {
      "source": "4",
      "target": "5"
    },
    {
      "source": "0",
      "target": "1"
    },
    {
      "source": "1",
      "target": "2"
    },
    {
      "source": "2",
      "target": "3"
    },
    {
      "source": "2",
      "target": "4"
    },
    {
      "source": "3",
      "target": "4"
    },
    {
      "source": "4",
      "target": "5"
    },
    {
      "source": "0",
      "target": "1"
    },
    {
      "source": "1",
      "target": "2"
    },
    {
      "source": "2",
      "target": "3"
    },
    {
      "source": "3",
      "target": "4"
    },
    {
      "source": "4",
      "target": "5"
    },
    {
      "source": "4",
      "target": "6"
    },
    {
      "source": "5",
      "target": "6"
    },
    {
      "source": "6",
      "target": "7"
    },
    {
      "source": "0",
      "target": "1"
    },
    {
      "source": "REF_36(mapping(address => uint256))",
      "target": "allowance"
    },
    {
      "source": "REF_37(uint256)",
      "target": "REF_36"
    },
    {
      "source": "1",
      "target": "2"
    },
    {
      "source": "REF_38(mapping(address => uint256))",
      "target": "allowance"
    },
    {
      "source": "REF_39(uint256)",
      "target": "REF_38"
    },
    {
      "source": "REF_39(",
      "target": "allowance) = REF_39 - _value\"]"
    },
    {
      "source": "2",
      "target": "3"
    },
    {
      "source": "3",
      "target": "4"
    }
  ]
}