{
  "nodes": [
    "! (msg.sender.send(userBalance_re_ent19",
    "(HashList",
    "(success,None) = msg.sender.call.value(balances_re_ent8",
    "(success,None) = msg.sender.call.value(userBalance_re_ent26",
    "(success,None) = msg.sender.call.value(userBalance_re_ent33",
    "(success,None) = msg.sender.call.value(userBalance_re_ent40",
    "0",
    "1",
    "10",
    "2",
    "3",
    "4",
    "5",
    "6",
    "7",
    "8",
    "9",
    "HashList",
    "HashList) := TMP_117(uint256)",
    "HashList) := TMP_135(uint256)",
    "HashList) := thisregistration(digitalNotary.HashRegistration)\"]",
    "LENGTH REF_49",
    "LENGTH REF_67",
    "LENGTH REF_82",
    "REF_1(uint256)",
    "REF_12(uint256)",
    "REF_13(uint256)",
    "REF_15(uint256)",
    "REF_15(uint256) (",
    "REF_16(uint256)",
    "REF_18(",
    "REF_18(uint256)",
    "REF_22(uint256)",
    "REF_23(uint256)",
    "REF_23(uint256) (",
    "REF_26(uint256)",
    "REF_27(uint256)",
    "REF_27(uint256) (",
    "REF_29(uint256)",
    "REF_30(uint256)",
    "REF_32(uint256)",
    "REF_32(uint256) (",
    "REF_33(uint256)",
    "REF_35(",
    "REF_35(uint256)",
    "REF_36(uint256)",
    "REF_37(uint256)",
    "REF_39(uint256)",
    "REF_39(uint256) (",
    "REF_4(",
    "REF_4(uint256)",
    "REF_47(uint256)",
    "REF_48(uint256)",
    "REF_48(uint256) (",
    "REF_49(digitalNotary.HashRegistration",
    "REF_50",
    "REF_51(uint256)",
    "REF_52(uint256)",
    "REF_54(uint256)",
    "REF_54(uint256) (",
    "REF_56(uint256)",
    "REF_57(uint256)",
    "REF_57(uint256) (",
    "REF_58",
    "REF_58(digitalNotary.HashRegistration",
    "REF_59(digitalNotary.HashRegistration)",
    "REF_59.owner",
    "REF_6(uint256)",
    "REF_60(address)",
    "REF_61",
    "REF_61(digitalNotary.HashRegistration",
    "REF_62(digitalNotary.HashRegistration)",
    "REF_62.registrationtime",
    "REF_63(uint256)",
    "REF_65(address)",
    "REF_65(address) (",
    "REF_66(uint256)",
    "REF_66(uint256) (",
    "REF_67",
    "REF_67(digitalNotary.HashRegistration",
    "REF_69",
    "REF_69(uint256) (",
    "REF_70(digitalNotary.HashRegistration)",
    "REF_70(digitalNotary.HashRegistration) (",
    "REF_71(address)",
    "REF_72(uint256)",
    "REF_75(uint256)",
    "REF_76(uint256)",
    "REF_76(uint256) (",
    "REF_77",
    "REF_77(digitalNotary.HashRegistration",
    "REF_78(digitalNotary.HashRegistration)",
    "REF_78.owner",
    "REF_79(address)",
    "REF_80(address)",
    "REF_80(address) (",
    "REF_81(uint256)",
    "REF_81(uint256) (",
    "REF_82",
    "REF_82(digitalNotary.HashRegistration",
    "REF_84",
    "REF_84(uint256) (",
    "REF_85(digitalNotary.HashRegistration)",
    "REF_85(digitalNotary.HashRegistration) (",
    "REF_86(address)",
    "REF_87(uint256)",
    "REF_9(",
    "REF_9(uint256)",
    "REF_90(uint256)",
    "REF_91(uint256)",
    "REF_91(uint256) (",
    "TUPLE_0(bool,bytes) = LOW_LEVEL_CALL, dest:msg.sender, function:call, arguments:",
    "TUPLE_1(bool,bytes) = LOW_LEVEL_CALL, dest:msg.sender, function:call, arguments:",
    "TUPLE_2(bool,bytes) = LOW_LEVEL_CALL, dest:lastPlayer_re_ent9, function:call, arguments:",
    "TUPLE_3(bool,bytes) = LOW_LEVEL_CALL, dest:msg.sender, function:call, arguments:",
    "TUPLE_4(bool,bytes) = LOW_LEVEL_CALL, dest:msg.sender, function:call, arguments:",
    "TUPLE_5(bool,bytes) = LOW_LEVEL_CALL, dest:msg.sender, function:call, arguments:",
    "TUPLE_6(bool,bytes) = LOW_LEVEL_CALL, dest:msg.sender, function:call, arguments:",
    "TUPLE_7(bool,bytes) = LOW_LEVEL_CALL, dest:msg.sender, function:call, arguments:",
    "balances_re_ent17",
    "balances_re_ent17) = REF_4 - _weiToWithdraw\"]",
    "balances_re_ent3",
    "balances_re_ent3) = REF_9 - _weiToWithdraw\"]",
    "balances_re_ent31",
    "balances_re_ent31) = REF_18 - _weiToWithdraw\"]",
    "balances_re_ent36",
    "balances_re_ent36) := 0(uint256)\"]",
    "balances_re_ent38",
    "balances_re_ent38) = REF_35 - _weiToWithdraw\"]",
    "balances_re_ent8",
    "balances_re_ent8) := 0(uint256)\"]",
    "msg.sender.send(balances_re_ent36",
    "redeemableEther_re_ent25",
    "redeemableEther_re_ent25) := 0(uint256)\"]",
    "redeemableEther_re_ent32",
    "redeemableEther_re_ent32) := 0(uint256)\"]",
    "redeemableEther_re_ent39",
    "redeemableEther_re_ent39) := 0(uint256)\"]",
    "redeemableEther_re_ent4",
    "redeemableEther_re_ent4) := 0(uint256)\"]",
    "require(bool)(balances_re_ent17",
    "require(bool)(balances_re_ent3",
    "require(bool)(balances_re_ent31",
    "require(bool)(balances_re_ent38",
    "require(bool)(msg.sender == HashList",
    "require(bool)(redeemableEther_re_ent25",
    "require(bool)(redeemableEther_re_ent32",
    "require(bool)(redeemableEther_re_ent39",
    "require(bool)(redeemableEther_re_ent4",
    "thisregistration) := msg.sender(address)\"]",
    "thisregistration) := newowner(address)\"]",
    "thisregistration) := now(uint256)\"]",
    "thisregistration.owner",
    "thisregistration.registrationtime",
    "transferValue_re_ent25 = redeemableEther_re_ent25",
    "transferValue_re_ent32 = redeemableEther_re_ent32",
    "transferValue_re_ent39 = redeemableEther_re_ent39",
    "transferValue_re_ent4 = redeemableEther_re_ent4",
    "userBalance_re_ent19",
    "userBalance_re_ent19) := 0(uint256)\"]",
    "userBalance_re_ent26",
    "userBalance_re_ent26) := 0(uint256)\"]",
    "userBalance_re_ent33",
    "userBalance_re_ent33) := 0(uint256)\"]",
    "userBalance_re_ent40",
    "userBalance_re_ent40) := 0(uint256)\"]"
  ],
  "edges": [
    {
      "source": "0",
      "target": "1"
    },
    {
      "source": "REF_49(digitalNotary.HashRegistration",
      "target": "HashList"
    },
    {
      "source": "REF_50",
      "target": "LENGTH REF_49"
    },
    {
      "source": "0",
      "target": "1"
    },
    {
      "source": "1",
      "target": "2"
    },
    {
      "source": "REF_75(uint256)",
      "target": "userBalance_re_ent40"
    },
    {
      "source": "2",
      "target": "3"
    },
    {
      "source": "3",
      "target": "4"
    },
    {
      "source": "3",
      "target": "5"
    },
    {
      "source": "4",
      "target": "5"
    },
    {
      "source": "5",
      "target": "6"
    },
    {
      "source": "REF_76(uint256)",
      "target": "userBalance_re_ent40"
    },
    {
      "source": "REF_76(uint256) (",
      "target": "userBalance_re_ent40) := 0(uint256)\"]"
    },
    {
      "source": "0",
      "target": "1"
    },
    {
      "source": "1",
      "target": "2"
    },
    {
      "source": "2",
      "target": "3"
    },
    {
      "source": "3",
      "target": "4"
    },
    {
      "source": "4",
      "target": "5"
    },
    {
      "source": "REF_65(address)",
      "target": "thisregistration.owner"
    },
    {
      "source": "REF_65(address) (",
      "target": "thisregistration) := msg.sender(address)\"]"
    },
    {
      "source": "5",
      "target": "6"
    },
    {
      "source": "REF_66(uint256)",
      "target": "thisregistration.registrationtime"
    },
    {
      "source": "REF_66(uint256) (",
      "target": "thisregistration) := now(uint256)\"]"
    },
    {
      "source": "6",
      "target": "7"
    },
    {
      "source": "REF_67(digitalNotary.HashRegistration",
      "target": "HashList"
    },
    {
      "source": "REF_69",
      "target": "LENGTH REF_67"
    },
    {
      "source": "REF_69(uint256) (",
      "target": "HashList) := TMP_117(uint256)"
    },
    {
      "source": "REF_70(digitalNotary.HashRegistration)",
      "target": "REF_67"
    },
    {
      "source": "REF_70(digitalNotary.HashRegistration) (",
      "target": "HashList) := thisregistration(digitalNotary.HashRegistration)\"]"
    },
    {
      "source": "7",
      "target": "8"
    },
    {
      "source": "8",
      "target": "9"
    },
    {
      "source": "REF_71(address)",
      "target": "thisregistration.owner"
    },
    {
      "source": "REF_72(uint256)",
      "target": "thisregistration.registrationtime"
    },
    {
      "source": "0",
      "target": "1"
    },
    {
      "source": "1",
      "target": "2"
    },
    {
      "source": "2",
      "target": "3"
    },
    {
      "source": "2",
      "target": "4"
    },
    {
      "source": "3",
      "target": "4"
    },
    {
      "source": "4",
      "target": "5"
    },
    {
      "source": "0",
      "target": "1"
    },
    {
      "source": "REF_12(uint256)",
      "target": "redeemableEther_re_ent25"
    },
    {
      "source": "1",
      "target": "2"
    },
    {
      "source": "REF_13(uint256)",
      "target": "redeemableEther_re_ent25"
    },
    {
      "source": "2",
      "target": "3"
    },
    {
      "source": "3",
      "target": "4"
    },
    {
      "source": "REF_15(uint256)",
      "target": "redeemableEther_re_ent25"
    },
    {
      "source": "REF_15(uint256) (",
      "target": "redeemableEther_re_ent25) := 0(uint256)\"]"
    },
    {
      "source": "0",
      "target": "1"
    },
    {
      "source": "1",
      "target": "2"
    },
    {
      "source": "2",
      "target": "3"
    },
    {
      "source": "3",
      "target": "4"
    },
    {
      "source": "REF_58(digitalNotary.HashRegistration",
      "target": "HashList"
    },
    {
      "source": "REF_59(digitalNotary.HashRegistration)",
      "target": "REF_58"
    },
    {
      "source": "REF_60(address)",
      "target": "REF_59.owner"
    },
    {
      "source": "REF_61(digitalNotary.HashRegistration",
      "target": "HashList"
    },
    {
      "source": "REF_62(digitalNotary.HashRegistration)",
      "target": "REF_61"
    },
    {
      "source": "REF_63(uint256)",
      "target": "REF_62.registrationtime"
    },
    {
      "source": "0",
      "target": "1"
    },
    {
      "source": "1",
      "target": "2"
    },
    {
      "source": "REF_90(uint256)",
      "target": "userBalance_re_ent33"
    },
    {
      "source": "2",
      "target": "3"
    },
    {
      "source": "3",
      "target": "4"
    },
    {
      "source": "3",
      "target": "5"
    },
    {
      "source": "4",
      "target": "5"
    },
    {
      "source": "5",
      "target": "6"
    },
    {
      "source": "REF_91(uint256)",
      "target": "userBalance_re_ent33"
    },
    {
      "source": "REF_91(uint256) (",
      "target": "userBalance_re_ent33) := 0(uint256)\"]"
    },
    {
      "source": "0",
      "target": "1"
    },
    {
      "source": "1",
      "target": "2"
    },
    {
      "source": "2",
      "target": "3"
    },
    {
      "source": "3",
      "target": "4"
    },
    {
      "source": "4",
      "target": "5"
    },
    {
      "source": "0",
      "target": "1"
    },
    {
      "source": "1",
      "target": "2"
    },
    {
      "source": "1",
      "target": "3"
    },
    {
      "source": "2",
      "target": "3"
    },
    {
      "source": "3",
      "target": "4"
    },
    {
      "source": "4",
      "target": "5"
    },
    {
      "source": "0",
      "target": "1"
    },
    {
      "source": "REF_51(uint256)",
      "target": "redeemableEther_re_ent39"
    },
    {
      "source": "1",
      "target": "2"
    },
    {
      "source": "REF_52(uint256)",
      "target": "redeemableEther_re_ent39"
    },
    {
      "source": "2",
      "target": "3"
    },
    {
      "source": "3",
      "target": "4"
    },
    {
      "source": "REF_54(uint256)",
      "target": "redeemableEther_re_ent39"
    },
    {
      "source": "REF_54(uint256) (",
      "target": "redeemableEther_re_ent39) := 0(uint256)\"]"
    },
    {
      "source": "0",
      "target": "1"
    },
    {
      "source": "0",
      "target": "1"
    },
    {
      "source": "0",
      "target": "1"
    },
    {
      "source": "1",
      "target": "2"
    },
    {
      "source": "2",
      "target": "3"
    },
    {
      "source": "3",
      "target": "4"
    },
    {
      "source": "REF_77(digitalNotary.HashRegistration",
      "target": "HashList"
    },
    {
      "source": "REF_78(digitalNotary.HashRegistration)",
      "target": "REF_77"
    },
    {
      "source": "REF_79(address)",
      "target": "REF_78.owner"
    },
    {
      "source": "4",
      "target": "5"
    },
    {
      "source": "5",
      "target": "6"
    },
    {
      "source": "6",
      "target": "7"
    },
    {
      "source": "REF_80(address)",
      "target": "thisregistration.owner"
    },
    {
      "source": "REF_80(address) (",
      "target": "thisregistration) := newowner(address)\"]"
    },
    {
      "source": "7",
      "target": "8"
    },
    {
      "source": "REF_81(uint256)",
      "target": "thisregistration.registrationtime"
    },
    {
      "source": "REF_81(uint256) (",
      "target": "thisregistration) := now(uint256)\"]"
    },
    {
      "source": "8",
      "target": "9"
    },
    {
      "source": "REF_82(digitalNotary.HashRegistration",
      "target": "HashList"
    },
    {
      "source": "REF_84",
      "target": "LENGTH REF_82"
    },
    {
      "source": "REF_84(uint256) (",
      "target": "HashList) := TMP_135(uint256)"
    },
    {
      "source": "REF_85(digitalNotary.HashRegistration)",
      "target": "REF_82"
    },
    {
      "source": "REF_85(digitalNotary.HashRegistration) (",
      "target": "HashList) := thisregistration(digitalNotary.HashRegistration)\"]"
    },
    {
      "source": "9",
      "target": "10"
    },
    {
      "source": "REF_86(address)",
      "target": "thisregistration.owner"
    },
    {
      "source": "REF_87(uint256)",
      "target": "thisregistration.registrationtime"
    },
    {
      "source": "0",
      "target": "1"
    },
    {
      "source": "REF_22(uint256)",
      "target": "userBalance_re_ent19"
    },
    {
      "source": "1",
      "target": "2"
    },
    {
      "source": "1",
      "target": "3"
    },
    {
      "source": "2",
      "target": "3"
    },
    {
      "source": "3",
      "target": "4"
    },
    {
      "source": "REF_23(uint256)",
      "target": "userBalance_re_ent19"
    },
    {
      "source": "REF_23(uint256) (",
      "target": "userBalance_re_ent19) := 0(uint256)\"]"
    },
    {
      "source": "0",
      "target": "1"
    },
    {
      "source": "1",
      "target": "2"
    },
    {
      "source": "0",
      "target": "3"
    },
    {
      "source": "1",
      "target": "2"
    },
    {
      "source": "3",
      "target": "1"
    },
    {
      "source": "0",
      "target": "1"
    },
    {
      "source": "1",
      "target": "2"
    },
    {
      "source": "REF_26(uint256)",
      "target": "userBalance_re_ent26"
    },
    {
      "source": "2",
      "target": "3"
    },
    {
      "source": "3",
      "target": "4"
    },
    {
      "source": "3",
      "target": "5"
    },
    {
      "source": "4",
      "target": "5"
    },
    {
      "source": "5",
      "target": "6"
    },
    {
      "source": "REF_27(uint256)",
      "target": "userBalance_re_ent26"
    },
    {
      "source": "REF_27(uint256) (",
      "target": "userBalance_re_ent26) := 0(uint256)\"]"
    },
    {
      "source": "0",
      "target": "1"
    },
    {
      "source": "1",
      "target": "2"
    },
    {
      "source": "1",
      "target": "3"
    },
    {
      "source": "2",
      "target": "3"
    },
    {
      "source": "3",
      "target": "4"
    },
    {
      "source": "4",
      "target": "5"
    },
    {
      "source": "0",
      "target": "4"
    },
    {
      "source": "1",
      "target": "2"
    },
    {
      "source": "2",
      "target": "3"
    },
    {
      "source": "4",
      "target": "1"
    },
    {
      "source": "0",
      "target": "1"
    },
    {
      "source": "1",
      "target": "2"
    },
    {
      "source": "2",
      "target": "3"
    },
    {
      "source": "2",
      "target": "4"
    },
    {
      "source": "3",
      "target": "4"
    },
    {
      "source": "4",
      "target": "5"
    },
    {
      "source": "0",
      "target": "1"
    },
    {
      "source": "REF_56(uint256)",
      "target": "balances_re_ent36"
    },
    {
      "source": "1",
      "target": "2"
    },
    {
      "source": "1",
      "target": "3"
    },
    {
      "source": "REF_57(uint256)",
      "target": "balances_re_ent36"
    },
    {
      "source": "REF_57(uint256) (",
      "target": "balances_re_ent36) := 0(uint256)\"]"
    },
    {
      "source": "2",
      "target": "3"
    },
    {
      "source": "0",
      "target": "1"
    },
    {
      "source": "1",
      "target": "2"
    },
    {
      "source": "2",
      "target": "3"
    },
    {
      "source": "3",
      "target": "4"
    },
    {
      "source": "3",
      "target": "5"
    },
    {
      "source": "4",
      "target": "5"
    },
    {
      "source": "5",
      "target": "6"
    },
    {
      "source": "6",
      "target": "7"
    },
    {
      "source": "0",
      "target": "1"
    },
    {
      "source": "1",
      "target": "2"
    },
    {
      "source": "2",
      "target": "3"
    },
    {
      "source": "2",
      "target": "4"
    },
    {
      "source": "3",
      "target": "4"
    },
    {
      "source": "4",
      "target": "5"
    },
    {
      "source": "0",
      "target": "1"
    },
    {
      "source": "REF_6(uint256)",
      "target": "balances_re_ent3"
    },
    {
      "source": "1",
      "target": "2"
    },
    {
      "source": "2",
      "target": "3"
    },
    {
      "source": "3",
      "target": "4"
    },
    {
      "source": "4",
      "target": "5"
    },
    {
      "source": "REF_9(uint256)",
      "target": "balances_re_ent3"
    },
    {
      "source": "REF_9(",
      "target": "balances_re_ent3) = REF_9 - _weiToWithdraw\"]"
    },
    {
      "source": "0",
      "target": "1"
    },
    {
      "source": "1",
      "target": "2"
    },
    {
      "source": "2",
      "target": "3"
    },
    {
      "source": "2",
      "target": "4"
    },
    {
      "source": "3",
      "target": "4"
    },
    {
      "source": "4",
      "target": "5"
    },
    {
      "source": "0",
      "target": "3"
    },
    {
      "source": "1",
      "target": "2"
    },
    {
      "source": "3",
      "target": "1"
    },
    {
      "source": "0",
      "target": "1"
    },
    {
      "source": "1",
      "target": "2"
    },
    {
      "source": "1",
      "target": "3"
    },
    {
      "source": "2",
      "target": "3"
    },
    {
      "source": "3",
      "target": "4"
    },
    {
      "source": "4",
      "target": "5"
    },
    {
      "source": "0",
      "target": "1"
    },
    {
      "source": "REF_36(uint256)",
      "target": "redeemableEther_re_ent4"
    },
    {
      "source": "1",
      "target": "2"
    },
    {
      "source": "REF_37(uint256)",
      "target": "redeemableEther_re_ent4"
    },
    {
      "source": "2",
      "target": "3"
    },
    {
      "source": "3",
      "target": "4"
    },
    {
      "source": "REF_39(uint256)",
      "target": "redeemableEther_re_ent4"
    },
    {
      "source": "REF_39(uint256) (",
      "target": "redeemableEther_re_ent4) := 0(uint256)\"]"
    },
    {
      "source": "0",
      "target": "2"
    },
    {
      "source": "2",
      "target": "1"
    },
    {
      "source": "0",
      "target": "1"
    },
    {
      "source": "0",
      "target": "1"
    },
    {
      "source": "1",
      "target": "2"
    },
    {
      "source": "2",
      "target": "3"
    },
    {
      "source": "3",
      "target": "4"
    },
    {
      "source": "4",
      "target": "5"
    },
    {
      "source": "0",
      "target": "1"
    },
    {
      "source": "1",
      "target": "2"
    },
    {
      "source": "1",
      "target": "3"
    },
    {
      "source": "2",
      "target": "3"
    },
    {
      "source": "3",
      "target": "4"
    },
    {
      "source": "4",
      "target": "5"
    },
    {
      "source": "0",
      "target": "1"
    },
    {
      "source": "REF_16(uint256)",
      "target": "balances_re_ent31"
    },
    {
      "source": "1",
      "target": "2"
    },
    {
      "source": "2",
      "target": "3"
    },
    {
      "source": "REF_18(uint256)",
      "target": "balances_re_ent31"
    },
    {
      "source": "REF_18(",
      "target": "balances_re_ent31) = REF_18 - _weiToWithdraw\"]"
    },
    {
      "source": "0",
      "target": "1"
    },
    {
      "source": "0",
      "target": "1"
    },
    {
      "source": "1",
      "target": "2"
    },
    {
      "source": "2",
      "target": "3"
    },
    {
      "source": "2",
      "target": "4"
    },
    {
      "source": "3",
      "target": "4"
    },
    {
      "source": "4",
      "target": "5"
    },
    {
      "source": "0",
      "target": "1"
    },
    {
      "source": "REF_29(uint256)",
      "target": "redeemableEther_re_ent32"
    },
    {
      "source": "1",
      "target": "2"
    },
    {
      "source": "REF_30(uint256)",
      "target": "redeemableEther_re_ent32"
    },
    {
      "source": "2",
      "target": "3"
    },
    {
      "source": "3",
      "target": "4"
    },
    {
      "source": "REF_32(uint256)",
      "target": "redeemableEther_re_ent32"
    },
    {
      "source": "REF_32(uint256) (",
      "target": "redeemableEther_re_ent32) := 0(uint256)\"]"
    },
    {
      "source": "0",
      "target": "1"
    },
    {
      "source": "REF_33(uint256)",
      "target": "balances_re_ent38"
    },
    {
      "source": "1",
      "target": "2"
    },
    {
      "source": "2",
      "target": "3"
    },
    {
      "source": "REF_35(uint256)",
      "target": "balances_re_ent38"
    },
    {
      "source": "REF_35(",
      "target": "balances_re_ent38) = REF_35 - _weiToWithdraw\"]"
    },
    {
      "source": "0",
      "target": "1"
    },
    {
      "source": "1",
      "target": "2"
    },
    {
      "source": "REF_47(uint256)",
      "target": "balances_re_ent8"
    },
    {
      "source": "2",
      "target": "3"
    },
    {
      "source": "3",
      "target": "4"
    },
    {
      "source": "3",
      "target": "5"
    },
    {
      "source": "REF_48(uint256)",
      "target": "balances_re_ent8"
    },
    {
      "source": "REF_48(uint256) (",
      "target": "balances_re_ent8) := 0(uint256)\"]"
    },
    {
      "source": "4",
      "target": "5"
    },
    {
      "source": "0",
      "target": "3"
    },
    {
      "source": "1",
      "target": "2"
    },
    {
      "source": "3",
      "target": "1"
    },
    {
      "source": "0",
      "target": "1"
    },
    {
      "source": "1",
      "target": "2"
    },
    {
      "source": "2",
      "target": "3"
    },
    {
      "source": "3",
      "target": "4"
    },
    {
      "source": "4",
      "target": "5"
    },
    {
      "source": "4",
      "target": "6"
    },
    {
      "source": "5",
      "target": "6"
    },
    {
      "source": "6",
      "target": "7"
    },
    {
      "source": "0",
      "target": "1"
    },
    {
      "source": "0",
      "target": "1"
    },
    {
      "source": "REF_1(uint256)",
      "target": "balances_re_ent17"
    },
    {
      "source": "1",
      "target": "2"
    },
    {
      "source": "2",
      "target": "3"
    },
    {
      "source": "3",
      "target": "4"
    },
    {
      "source": "4",
      "target": "5"
    },
    {
      "source": "REF_4(uint256)",
      "target": "balances_re_ent17"
    },
    {
      "source": "REF_4(",
      "target": "balances_re_ent17) = REF_4 - _weiToWithdraw\"]"
    },
    {
      "source": "0",
      "target": "1"
    }
  ]
}