{
  "nodes": [
    "0",
    "1",
    "10",
    "11",
    "12",
    "13",
    "14",
    "15",
    "16",
    "17",
    "2",
    "3",
    "4",
    "5",
    "6",
    "7",
    "8",
    "9",
    "BetLUT",
    "BetLUT) := REF_9(address)\"]",
    "BetLUT) := TMP_18(uint256)\"]",
    "BetLUT) := TMP_31(uint256)",
    "BetLUT) := msg.sender(address)\"]",
    "Bets",
    "Bets) := TMP_28(_50Win.Bet)\"]",
    "CancelBet(msg.sender,Bets",
    "LENGTH BetLUT",
    "REF_11",
    "REF_12(address)",
    "REF_13",
    "REF_13(uint256) (",
    "REF_14(_50Win.Bet)",
    "REF_14.value",
    "REF_15(uint256)",
    "REF_16(_50Win.Bet)",
    "REF_16(_50Win.Bet) (",
    "REF_18",
    "REF_18(uint256) (",
    "REF_19(address)",
    "REF_19(address) (",
    "REF_20(_50Win.Bet)",
    "REF_20.value",
    "REF_21(uint256)",
    "REF_22(_50Win.Bet)",
    "REF_22.value",
    "REF_23(uint256)",
    "REF_24(_50Win.Bet)",
    "REF_24.value",
    "REF_25(uint256)",
    "REF_26(_50Win.Bet)",
    "REF_26.betFor",
    "REF_27(uint256)",
    "REF_28(_50Win.Bet)",
    "REF_28.value",
    "REF_29(uint256)",
    "REF_30(_50Win.Bet)",
    "REF_31(uint256)",
    "REF_32(uint256)",
    "REF_33(uint256)",
    "REF_34(uint256)",
    "REF_35(uint256)",
    "REF_36(address)",
    "REF_37(address)",
    "REF_38(address)",
    "REF_39(uint256)",
    "REF_4",
    "REF_40",
    "REF_5(address)",
    "REF_6(_50Win.Bet)",
    "REF_7(address)",
    "REF_7(address) (",
    "REF_8",
    "REF_9(address)",
    "TUPLE_0(bool,bytes) = LOW_LEVEL_CALL, dest:TMP_4, function:call, arguments:",
    "TUPLE_1(bool,bytes) = LOW_LEVEL_CALL, dest:TMP_11, function:call, arguments:",
    "TUPLE_2(bool,bytes) = LOW_LEVEL_CALL, dest:TMP_12, function:call, arguments:",
    "bet = Bets",
    "bet.betFor",
    "bet.referrer",
    "bet.value",
    "delete Bets",
    "fee = Bets",
    "require(bool,string)(Bets",
    "require(bool,string)(send(msg.sender,Bets"
  ],
  "edges": [
    {
      "source": "0",
      "target": "1"
    },
    {
      "source": "0",
      "target": "1"
    },
    {
      "source": "REF_40",
      "target": "LENGTH BetLUT"
    },
    {
      "source": "0",
      "target": "3"
    },
    {
      "source": "1",
      "target": "4"
    },
    {
      "source": "3",
      "target": "1"
    },
    {
      "source": "REF_4",
      "target": "LENGTH BetLUT"
    },
    {
      "source": "4",
      "target": "5"
    },
    {
      "source": "4",
      "target": "2"
    },
    {
      "source": "REF_5(address)",
      "target": "BetLUT"
    },
    {
      "source": "5",
      "target": "6"
    },
    {
      "source": "5",
      "target": "10"
    },
    {
      "source": "REF_6(_50Win.Bet)",
      "target": "Bets"
    },
    {
      "source": "6",
      "target": "7"
    },
    {
      "source": "REF_7(address)",
      "target": "BetLUT"
    },
    {
      "source": "REF_8",
      "target": "LENGTH BetLUT"
    },
    {
      "source": "REF_9(address)",
      "target": "BetLUT"
    },
    {
      "source": "REF_7(address) (",
      "target": "BetLUT) := REF_9(address)\"]"
    },
    {
      "source": "7",
      "target": "8"
    },
    {
      "source": "REF_11",
      "target": "LENGTH BetLUT"
    },
    {
      "source": "REF_12(address)",
      "target": "BetLUT"
    },
    {
      "source": "REF_13",
      "target": "LENGTH BetLUT"
    },
    {
      "source": "REF_13(uint256) (",
      "target": "BetLUT) := TMP_18(uint256)\"]"
    },
    {
      "source": "8",
      "target": "9"
    },
    {
      "source": "9",
      "target": "2"
    },
    {
      "source": "10",
      "target": "11"
    },
    {
      "source": "11",
      "target": "4"
    },
    {
      "source": "0",
      "target": "1"
    },
    {
      "source": "1",
      "target": "2"
    },
    {
      "source": "2",
      "target": "3"
    },
    {
      "source": "0",
      "target": "1"
    },
    {
      "source": "1",
      "target": "2"
    },
    {
      "source": "2",
      "target": "3"
    },
    {
      "source": "3",
      "target": "4"
    },
    {
      "source": "REF_14(_50Win.Bet)",
      "target": "Bets"
    },
    {
      "source": "REF_15(uint256)",
      "target": "REF_14.value"
    },
    {
      "source": "4",
      "target": "5"
    },
    {
      "source": "REF_16(_50Win.Bet)",
      "target": "Bets"
    },
    {
      "source": "REF_16(_50Win.Bet) (",
      "target": "Bets) := TMP_28(_50Win.Bet)\"]"
    },
    {
      "source": "5",
      "target": "6"
    },
    {
      "source": "REF_18",
      "target": "LENGTH BetLUT"
    },
    {
      "source": "REF_18(uint256) (",
      "target": "BetLUT) := TMP_31(uint256)"
    },
    {
      "source": "REF_19(address)",
      "target": "BetLUT"
    },
    {
      "source": "REF_19(address) (",
      "target": "BetLUT) := msg.sender(address)\"]"
    },
    {
      "source": "6",
      "target": "7"
    },
    {
      "source": "0",
      "target": "1"
    },
    {
      "source": "1",
      "target": "2"
    },
    {
      "source": "2",
      "target": "3"
    },
    {
      "source": "0",
      "target": "1"
    },
    {
      "source": "1",
      "target": "2"
    },
    {
      "source": "2",
      "target": "3"
    },
    {
      "source": "0",
      "target": "1"
    },
    {
      "source": "1",
      "target": "2"
    },
    {
      "source": "2",
      "target": "3"
    },
    {
      "source": "3",
      "target": "4"
    },
    {
      "source": "3",
      "target": "16"
    },
    {
      "source": "4",
      "target": "5"
    },
    {
      "source": "4",
      "target": "11"
    },
    {
      "source": "5",
      "target": "6"
    },
    {
      "source": "6",
      "target": "7"
    },
    {
      "source": "7",
      "target": "8"
    },
    {
      "source": "8",
      "target": "9"
    },
    {
      "source": "8",
      "target": "10"
    },
    {
      "source": "9",
      "target": "10"
    },
    {
      "source": "10",
      "target": "11"
    },
    {
      "source": "11",
      "target": "12"
    },
    {
      "source": "12",
      "target": "13"
    },
    {
      "source": "13",
      "target": "14"
    },
    {
      "source": "14",
      "target": "15"
    },
    {
      "source": "16",
      "target": "17"
    },
    {
      "source": "0",
      "target": "1"
    },
    {
      "source": "REF_20(_50Win.Bet)",
      "target": "Bets"
    },
    {
      "source": "REF_21(uint256)",
      "target": "REF_20.value"
    },
    {
      "source": "1",
      "target": "2"
    },
    {
      "source": "REF_22(_50Win.Bet)",
      "target": "Bets"
    },
    {
      "source": "REF_23(uint256)",
      "target": "REF_22.value"
    },
    {
      "source": "2",
      "target": "3"
    },
    {
      "source": "REF_24(_50Win.Bet)",
      "target": "Bets"
    },
    {
      "source": "REF_25(uint256)",
      "target": "REF_24.value"
    },
    {
      "source": "3",
      "target": "4"
    },
    {
      "source": "4",
      "target": "5"
    },
    {
      "source": "REF_26(_50Win.Bet)",
      "target": "Bets"
    },
    {
      "source": "REF_27(uint256)",
      "target": "REF_26.betFor"
    },
    {
      "source": "REF_28(_50Win.Bet)",
      "target": "Bets"
    },
    {
      "source": "REF_29(uint256)",
      "target": "REF_28.value"
    },
    {
      "source": "0",
      "target": "1"
    },
    {
      "source": "1",
      "target": "2"
    },
    {
      "source": "2",
      "target": "3"
    },
    {
      "source": "3",
      "target": "4"
    },
    {
      "source": "0",
      "target": "1"
    },
    {
      "source": "1",
      "target": "2"
    },
    {
      "source": "0",
      "target": "1"
    },
    {
      "source": "1",
      "target": "2"
    },
    {
      "source": "REF_30(_50Win.Bet)",
      "target": "Bets"
    },
    {
      "source": "2",
      "target": "3"
    },
    {
      "source": "REF_31(uint256)",
      "target": "bet.value"
    },
    {
      "source": "3",
      "target": "4"
    },
    {
      "source": "REF_32(uint256)",
      "target": "bet.value"
    },
    {
      "source": "4",
      "target": "5"
    },
    {
      "source": "REF_33(uint256)",
      "target": "bet.value"
    },
    {
      "source": "5",
      "target": "6"
    },
    {
      "source": "REF_34(uint256)",
      "target": "bet.value"
    },
    {
      "source": "6",
      "target": "7"
    },
    {
      "source": "7",
      "target": "8"
    },
    {
      "source": "REF_35(uint256)",
      "target": "bet.betFor"
    },
    {
      "source": "8",
      "target": "9"
    },
    {
      "source": "8",
      "target": "10"
    },
    {
      "source": "REF_36(address)",
      "target": "bet.referrer"
    },
    {
      "source": "9",
      "target": "11"
    },
    {
      "source": "REF_37(address)",
      "target": "bet.referrer"
    },
    {
      "source": "10",
      "target": "11"
    },
    {
      "source": "11",
      "target": "12"
    },
    {
      "source": "12",
      "target": "13"
    },
    {
      "source": "REF_38(address)",
      "target": "bet.referrer"
    },
    {
      "source": "REF_39(uint256)",
      "target": "bet.betFor"
    }
  ]
}