{
  "nodes": [
    "0",
    "1",
    "10",
    "11",
    "2",
    "3",
    "4",
    "5",
    "6",
    "7",
    "8",
    "9",
    "LENGTH REF_0",
    "LENGTH REF_10",
    "LENGTH REF_18",
    "LENGTH REF_27",
    "LENGTH REF_29",
    "LENGTH REF_6",
    "REF_0",
    "REF_0(bytes32",
    "REF_10(bytes32",
    "REF_11",
    "REF_12",
    "REF_12(bytes32",
    "REF_13(bytes32)",
    "REF_14",
    "REF_14(bytes32",
    "REF_15(bytes32)",
    "REF_15(bytes32) (",
    "REF_16",
    "REF_16(mapping(bytes32 => uint256))",
    "REF_17(uint256)",
    "REF_17(uint256) (",
    "REF_18",
    "REF_18(bytes32",
    "REF_2",
    "REF_2(uint256) (",
    "REF_20",
    "REF_21(bytes32)",
    "REF_22",
    "REF_22(uint256) (",
    "REF_23",
    "REF_23(mapping(bytes32 => uint256))",
    "REF_24(uint256)",
    "REF_25",
    "REF_25(mapping(bytes32 => uint256))",
    "REF_26(uint256)",
    "REF_27(bytes32",
    "REF_28",
    "REF_29(bytes32",
    "REF_3(bytes32)",
    "REF_3(bytes32) (",
    "REF_30",
    "REF_31",
    "REF_31(bytes32",
    "REF_32(bytes32)",
    "REF_33(EnumerableSet.Set)",
    "REF_34(EnumerableSet.Set)",
    "REF_35(EnumerableSet.Set)",
    "REF_36(EnumerableSet.Set)",
    "REF_37(EnumerableSet.Set)",
    "REF_38(EnumerableSet.Set)",
    "REF_39(EnumerableSet.Set)",
    "REF_4",
    "REF_4(mapping(bytes32 => uint256))",
    "REF_40(EnumerableSet.Set)",
    "REF_41(EnumerableSet.Set)",
    "REF_42(EnumerableSet.Set)",
    "REF_44(uint256)",
    "REF_44(uint256) (",
    "REF_45(uint256)",
    "REF_48(uint256)",
    "REF_48(uint256) (",
    "REF_5(uint256)",
    "REF_5(uint256) (",
    "REF_50(uint256)",
    "REF_52(uint256)",
    "REF_53(uint256)",
    "REF_6(bytes32",
    "REF_61(uint256)",
    "REF_61(uint256) (",
    "REF_62(uint256)",
    "REF_66(uint256)",
    "REF_66(uint256) (",
    "REF_68(uint256)",
    "REF_7",
    "REF_70(uint256)",
    "REF_74(uint256)",
    "REF_74(uint256) (",
    "REF_75(uint256)",
    "REF_78(uint256)",
    "REF_8",
    "REF_8(mapping(bytes32 => uint256))",
    "REF_9(uint256)",
    "TMP_102(bool) = HIGH_LEVEL_CALL, dest:TMP_101(Token), function:transfer, arguments:",
    "TMP_105(uint256) = LIBRARY_CALL, dest:SafeMath, function:SafeMath.sub(uint256,uint256), arguments:",
    "TMP_106(bool) = LIBRARY_CALL, dest:EnumerableSet, function:EnumerableSet.contains(EnumerableSet.AddressSet,address), arguments:",
    "TMP_109(bool) = LIBRARY_CALL, dest:EnumerableSet, function:EnumerableSet.remove(EnumerableSet.AddressSet,address), arguments:",
    "TMP_112(uint256) = LIBRARY_CALL, dest:SafeMath, function:SafeMath.sub(uint256,uint256), arguments:",
    "TMP_116(bool) = HIGH_LEVEL_CALL, dest:TMP_115(Token), function:transfer, arguments:",
    "TMP_64(bool) = HIGH_LEVEL_CALL, dest:TMP_63(Token), function:transfer, arguments:",
    "TMP_66(uint256) = LIBRARY_CALL, dest:SafeMath, function:SafeMath.add(uint256,uint256), arguments:",
    "TMP_67(uint256) = LIBRARY_CALL, dest:SafeMath, function:SafeMath.add(uint256,uint256), arguments:",
    "TMP_69(bool) = LIBRARY_CALL, dest:EnumerableSet, function:EnumerableSet.contains(EnumerableSet.AddressSet,address), arguments:",
    "TMP_72(uint256) = LIBRARY_CALL, dest:SafeMath, function:SafeMath.sub(uint256,uint256), arguments:",
    "TMP_73(uint256) = LIBRARY_CALL, dest:SafeMath, function:SafeMath.mul(uint256,uint256), arguments:",
    "TMP_74(uint256) = LIBRARY_CALL, dest:SafeMath, function:SafeMath.mul(uint256,uint256), arguments:",
    "TMP_75(uint256) = LIBRARY_CALL, dest:SafeMath, function:SafeMath.div(uint256,uint256), arguments:",
    "TMP_76(uint256) = LIBRARY_CALL, dest:SafeMath, function:SafeMath.div(uint256,uint256), arguments:",
    "TMP_77(uint256) = LIBRARY_CALL, dest:EnumerableSet, function:EnumerableSet.length(EnumerableSet.AddressSet), arguments:",
    "TMP_85(bool) = HIGH_LEVEL_CALL, dest:TMP_83(Token), function:transferFrom, arguments:",
    "TMP_88(uint256) = LIBRARY_CALL, dest:SafeMath, function:SafeMath.add(uint256,uint256), arguments:",
    "TMP_89(bool) = LIBRARY_CALL, dest:EnumerableSet, function:EnumerableSet.contains(EnumerableSet.AddressSet,address), arguments:",
    "TMP_91(bool) = LIBRARY_CALL, dest:EnumerableSet, function:EnumerableSet.add(EnumerableSet.AddressSet,address), arguments:",
    "TMP_97(uint256) = LIBRARY_CALL, dest:SafeMath, function:SafeMath.sub(uint256,uint256), arguments:",
    "TUPLE_0(bool,bytes) = LOW_LEVEL_CALL, dest:msg.sender, function:call, arguments:",
    "delete set._indexes",
    "depositedTokens",
    "depositedTokens) := TMP_105(uint256)\"]",
    "depositedTokens) := TMP_88(uint256)\"]",
    "holders.contains(msg.sender) && depositedTokens",
    "lastClaimedTime",
    "lastClaimedTime) := now(uint256)\"]",
    "lastvalue = set._values",
    "require(bool,string)(depositedTokens",
    "require(bool,string)(now.sub(stakingTime",
    "set) := REF_7(uint256)\"]",
    "set) := TMP_17(uint256)",
    "set) := TMP_21(uint256)\"]",
    "set) := TMP_23(uint256)\"]",
    "set) := lastvalue(bytes32)\"]",
    "set) := value(bytes32)\"]",
    "set._indexes",
    "set._inner",
    "set._values",
    "stakedAmount = depositedTokens",
    "stakingTime",
    "stakingTime) := now(uint256)\"]",
    "timeDiff = now.sub(lastClaimedTime",
    "totalEarnedTokens",
    "totalEarnedTokens) := TMP_66(uint256)\"]",
    "valueIndex = set._indexes"
  ],
  "edges": [
    {
      "source": "0",
      "target": "1"
    },
    {
      "source": "REF_42(EnumerableSet.Set)",
      "target": "set._inner"
    },
    {
      "source": "0",
      "target": "1"
    },
    {
      "source": "REF_25(mapping(bytes32 => uint256))",
      "target": "set._indexes"
    },
    {
      "source": "REF_26(uint256)",
      "target": "REF_25"
    },
    {
      "source": "0",
      "target": "1"
    },
    {
      "source": "REF_41(EnumerableSet.Set)",
      "target": "set._inner"
    },
    {
      "source": "0",
      "target": "1"
    },
    {
      "source": "REF_33(EnumerableSet.Set)",
      "target": "set._inner"
    },
    {
      "source": "0",
      "target": "4"
    },
    {
      "source": "1",
      "target": "2"
    },
    {
      "source": "2",
      "target": "3"
    },
    {
      "source": "4",
      "target": "1"
    },
    {
      "source": "0",
      "target": "1"
    },
    {
      "source": "REF_8(mapping(bytes32 => uint256))",
      "target": "set._indexes"
    },
    {
      "source": "REF_9(uint256)",
      "target": "REF_8"
    },
    {
      "source": "1",
      "target": "2"
    },
    {
      "source": "2",
      "target": "3"
    },
    {
      "source": "2",
      "target": "11"
    },
    {
      "source": "3",
      "target": "4"
    },
    {
      "source": "REF_10(bytes32",
      "target": "set._values"
    },
    {
      "source": "REF_11",
      "target": "LENGTH REF_10"
    },
    {
      "source": "4",
      "target": "5"
    },
    {
      "source": "REF_12(bytes32",
      "target": "set._values"
    },
    {
      "source": "REF_13(bytes32)",
      "target": "REF_12"
    },
    {
      "source": "5",
      "target": "6"
    },
    {
      "source": "REF_14(bytes32",
      "target": "set._values"
    },
    {
      "source": "REF_15(bytes32)",
      "target": "REF_14"
    },
    {
      "source": "REF_15(bytes32) (",
      "target": "set) := lastvalue(bytes32)\"]"
    },
    {
      "source": "6",
      "target": "7"
    },
    {
      "source": "REF_16(mapping(bytes32 => uint256))",
      "target": "set._indexes"
    },
    {
      "source": "REF_17(uint256)",
      "target": "REF_16"
    },
    {
      "source": "REF_17(uint256) (",
      "target": "set) := TMP_21(uint256)\"]"
    },
    {
      "source": "7",
      "target": "8"
    },
    {
      "source": "REF_18(bytes32",
      "target": "set._values"
    },
    {
      "source": "REF_20",
      "target": "LENGTH REF_18"
    },
    {
      "source": "REF_21(bytes32)",
      "target": "REF_18"
    },
    {
      "source": "REF_22",
      "target": "LENGTH REF_18"
    },
    {
      "source": "REF_22(uint256) (",
      "target": "set) := TMP_23(uint256)\"]"
    },
    {
      "source": "8",
      "target": "9"
    },
    {
      "source": "REF_23(mapping(bytes32 => uint256))",
      "target": "set._indexes"
    },
    {
      "source": "REF_24(uint256)",
      "target": "REF_23"
    },
    {
      "source": "9",
      "target": "10"
    },
    {
      "source": "0",
      "target": "1"
    },
    {
      "source": "1",
      "target": "2"
    },
    {
      "source": "2",
      "target": "3"
    },
    {
      "source": "3",
      "target": "4"
    },
    {
      "source": "4",
      "target": "5"
    },
    {
      "source": "5",
      "target": "6"
    },
    {
      "source": "REF_61(uint256)",
      "target": "depositedTokens"
    },
    {
      "source": "REF_62(uint256)",
      "target": "depositedTokens"
    },
    {
      "source": "REF_61(uint256) (",
      "target": "depositedTokens) := TMP_88(uint256)\"]"
    },
    {
      "source": "6",
      "target": "7"
    },
    {
      "source": "7",
      "target": "8"
    },
    {
      "source": "7",
      "target": "10"
    },
    {
      "source": "8",
      "target": "9"
    },
    {
      "source": "REF_66(uint256)",
      "target": "stakingTime"
    },
    {
      "source": "REF_66(uint256) (",
      "target": "stakingTime) := now(uint256)\"]"
    },
    {
      "source": "9",
      "target": "10"
    },
    {
      "source": "0",
      "target": "1"
    },
    {
      "source": "1",
      "target": "2"
    },
    {
      "source": "1",
      "target": "3"
    },
    {
      "source": "3",
      "target": "4"
    },
    {
      "source": "4",
      "target": "5"
    },
    {
      "source": "0",
      "target": "1"
    },
    {
      "source": "1",
      "target": "2"
    },
    {
      "source": "2",
      "target": "3"
    },
    {
      "source": "REF_68(uint256)",
      "target": "depositedTokens"
    },
    {
      "source": "3",
      "target": "4"
    },
    {
      "source": "REF_70(uint256)",
      "target": "stakingTime"
    },
    {
      "source": "4",
      "target": "5"
    },
    {
      "source": "5",
      "target": "6"
    },
    {
      "source": "6",
      "target": "7"
    },
    {
      "source": "7",
      "target": "8"
    },
    {
      "source": "REF_74(uint256)",
      "target": "depositedTokens"
    },
    {
      "source": "REF_75(uint256)",
      "target": "depositedTokens"
    },
    {
      "source": "REF_74(uint256) (",
      "target": "depositedTokens) := TMP_105(uint256)\"]"
    },
    {
      "source": "8",
      "target": "9"
    },
    {
      "source": "REF_78(uint256)",
      "target": "depositedTokens"
    },
    {
      "source": "9",
      "target": "10"
    },
    {
      "source": "9",
      "target": "11"
    },
    {
      "source": "10",
      "target": "11"
    },
    {
      "source": "0",
      "target": "1"
    },
    {
      "source": "1",
      "target": "2"
    },
    {
      "source": "1",
      "target": "3"
    },
    {
      "source": "3",
      "target": "4"
    },
    {
      "source": "REF_50(uint256)",
      "target": "depositedTokens"
    },
    {
      "source": "4",
      "target": "5"
    },
    {
      "source": "4",
      "target": "6"
    },
    {
      "source": "6",
      "target": "7"
    },
    {
      "source": "REF_52(uint256)",
      "target": "lastClaimedTime"
    },
    {
      "source": "7",
      "target": "8"
    },
    {
      "source": "REF_53(uint256)",
      "target": "depositedTokens"
    },
    {
      "source": "8",
      "target": "9"
    },
    {
      "source": "9",
      "target": "10"
    },
    {
      "source": "0",
      "target": "5"
    },
    {
      "source": "1",
      "target": "2"
    },
    {
      "source": "1",
      "target": "3"
    },
    {
      "source": "2",
      "target": "3"
    },
    {
      "source": "3",
      "target": "4"
    },
    {
      "source": "5",
      "target": "1"
    },
    {
      "source": "0",
      "target": "1"
    },
    {
      "source": "REF_37(EnumerableSet.Set)",
      "target": "set._inner"
    },
    {
      "source": "0",
      "target": "1"
    },
    {
      "source": "REF_34(EnumerableSet.Set)",
      "target": "set._inner"
    },
    {
      "source": "0",
      "target": "4"
    },
    {
      "source": "1",
      "target": "2"
    },
    {
      "source": "2",
      "target": "3"
    },
    {
      "source": "4",
      "target": "1"
    },
    {
      "source": "0",
      "target": "1"
    },
    {
      "source": "1",
      "target": "2"
    },
    {
      "source": "0",
      "target": "1"
    },
    {
      "source": "REF_36(EnumerableSet.Set)",
      "target": "set._inner"
    },
    {
      "source": "0",
      "target": "1"
    },
    {
      "source": "1",
      "target": "2"
    },
    {
      "source": "2",
      "target": "3"
    },
    {
      "source": "3",
      "target": "4"
    },
    {
      "source": "4",
      "target": "5"
    },
    {
      "source": "0",
      "target": "1"
    },
    {
      "source": "1",
      "target": "2"
    },
    {
      "source": "1",
      "target": "5"
    },
    {
      "source": "REF_0(bytes32",
      "target": "set._values"
    },
    {
      "source": "REF_2",
      "target": "LENGTH REF_0"
    },
    {
      "source": "REF_2(uint256) (",
      "target": "set) := TMP_17(uint256)"
    },
    {
      "source": "REF_3(bytes32)",
      "target": "REF_0"
    },
    {
      "source": "REF_3(bytes32) (",
      "target": "set) := value(bytes32)\"]"
    },
    {
      "source": "2",
      "target": "3"
    },
    {
      "source": "REF_4(mapping(bytes32 => uint256))",
      "target": "set._indexes"
    },
    {
      "source": "REF_5(uint256)",
      "target": "REF_4"
    },
    {
      "source": "REF_6(bytes32",
      "target": "set._values"
    },
    {
      "source": "REF_7",
      "target": "LENGTH REF_6"
    },
    {
      "source": "REF_5(uint256) (",
      "target": "set) := REF_7(uint256)\"]"
    },
    {
      "source": "3",
      "target": "4"
    },
    {
      "source": "0",
      "target": "1"
    },
    {
      "source": "1",
      "target": "2"
    },
    {
      "source": "0",
      "target": "1"
    },
    {
      "source": "0",
      "target": "1"
    },
    {
      "source": "REF_27(bytes32",
      "target": "set._values"
    },
    {
      "source": "REF_28",
      "target": "LENGTH REF_27"
    },
    {
      "source": "0",
      "target": "1"
    },
    {
      "source": "0",
      "target": "1"
    },
    {
      "source": "1",
      "target": "2"
    },
    {
      "source": "2",
      "target": "3"
    },
    {
      "source": "2",
      "target": "7"
    },
    {
      "source": "3",
      "target": "4"
    },
    {
      "source": "REF_44(uint256)",
      "target": "totalEarnedTokens"
    },
    {
      "source": "REF_45(uint256)",
      "target": "totalEarnedTokens"
    },
    {
      "source": "REF_44(uint256) (",
      "target": "totalEarnedTokens) := TMP_66(uint256)\"]"
    },
    {
      "source": "4",
      "target": "5"
    },
    {
      "source": "5",
      "target": "6"
    },
    {
      "source": "6",
      "target": "7"
    },
    {
      "source": "7",
      "target": "8"
    },
    {
      "source": "REF_48(uint256)",
      "target": "lastClaimedTime"
    },
    {
      "source": "REF_48(uint256) (",
      "target": "lastClaimedTime) := now(uint256)\"]"
    },
    {
      "source": "0",
      "target": "1"
    },
    {
      "source": "1",
      "target": "2"
    },
    {
      "source": "0",
      "target": "1"
    },
    {
      "source": "REF_39(EnumerableSet.Set)",
      "target": "set._inner"
    },
    {
      "source": "0",
      "target": "1"
    },
    {
      "source": "REF_29(bytes32",
      "target": "set._values"
    },
    {
      "source": "REF_30",
      "target": "LENGTH REF_29"
    },
    {
      "source": "1",
      "target": "2"
    },
    {
      "source": "REF_31(bytes32",
      "target": "set._values"
    },
    {
      "source": "REF_32(bytes32)",
      "target": "REF_31"
    },
    {
      "source": "0",
      "target": "1"
    },
    {
      "source": "REF_38(EnumerableSet.Set)",
      "target": "set._inner"
    },
    {
      "source": "0",
      "target": "1"
    },
    {
      "source": "0",
      "target": "1"
    },
    {
      "source": "1",
      "target": "2"
    },
    {
      "source": "2",
      "target": "3"
    },
    {
      "source": "0",
      "target": "1"
    },
    {
      "source": "1",
      "target": "2"
    },
    {
      "source": "2",
      "target": "3"
    },
    {
      "source": "0",
      "target": "1"
    },
    {
      "source": "REF_40(EnumerableSet.Set)",
      "target": "set._inner"
    },
    {
      "source": "0",
      "target": "1"
    },
    {
      "source": "1",
      "target": "2"
    },
    {
      "source": "0",
      "target": "1"
    },
    {
      "source": "REF_35(EnumerableSet.Set)",
      "target": "set._inner"
    },
    {
      "source": "0",
      "target": "1"
    }
  ]
}