{
  "nodes": [
    "! (msg.sender.send(userBalance_re_ent19",
    "(success,None) = msg.sender.call.value(balances_re_ent8",
    "(success,None) = msg.sender.call.value(userBalance_re_ent26",
    "(success,None) = msg.sender.call.value(userBalance_re_ent33",
    "(success,None) = msg.sender.call.value(userBalance_re_ent40",
    "0",
    "1",
    "2",
    "3",
    "4",
    "5",
    "6",
    "7",
    "REF_1(uint256)",
    "REF_10(uint256)",
    "REF_10(uint256) (",
    "REF_12(uint256)",
    "REF_13(uint256)",
    "REF_13(uint256) (",
    "REF_16(uint256)",
    "REF_17(uint256)",
    "REF_17(uint256) (",
    "REF_18(uint256)",
    "REF_18(uint256) (",
    "REF_20(uint256)",
    "REF_22(",
    "REF_22(uint256)",
    "REF_25(uint256)",
    "REF_26(uint256)",
    "REF_28(uint256)",
    "REF_28(uint256) (",
    "REF_29(uint256)",
    "REF_31(",
    "REF_31(uint256)",
    "REF_32(uint256)",
    "REF_33(uint256)",
    "REF_35(uint256)",
    "REF_35(uint256) (",
    "REF_37(uint256)",
    "REF_4(",
    "REF_4(uint256)",
    "REF_40",
    "REF_40(mapping(address => uint256))",
    "REF_41(uint256)",
    "REF_45(uint256)",
    "REF_46(uint256)",
    "REF_46(uint256) (",
    "REF_47",
    "REF_47(mapping(address => uint256))",
    "REF_48(uint256)",
    "REF_50(uint256)",
    "REF_51(uint256)",
    "REF_53(uint256)",
    "REF_53(uint256) (",
    "REF_54",
    "REF_54(mapping(address => uint256))",
    "REF_55(uint256)",
    "REF_58(uint256)",
    "REF_59(uint256)",
    "REF_59(uint256) (",
    "REF_60",
    "REF_60(mapping(address => uint256))",
    "REF_61(uint256)",
    "REF_64(uint256)",
    "REF_64(uint256) (",
    "REF_65(uint256)",
    "REF_67(uint256)",
    "REF_67(uint256) (",
    "REF_68(uint256)",
    "REF_7(uint256)",
    "REF_72(uint256)",
    "REF_73(uint256)",
    "REF_73(uint256) (",
    "REF_74",
    "REF_74(mapping(address => uint256))",
    "REF_75(uint256)",
    "REF_75(uint256) (",
    "REF_78(uint256)",
    "REF_79(uint256)",
    "REF_79(uint256) (",
    "REF_8(uint256)",
    "TMP_107(uint256) = LIBRARY_CALL, dest:SafeMath, function:SafeMath.sub(uint256,uint256), arguments:",
    "TMP_108(uint256) = LIBRARY_CALL, dest:SafeMath, function:SafeMath.add(uint256,uint256), arguments:",
    "TMP_86(uint256) = LIBRARY_CALL, dest:SafeMath, function:SafeMath.sub(uint256,uint256), arguments:",
    "TMP_91(uint256) = LIBRARY_CALL, dest:SafeMath, function:SafeMath.add(uint256,uint256), arguments:",
    "TMP_94(uint256) = LIBRARY_CALL, dest:SafeMath, function:SafeMath.sub(uint256,uint256), arguments:",
    "TUPLE_0(bool,bytes) = LOW_LEVEL_CALL, dest:msg.sender, function:call, arguments:",
    "TUPLE_1(bool,bytes) = LOW_LEVEL_CALL, dest:lastPlayer_re_ent9, function:call, arguments:",
    "TUPLE_2(bool,bytes) = LOW_LEVEL_CALL, dest:msg.sender, function:call, arguments:",
    "TUPLE_3(bool,bytes) = LOW_LEVEL_CALL, dest:msg.sender, function:call, arguments:",
    "TUPLE_4(bool,bytes) = LOW_LEVEL_CALL, dest:msg.sender, function:call, arguments:",
    "TUPLE_5(bool,bytes) = LOW_LEVEL_CALL, dest:msg.sender, function:call, arguments:",
    "TUPLE_6(bool,bytes) = LOW_LEVEL_CALL, dest:msg.sender, function:call, arguments:",
    "_allowances",
    "_allowances) := value(uint256)\"]",
    "_approve(msg.sender,spender,_allowances",
    "_approve(sender,msg.sender,_allowances",
    "_balances",
    "_balances) := TMP_107(uint256)\"]",
    "_balances) := TMP_108(uint256)\"]",
    "_balances) := _totalSupply(uint256)\"]",
    "balances_re_ent3",
    "balances_re_ent3) = REF_4 - _weiToWithdraw\"]",
    "balances_re_ent31",
    "balances_re_ent31) = REF_22 - _weiToWithdraw\"]",
    "balances_re_ent36",
    "balances_re_ent36) := 0(uint256)\"]",
    "balances_re_ent38",
    "balances_re_ent38) = REF_31 - _weiToWithdraw\"]",
    "balances_re_ent8",
    "balances_re_ent8) := 0(uint256)\"]",
    "msg.sender.send(balances_re_ent36",
    "redeemableEther_re_ent25",
    "redeemableEther_re_ent25) := 0(uint256)\"]",
    "redeemableEther_re_ent32",
    "redeemableEther_re_ent32) := 0(uint256)\"]",
    "redeemableEther_re_ent39",
    "redeemableEther_re_ent39) := 0(uint256)\"]",
    "redeemableEther_re_ent4",
    "redeemableEther_re_ent4) := 0(uint256)\"]",
    "require(bool)(balances_re_ent3",
    "require(bool)(balances_re_ent31",
    "require(bool)(balances_re_ent38",
    "require(bool)(redeemableEther_re_ent25",
    "require(bool)(redeemableEther_re_ent32",
    "require(bool)(redeemableEther_re_ent39",
    "require(bool)(redeemableEther_re_ent4",
    "transferValue_re_ent25 = redeemableEther_re_ent25",
    "transferValue_re_ent32 = redeemableEther_re_ent32",
    "transferValue_re_ent39 = redeemableEther_re_ent39",
    "transferValue_re_ent4 = redeemableEther_re_ent4",
    "userBalance_re_ent19",
    "userBalance_re_ent19) := 0(uint256)\"]",
    "userBalance_re_ent26",
    "userBalance_re_ent26) := 0(uint256)\"]",
    "userBalance_re_ent33",
    "userBalance_re_ent33) := 0(uint256)\"]",
    "userBalance_re_ent40",
    "userBalance_re_ent40) := 0(uint256)\"]"
  ],
  "edges": [
    {
      "source": "0",
      "target": "1"
    },
    {
      "source": "REF_25(uint256)",
      "target": "redeemableEther_re_ent32"
    },
    {
      "source": "1",
      "target": "2"
    },
    {
      "source": "REF_26(uint256)",
      "target": "redeemableEther_re_ent32"
    },
    {
      "source": "2",
      "target": "3"
    },
    {
      "source": "3",
      "target": "4"
    },
    {
      "source": "REF_28(uint256)",
      "target": "redeemableEther_re_ent32"
    },
    {
      "source": "REF_28(uint256) (",
      "target": "redeemableEther_re_ent32) := 0(uint256)\"]"
    },
    {
      "source": "0",
      "target": "1"
    },
    {
      "source": "1",
      "target": "2"
    },
    {
      "source": "2",
      "target": "3"
    },
    {
      "source": "3",
      "target": "4"
    },
    {
      "source": "4",
      "target": "5"
    },
    {
      "source": "REF_18(uint256)",
      "target": "_balances"
    },
    {
      "source": "REF_18(uint256) (",
      "target": "_balances) := _totalSupply(uint256)\"]"
    },
    {
      "source": "0",
      "target": "1"
    },
    {
      "source": "1",
      "target": "2"
    },
    {
      "source": "REF_45(uint256)",
      "target": "balances_re_ent8"
    },
    {
      "source": "2",
      "target": "3"
    },
    {
      "source": "3",
      "target": "4"
    },
    {
      "source": "3",
      "target": "5"
    },
    {
      "source": "REF_46(uint256)",
      "target": "balances_re_ent8"
    },
    {
      "source": "REF_46(uint256) (",
      "target": "balances_re_ent8) := 0(uint256)\"]"
    },
    {
      "source": "4",
      "target": "5"
    },
    {
      "source": "0",
      "target": "1"
    },
    {
      "source": "1",
      "target": "2"
    },
    {
      "source": "1",
      "target": "3"
    },
    {
      "source": "2",
      "target": "3"
    },
    {
      "source": "3",
      "target": "4"
    },
    {
      "source": "4",
      "target": "5"
    },
    {
      "source": "0",
      "target": "1"
    },
    {
      "source": "1",
      "target": "2"
    },
    {
      "source": "2",
      "target": "3"
    },
    {
      "source": "2",
      "target": "4"
    },
    {
      "source": "3",
      "target": "4"
    },
    {
      "source": "4",
      "target": "5"
    },
    {
      "source": "0",
      "target": "1"
    },
    {
      "source": "1",
      "target": "2"
    },
    {
      "source": "1",
      "target": "3"
    },
    {
      "source": "2",
      "target": "3"
    },
    {
      "source": "3",
      "target": "4"
    },
    {
      "source": "4",
      "target": "5"
    },
    {
      "source": "0",
      "target": "1"
    },
    {
      "source": "1",
      "target": "2"
    },
    {
      "source": "1",
      "target": "3"
    },
    {
      "source": "3",
      "target": "4"
    },
    {
      "source": "4",
      "target": "5"
    },
    {
      "source": "5",
      "target": "6"
    },
    {
      "source": "0",
      "target": "1"
    },
    {
      "source": "REF_12(uint256)",
      "target": "userBalance_re_ent19"
    },
    {
      "source": "1",
      "target": "2"
    },
    {
      "source": "1",
      "target": "3"
    },
    {
      "source": "2",
      "target": "3"
    },
    {
      "source": "3",
      "target": "4"
    },
    {
      "source": "REF_13(uint256)",
      "target": "userBalance_re_ent19"
    },
    {
      "source": "REF_13(uint256) (",
      "target": "userBalance_re_ent19) := 0(uint256)\"]"
    },
    {
      "source": "0",
      "target": "1"
    },
    {
      "source": "1",
      "target": "2"
    },
    {
      "source": "2",
      "target": "3"
    },
    {
      "source": "REF_64(uint256)",
      "target": "_balances"
    },
    {
      "source": "REF_65(uint256)",
      "target": "_balances"
    },
    {
      "source": "REF_64(uint256) (",
      "target": "_balances) := TMP_107(uint256)\"]"
    },
    {
      "source": "3",
      "target": "4"
    },
    {
      "source": "REF_67(uint256)",
      "target": "_balances"
    },
    {
      "source": "REF_68(uint256)",
      "target": "_balances"
    },
    {
      "source": "REF_67(uint256) (",
      "target": "_balances) := TMP_108(uint256)\"]"
    },
    {
      "source": "4",
      "target": "5"
    },
    {
      "source": "0",
      "target": "1"
    },
    {
      "source": "1",
      "target": "2"
    },
    {
      "source": "2",
      "target": "3"
    },
    {
      "source": "3",
      "target": "4"
    },
    {
      "source": "4",
      "target": "5"
    },
    {
      "source": "4",
      "target": "6"
    },
    {
      "source": "5",
      "target": "6"
    },
    {
      "source": "6",
      "target": "7"
    },
    {
      "source": "0",
      "target": "1"
    },
    {
      "source": "1",
      "target": "2"
    },
    {
      "source": "2",
      "target": "3"
    },
    {
      "source": "0",
      "target": "1"
    },
    {
      "source": "1",
      "target": "2"
    },
    {
      "source": "2",
      "target": "3"
    },
    {
      "source": "3",
      "target": "4"
    },
    {
      "source": "3",
      "target": "5"
    },
    {
      "source": "4",
      "target": "5"
    },
    {
      "source": "5",
      "target": "6"
    },
    {
      "source": "6",
      "target": "7"
    },
    {
      "source": "0",
      "target": "1"
    },
    {
      "source": "REF_7(uint256)",
      "target": "redeemableEther_re_ent25"
    },
    {
      "source": "1",
      "target": "2"
    },
    {
      "source": "REF_8(uint256)",
      "target": "redeemableEther_re_ent25"
    },
    {
      "source": "2",
      "target": "3"
    },
    {
      "source": "3",
      "target": "4"
    },
    {
      "source": "REF_10(uint256)",
      "target": "redeemableEther_re_ent25"
    },
    {
      "source": "REF_10(uint256) (",
      "target": "redeemableEther_re_ent25) := 0(uint256)\"]"
    },
    {
      "source": "0",
      "target": "1"
    },
    {
      "source": "1",
      "target": "2"
    },
    {
      "source": "0",
      "target": "1"
    },
    {
      "source": "REF_50(uint256)",
      "target": "redeemableEther_re_ent39"
    },
    {
      "source": "1",
      "target": "2"
    },
    {
      "source": "REF_51(uint256)",
      "target": "redeemableEther_re_ent39"
    },
    {
      "source": "2",
      "target": "3"
    },
    {
      "source": "3",
      "target": "4"
    },
    {
      "source": "REF_53(uint256)",
      "target": "redeemableEther_re_ent39"
    },
    {
      "source": "REF_53(uint256) (",
      "target": "redeemableEther_re_ent39) := 0(uint256)\"]"
    },
    {
      "source": "0",
      "target": "1"
    },
    {
      "source": "1",
      "target": "2"
    },
    {
      "source": "2",
      "target": "3"
    },
    {
      "source": "2",
      "target": "4"
    },
    {
      "source": "3",
      "target": "4"
    },
    {
      "source": "4",
      "target": "5"
    },
    {
      "source": "0",
      "target": "1"
    },
    {
      "source": "1",
      "target": "2"
    },
    {
      "source": "0",
      "target": "1"
    },
    {
      "source": "0",
      "target": "1"
    },
    {
      "source": "REF_54(mapping(address => uint256))",
      "target": "_allowances"
    },
    {
      "source": "REF_55(uint256)",
      "target": "REF_54"
    },
    {
      "source": "1",
      "target": "2"
    },
    {
      "source": "0",
      "target": "1"
    },
    {
      "source": "1",
      "target": "2"
    },
    {
      "source": "2",
      "target": "3"
    },
    {
      "source": "0",
      "target": "1"
    },
    {
      "source": "REF_40(mapping(address => uint256))",
      "target": "_allowances"
    },
    {
      "source": "REF_41(uint256)",
      "target": "REF_40"
    },
    {
      "source": "0",
      "target": "1"
    },
    {
      "source": "0",
      "target": "1"
    },
    {
      "source": "REF_37(uint256)",
      "target": "_balances"
    },
    {
      "source": "0",
      "target": "1"
    },
    {
      "source": "REF_1(uint256)",
      "target": "balances_re_ent3"
    },
    {
      "source": "1",
      "target": "2"
    },
    {
      "source": "2",
      "target": "3"
    },
    {
      "source": "3",
      "target": "4"
    },
    {
      "source": "4",
      "target": "5"
    },
    {
      "source": "REF_4(uint256)",
      "target": "balances_re_ent3"
    },
    {
      "source": "REF_4(",
      "target": "balances_re_ent3) = REF_4 - _weiToWithdraw\"]"
    },
    {
      "source": "0",
      "target": "1"
    },
    {
      "source": "REF_58(uint256)",
      "target": "balances_re_ent36"
    },
    {
      "source": "1",
      "target": "2"
    },
    {
      "source": "1",
      "target": "3"
    },
    {
      "source": "REF_59(uint256)",
      "target": "balances_re_ent36"
    },
    {
      "source": "REF_59(uint256) (",
      "target": "balances_re_ent36) := 0(uint256)\"]"
    },
    {
      "source": "2",
      "target": "3"
    },
    {
      "source": "0",
      "target": "1"
    },
    {
      "source": "REF_29(uint256)",
      "target": "balances_re_ent38"
    },
    {
      "source": "1",
      "target": "2"
    },
    {
      "source": "2",
      "target": "3"
    },
    {
      "source": "REF_31(uint256)",
      "target": "balances_re_ent38"
    },
    {
      "source": "REF_31(",
      "target": "balances_re_ent38) = REF_31 - _weiToWithdraw\"]"
    },
    {
      "source": "0",
      "target": "1"
    },
    {
      "source": "REF_60(mapping(address => uint256))",
      "target": "_allowances"
    },
    {
      "source": "REF_61(uint256)",
      "target": "REF_60"
    },
    {
      "source": "1",
      "target": "2"
    },
    {
      "source": "0",
      "target": "1"
    },
    {
      "source": "1",
      "target": "2"
    },
    {
      "source": "REF_16(uint256)",
      "target": "userBalance_re_ent26"
    },
    {
      "source": "2",
      "target": "3"
    },
    {
      "source": "3",
      "target": "4"
    },
    {
      "source": "3",
      "target": "5"
    },
    {
      "source": "4",
      "target": "5"
    },
    {
      "source": "5",
      "target": "6"
    },
    {
      "source": "REF_17(uint256)",
      "target": "userBalance_re_ent26"
    },
    {
      "source": "REF_17(uint256) (",
      "target": "userBalance_re_ent26) := 0(uint256)\"]"
    },
    {
      "source": "0",
      "target": "1"
    },
    {
      "source": "0",
      "target": "1"
    },
    {
      "source": "1",
      "target": "2"
    },
    {
      "source": "REF_78(uint256)",
      "target": "userBalance_re_ent33"
    },
    {
      "source": "2",
      "target": "3"
    },
    {
      "source": "3",
      "target": "4"
    },
    {
      "source": "3",
      "target": "5"
    },
    {
      "source": "4",
      "target": "5"
    },
    {
      "source": "5",
      "target": "6"
    },
    {
      "source": "REF_79(uint256)",
      "target": "userBalance_re_ent33"
    },
    {
      "source": "REF_79(uint256) (",
      "target": "userBalance_re_ent33) := 0(uint256)\"]"
    },
    {
      "source": "0",
      "target": "1"
    },
    {
      "source": "1",
      "target": "2"
    },
    {
      "source": "2",
      "target": "3"
    },
    {
      "source": "2",
      "target": "4"
    },
    {
      "source": "3",
      "target": "4"
    },
    {
      "source": "4",
      "target": "5"
    },
    {
      "source": "0",
      "target": "1"
    },
    {
      "source": "1",
      "target": "2"
    },
    {
      "source": "1",
      "target": "3"
    },
    {
      "source": "2",
      "target": "3"
    },
    {
      "source": "3",
      "target": "4"
    },
    {
      "source": "4",
      "target": "5"
    },
    {
      "source": "0",
      "target": "1"
    },
    {
      "source": "0",
      "target": "1"
    },
    {
      "source": "1",
      "target": "2"
    },
    {
      "source": "2",
      "target": "3"
    },
    {
      "source": "2",
      "target": "4"
    },
    {
      "source": "3",
      "target": "4"
    },
    {
      "source": "4",
      "target": "5"
    },
    {
      "source": "0",
      "target": "1"
    },
    {
      "source": "1",
      "target": "2"
    },
    {
      "source": "REF_72(uint256)",
      "target": "userBalance_re_ent40"
    },
    {
      "source": "2",
      "target": "3"
    },
    {
      "source": "3",
      "target": "4"
    },
    {
      "source": "3",
      "target": "5"
    },
    {
      "source": "4",
      "target": "5"
    },
    {
      "source": "5",
      "target": "6"
    },
    {
      "source": "REF_73(uint256)",
      "target": "userBalance_re_ent40"
    },
    {
      "source": "REF_73(uint256) (",
      "target": "userBalance_re_ent40) := 0(uint256)\"]"
    },
    {
      "source": "0",
      "target": "1"
    },
    {
      "source": "1",
      "target": "2"
    },
    {
      "source": "2",
      "target": "3"
    },
    {
      "source": "0",
      "target": "1"
    },
    {
      "source": "1",
      "target": "2"
    },
    {
      "source": "2",
      "target": "3"
    },
    {
      "source": "REF_74(mapping(address => uint256))",
      "target": "_allowances"
    },
    {
      "source": "REF_75(uint256)",
      "target": "REF_74"
    },
    {
      "source": "REF_75(uint256) (",
      "target": "_allowances) := value(uint256)\"]"
    },
    {
      "source": "3",
      "target": "4"
    },
    {
      "source": "0",
      "target": "1"
    },
    {
      "source": "1",
      "target": "2"
    },
    {
      "source": "2",
      "target": "3"
    },
    {
      "source": "2",
      "target": "4"
    },
    {
      "source": "3",
      "target": "4"
    },
    {
      "source": "4",
      "target": "5"
    },
    {
      "source": "0",
      "target": "1"
    },
    {
      "source": "0",
      "target": "1"
    },
    {
      "source": "REF_32(uint256)",
      "target": "redeemableEther_re_ent4"
    },
    {
      "source": "1",
      "target": "2"
    },
    {
      "source": "REF_33(uint256)",
      "target": "redeemableEther_re_ent4"
    },
    {
      "source": "2",
      "target": "3"
    },
    {
      "source": "3",
      "target": "4"
    },
    {
      "source": "REF_35(uint256)",
      "target": "redeemableEther_re_ent4"
    },
    {
      "source": "REF_35(uint256) (",
      "target": "redeemableEther_re_ent4) := 0(uint256)\"]"
    },
    {
      "source": "0",
      "target": "1"
    },
    {
      "source": "1",
      "target": "2"
    },
    {
      "source": "0",
      "target": "1"
    },
    {
      "source": "1",
      "target": "2"
    },
    {
      "source": "REF_47(mapping(address => uint256))",
      "target": "_allowances"
    },
    {
      "source": "REF_48(uint256)",
      "target": "REF_47"
    },
    {
      "source": "2",
      "target": "3"
    },
    {
      "source": "0",
      "target": "1"
    },
    {
      "source": "1",
      "target": "2"
    },
    {
      "source": "2",
      "target": "3"
    },
    {
      "source": "3",
      "target": "4"
    },
    {
      "source": "4",
      "target": "5"
    },
    {
      "source": "0",
      "target": "1"
    },
    {
      "source": "REF_20(uint256)",
      "target": "balances_re_ent31"
    },
    {
      "source": "1",
      "target": "2"
    },
    {
      "source": "2",
      "target": "3"
    },
    {
      "source": "REF_22(uint256)",
      "target": "balances_re_ent31"
    },
    {
      "source": "REF_22(",
      "target": "balances_re_ent31) = REF_22 - _weiToWithdraw\"]"
    }
  ]
}