{
  "nodes": [
    "0",
    "1",
    "10",
    "11",
    "12",
    "13",
    "14",
    "15",
    "2",
    "3",
    "4",
    "5",
    "6",
    "7",
    "8",
    "9",
    "REF_0(uint256)",
    "REF_1(uint256)",
    "REF_13(",
    "REF_13(uint256)",
    "REF_2(uint256)",
    "REF_2(uint256) (",
    "REF_5(uint256)",
    "REF_6(uint256)",
    "REF_7(uint256)",
    "REF_7(uint256) (",
    "TMP_12(uint256) = HIGH_LEVEL_CALL, dest:token(ERC20), function:balanceOf, arguments:",
    "TMP_17(bool) = HIGH_LEVEL_CALL, dest:token(ERC20), function:transfer, arguments:",
    "TMP_22(bool) = LOW_LEVEL_CALL, dest:sale, function:call, arguments:",
    "balances",
    "balances) := 0(uint256)\"]",
    "balances) = REF_13 + msg.value\"]",
    "contract_eth_value -= balances",
    "eth_to_withdraw = balances",
    "tokens_to_withdraw = (balances"
  ],
  "edges": [
    {
      "source": "0",
      "target": "1"
    },
    {
      "source": "0",
      "target": "1"
    },
    {
      "source": "1",
      "target": "2"
    },
    {
      "source": "2",
      "target": "3"
    },
    {
      "source": "3",
      "target": "4"
    },
    {
      "source": "0",
      "target": "1"
    },
    {
      "source": "1",
      "target": "2"
    },
    {
      "source": "REF_0(uint256)",
      "target": "balances"
    },
    {
      "source": "2",
      "target": "3"
    },
    {
      "source": "2",
      "target": "4"
    },
    {
      "source": "4",
      "target": "5"
    },
    {
      "source": "5",
      "target": "6"
    },
    {
      "source": "5",
      "target": "9"
    },
    {
      "source": "REF_1(uint256)",
      "target": "balances"
    },
    {
      "source": "6",
      "target": "7"
    },
    {
      "source": "REF_2(uint256)",
      "target": "balances"
    },
    {
      "source": "REF_2(uint256) (",
      "target": "balances) := 0(uint256)\"]"
    },
    {
      "source": "7",
      "target": "8"
    },
    {
      "source": "8",
      "target": "15"
    },
    {
      "source": "9",
      "target": "10"
    },
    {
      "source": "10",
      "target": "11"
    },
    {
      "source": "REF_5(uint256)",
      "target": "balances"
    },
    {
      "source": "11",
      "target": "12"
    },
    {
      "source": "REF_6(uint256)",
      "target": "balances"
    },
    {
      "source": "12",
      "target": "13"
    },
    {
      "source": "REF_7(uint256)",
      "target": "balances"
    },
    {
      "source": "REF_7(uint256) (",
      "target": "balances) := 0(uint256)\"]"
    },
    {
      "source": "13",
      "target": "14"
    },
    {
      "source": "14",
      "target": "15"
    },
    {
      "source": "0",
      "target": "1"
    },
    {
      "source": "1",
      "target": "2"
    },
    {
      "source": "2",
      "target": "3"
    },
    {
      "source": "3",
      "target": "4"
    },
    {
      "source": "REF_13(uint256)",
      "target": "balances"
    },
    {
      "source": "REF_13(",
      "target": "balances) = REF_13 + msg.value\"]"
    },
    {
      "source": "0",
      "target": "1"
    },
    {
      "source": "1",
      "target": "2"
    },
    {
      "source": "1",
      "target": "3"
    },
    {
      "source": "3",
      "target": "4"
    },
    {
      "source": "4",
      "target": "5"
    },
    {
      "source": "4",
      "target": "6"
    },
    {
      "source": "6",
      "target": "7"
    },
    {
      "source": "7",
      "target": "8"
    },
    {
      "source": "8",
      "target": "9"
    },
    {
      "source": "9",
      "target": "10"
    },
    {
      "source": "0",
      "target": "1"
    },
    {
      "source": "1",
      "target": "2"
    }
  ]
}