{
  "nodes": [
    "(flag,data) = msg.sender.call.value(userBalance",
    "0",
    "1",
    "2",
    "3",
    "4",
    "5",
    "6",
    "7",
    "REF_0(uint256)",
    "REF_1(",
    "REF_1(uint256)",
    "REF_4(uint256)",
    "REF_5(uint256)",
    "REF_5(uint256) (",
    "TUPLE_0(bool,bytes) = LOW_LEVEL_CALL, dest:msg.sender, function:call, arguments:",
    "userBalance",
    "userBalance) := 0(uint256)\"]",
    "userBalance) = REF_1 + msg.value\"]"
  ],
  "edges": [
    {
      "source": "0",
      "target": "1"
    },
    {
      "source": "1",
      "target": "2"
    },
    {
      "source": "2",
      "target": "3"
    },
    {
      "source": "REF_4(uint256)",
      "target": "userBalance"
    },
    {
      "source": "3",
      "target": "4"
    },
    {
      "source": "4",
      "target": "5"
    },
    {
      "source": "4",
      "target": "6"
    },
    {
      "source": "5",
      "target": "6"
    },
    {
      "source": "6",
      "target": "7"
    },
    {
      "source": "REF_5(uint256)",
      "target": "userBalance"
    },
    {
      "source": "REF_5(uint256) (",
      "target": "userBalance) := 0(uint256)\"]"
    },
    {
      "source": "0",
      "target": "1"
    },
    {
      "source": "REF_0(uint256)",
      "target": "userBalance"
    },
    {
      "source": "0",
      "target": "1"
    },
    {
      "source": "REF_1(uint256)",
      "target": "userBalance"
    },
    {
      "source": "REF_1(",
      "target": "userBalance) = REF_1 + msg.value\"]"
    }
  ]
}