{
  "nodes": [
    "0",
    "1",
    "10",
    "2",
    "3",
    "4",
    "5",
    "6",
    "7",
    "8",
    "9",
    "REF_0(uint256)",
    "REF_0(uint256) (",
    "REF_1(uint256)",
    "REF_10",
    "REF_10(mapping(address => uint256))",
    "REF_11(uint256)",
    "REF_12(uint256)",
    "REF_13(uint256)",
    "REF_14(uint256)",
    "REF_15(uint256)",
    "REF_15(uint256) (",
    "REF_17(uint256)",
    "REF_18(uint256)",
    "REF_18(uint256) (",
    "REF_2(uint256)",
    "REF_20(uint256)",
    "REF_21",
    "REF_21(mapping(address => uint256))",
    "REF_22(uint256)",
    "REF_22(uint256) (",
    "REF_24",
    "REF_24(mapping(address => uint256))",
    "REF_25(uint256)",
    "REF_26",
    "REF_26(mapping(address => uint256))",
    "REF_27(uint256)",
    "REF_28",
    "REF_28(mapping(address => uint256))",
    "REF_29(uint256)",
    "REF_29(uint256) (",
    "REF_3(uint256)",
    "REF_30",
    "REF_30(mapping(address => uint256))",
    "REF_31(uint256)",
    "REF_4(uint256)",
    "REF_4(uint256) (",
    "REF_6(uint256)",
    "REF_7(uint256)",
    "REF_7(uint256) (",
    "REF_9(uint256)",
    "allowed",
    "allowed) := TMP_71(uint256)\"]",
    "allowed) := _value(uint256)\"]",
    "balanceOf",
    "balanceOf) := TMP_56(uint256)\"]",
    "balanceOf) := TMP_57(uint256)\"]",
    "balanceOf) := TMP_69(uint256)\"]",
    "balanceOf) := TMP_70(uint256)\"]",
    "balanceOf) := totalSupply(uint256)\"]",
    "require(bool)((_value == 0) || (allowed",
    "require(bool)(allowed",
    "require(bool)(balanceOf"
  ],
  "edges": [
    {
      "source": "0",
      "target": "1"
    },
    {
      "source": "1",
      "target": "2"
    },
    {
      "source": "REF_1(uint256)",
      "target": "balanceOf"
    },
    {
      "source": "2",
      "target": "3"
    },
    {
      "source": "REF_2(uint256)",
      "target": "balanceOf"
    },
    {
      "source": "REF_3(uint256)",
      "target": "balanceOf"
    },
    {
      "source": "3",
      "target": "4"
    },
    {
      "source": "REF_4(uint256)",
      "target": "balanceOf"
    },
    {
      "source": "REF_6(uint256)",
      "target": "balanceOf"
    },
    {
      "source": "REF_4(uint256) (",
      "target": "balanceOf) := TMP_56(uint256)\"]"
    },
    {
      "source": "4",
      "target": "5"
    },
    {
      "source": "REF_7(uint256)",
      "target": "balanceOf"
    },
    {
      "source": "REF_9(uint256)",
      "target": "balanceOf"
    },
    {
      "source": "REF_7(uint256) (",
      "target": "balanceOf) := TMP_57(uint256)\"]"
    },
    {
      "source": "5",
      "target": "6"
    },
    {
      "source": "6",
      "target": "7"
    },
    {
      "source": "0",
      "target": "1"
    },
    {
      "source": "1",
      "target": "2"
    },
    {
      "source": "0",
      "target": "1"
    },
    {
      "source": "1",
      "target": "2"
    },
    {
      "source": "REF_10(mapping(address => uint256))",
      "target": "allowed"
    },
    {
      "source": "REF_11(uint256)",
      "target": "REF_10"
    },
    {
      "source": "2",
      "target": "3"
    },
    {
      "source": "REF_12(uint256)",
      "target": "balanceOf"
    },
    {
      "source": "3",
      "target": "4"
    },
    {
      "source": "REF_13(uint256)",
      "target": "balanceOf"
    },
    {
      "source": "REF_14(uint256)",
      "target": "balanceOf"
    },
    {
      "source": "4",
      "target": "5"
    },
    {
      "source": "REF_15(uint256)",
      "target": "balanceOf"
    },
    {
      "source": "REF_17(uint256)",
      "target": "balanceOf"
    },
    {
      "source": "REF_15(uint256) (",
      "target": "balanceOf) := TMP_69(uint256)\"]"
    },
    {
      "source": "5",
      "target": "6"
    },
    {
      "source": "REF_18(uint256)",
      "target": "balanceOf"
    },
    {
      "source": "REF_20(uint256)",
      "target": "balanceOf"
    },
    {
      "source": "REF_18(uint256) (",
      "target": "balanceOf) := TMP_70(uint256)\"]"
    },
    {
      "source": "6",
      "target": "7"
    },
    {
      "source": "REF_21(mapping(address => uint256))",
      "target": "allowed"
    },
    {
      "source": "REF_22(uint256)",
      "target": "REF_21"
    },
    {
      "source": "REF_24(mapping(address => uint256))",
      "target": "allowed"
    },
    {
      "source": "REF_25(uint256)",
      "target": "REF_24"
    },
    {
      "source": "REF_22(uint256) (",
      "target": "allowed) := TMP_71(uint256)\"]"
    },
    {
      "source": "7",
      "target": "8"
    },
    {
      "source": "8",
      "target": "9"
    },
    {
      "source": "0",
      "target": "1"
    },
    {
      "source": "1",
      "target": "2"
    },
    {
      "source": "2",
      "target": "3"
    },
    {
      "source": "0",
      "target": "1"
    },
    {
      "source": "REF_30(mapping(address => uint256))",
      "target": "allowed"
    },
    {
      "source": "REF_31(uint256)",
      "target": "REF_30"
    },
    {
      "source": "0",
      "target": "1"
    },
    {
      "source": "1",
      "target": "2"
    },
    {
      "source": "2",
      "target": "3"
    },
    {
      "source": "3",
      "target": "4"
    },
    {
      "source": "4",
      "target": "5"
    },
    {
      "source": "REF_0(uint256)",
      "target": "balanceOf"
    },
    {
      "source": "REF_0(uint256) (",
      "target": "balanceOf) := totalSupply(uint256)\"]"
    },
    {
      "source": "0",
      "target": "1"
    },
    {
      "source": "REF_26(mapping(address => uint256))",
      "target": "allowed"
    },
    {
      "source": "REF_27(uint256)",
      "target": "REF_26"
    },
    {
      "source": "1",
      "target": "2"
    },
    {
      "source": "REF_28(mapping(address => uint256))",
      "target": "allowed"
    },
    {
      "source": "REF_29(uint256)",
      "target": "REF_28"
    },
    {
      "source": "REF_29(uint256) (",
      "target": "allowed) := _value(uint256)\"]"
    },
    {
      "source": "2",
      "target": "3"
    },
    {
      "source": "3",
      "target": "4"
    },
    {
      "source": "0",
      "target": "1"
    },
    {
      "source": "1",
      "target": "2"
    },
    {
      "source": "0",
      "target": "1"
    },
    {
      "source": "1",
      "target": "2"
    },
    {
      "source": "2",
      "target": "3"
    },
    {
      "source": "3",
      "target": "4"
    },
    {
      "source": "0",
      "target": "1"
    },
    {
      "source": "1",
      "target": "2"
    },
    {
      "source": "2",
      "target": "3"
    },
    {
      "source": "0",
      "target": "1"
    },
    {
      "source": "0",
      "target": "1"
    },
    {
      "source": "0",
      "target": "1"
    },
    {
      "source": "1",
      "target": "2"
    },
    {
      "source": "2",
      "target": "3"
    },
    {
      "source": "0",
      "target": "1"
    },
    {
      "source": "1",
      "target": "2"
    },
    {
      "source": "2",
      "target": "3"
    },
    {
      "source": "0",
      "target": "1"
    },
    {
      "source": "1",
      "target": "2"
    },
    {
      "source": "2",
      "target": "3"
    },
    {
      "source": "3",
      "target": "4"
    }
  ]
}