{
  "nodes": [
    "0",
    "1",
    "10",
    "11",
    "12",
    "13",
    "14",
    "15",
    "16",
    "17",
    "18",
    "19",
    "2",
    "20",
    "21",
    "3",
    "4",
    "5",
    "6",
    "7",
    "8",
    "9",
    "REF_0(uint256)",
    "REF_0(uint256) (",
    "REF_1(uint256)",
    "REF_10",
    "REF_10(mapping(address => uint256))",
    "REF_11(uint256)",
    "REF_11(uint256) (",
    "REF_12(uint256)",
    "REF_13(uint256)",
    "REF_14(uint256)",
    "REF_15",
    "REF_15(mapping(address => uint256))",
    "REF_16(uint256)",
    "REF_17(uint256)",
    "REF_17(uint256) (",
    "REF_19(uint256)",
    "REF_2(uint256)",
    "REF_20(uint256)",
    "REF_20(uint256) (",
    "REF_22(uint256)",
    "REF_23",
    "REF_23(mapping(address => uint256))",
    "REF_24(uint256)",
    "REF_24(uint256) (",
    "REF_26",
    "REF_26(mapping(address => uint256))",
    "REF_27(uint256)",
    "REF_28(uint256)",
    "REF_29(uint256)",
    "REF_29(uint256) (",
    "REF_3(uint256)",
    "REF_31(uint256)",
    "REF_4(uint256)",
    "REF_4(uint256) (",
    "REF_6(uint256)",
    "REF_7(uint256)",
    "REF_7(uint256) (",
    "REF_9(uint256)",
    "_value > allowance",
    "allowance",
    "allowance) := TMP_67(uint256)\"]",
    "allowance) := _value(uint256)\"]",
    "balanceOf",
    "balanceOf) := TMP_49(uint256)\"]",
    "balanceOf) := TMP_50(uint256)\"]",
    "balanceOf) := TMP_65(uint256)\"]",
    "balanceOf) := TMP_66(uint256)\"]",
    "balanceOf) := TMP_73(uint256)\"]",
    "balanceOf) := totalSupply(uint256)\"]"
  ],
  "edges": [
    {
      "source": "0",
      "target": "1"
    },
    {
      "source": "1",
      "target": "2"
    },
    {
      "source": "2",
      "target": "3"
    },
    {
      "source": "0",
      "target": "1"
    },
    {
      "source": "1",
      "target": "2"
    },
    {
      "source": "0",
      "target": "1"
    },
    {
      "source": "1",
      "target": "2"
    },
    {
      "source": "2",
      "target": "3"
    },
    {
      "source": "3",
      "target": "4"
    },
    {
      "source": "0",
      "target": "1"
    },
    {
      "source": "1",
      "target": "2"
    },
    {
      "source": "1",
      "target": "3"
    },
    {
      "source": "2",
      "target": "3"
    },
    {
      "source": "3",
      "target": "4"
    },
    {
      "source": "4",
      "target": "5"
    },
    {
      "source": "4",
      "target": "6"
    },
    {
      "source": "5",
      "target": "6"
    },
    {
      "source": "6",
      "target": "7"
    },
    {
      "source": "REF_1(uint256)",
      "target": "balanceOf"
    },
    {
      "source": "7",
      "target": "8"
    },
    {
      "source": "7",
      "target": "9"
    },
    {
      "source": "8",
      "target": "9"
    },
    {
      "source": "9",
      "target": "10"
    },
    {
      "source": "REF_2(uint256)",
      "target": "balanceOf"
    },
    {
      "source": "REF_3(uint256)",
      "target": "balanceOf"
    },
    {
      "source": "10",
      "target": "11"
    },
    {
      "source": "10",
      "target": "12"
    },
    {
      "source": "11",
      "target": "12"
    },
    {
      "source": "12",
      "target": "13"
    },
    {
      "source": "REF_4(uint256)",
      "target": "balanceOf"
    },
    {
      "source": "REF_6(uint256)",
      "target": "balanceOf"
    },
    {
      "source": "REF_4(uint256) (",
      "target": "balanceOf) := TMP_49(uint256)\"]"
    },
    {
      "source": "13",
      "target": "14"
    },
    {
      "source": "REF_7(uint256)",
      "target": "balanceOf"
    },
    {
      "source": "REF_9(uint256)",
      "target": "balanceOf"
    },
    {
      "source": "REF_7(uint256) (",
      "target": "balanceOf) := TMP_50(uint256)\"]"
    },
    {
      "source": "14",
      "target": "15"
    },
    {
      "source": "15",
      "target": "16"
    },
    {
      "source": "0",
      "target": "1"
    },
    {
      "source": "1",
      "target": "2"
    },
    {
      "source": "2",
      "target": "3"
    },
    {
      "source": "0",
      "target": "1"
    },
    {
      "source": "1",
      "target": "2"
    },
    {
      "source": "1",
      "target": "3"
    },
    {
      "source": "2",
      "target": "3"
    },
    {
      "source": "3",
      "target": "4"
    },
    {
      "source": "REF_10(mapping(address => uint256))",
      "target": "allowance"
    },
    {
      "source": "REF_11(uint256)",
      "target": "REF_10"
    },
    {
      "source": "REF_11(uint256) (",
      "target": "allowance) := _value(uint256)\"]"
    },
    {
      "source": "4",
      "target": "5"
    },
    {
      "source": "0",
      "target": "1"
    },
    {
      "source": "1",
      "target": "2"
    },
    {
      "source": "1",
      "target": "3"
    },
    {
      "source": "3",
      "target": "4"
    },
    {
      "source": "4",
      "target": "5"
    },
    {
      "source": "5",
      "target": "6"
    },
    {
      "source": "0",
      "target": "1"
    },
    {
      "source": "1",
      "target": "2"
    },
    {
      "source": "2",
      "target": "3"
    },
    {
      "source": "0",
      "target": "1"
    },
    {
      "source": "1",
      "target": "2"
    },
    {
      "source": "2",
      "target": "3"
    },
    {
      "source": "3",
      "target": "4"
    },
    {
      "source": "0",
      "target": "1"
    },
    {
      "source": "1",
      "target": "2"
    },
    {
      "source": "0",
      "target": "1"
    },
    {
      "source": "REF_28(uint256)",
      "target": "balanceOf"
    },
    {
      "source": "1",
      "target": "2"
    },
    {
      "source": "1",
      "target": "3"
    },
    {
      "source": "2",
      "target": "3"
    },
    {
      "source": "3",
      "target": "4"
    },
    {
      "source": "4",
      "target": "5"
    },
    {
      "source": "4",
      "target": "6"
    },
    {
      "source": "5",
      "target": "6"
    },
    {
      "source": "6",
      "target": "7"
    },
    {
      "source": "REF_29(uint256)",
      "target": "balanceOf"
    },
    {
      "source": "REF_31(uint256)",
      "target": "balanceOf"
    },
    {
      "source": "REF_29(uint256) (",
      "target": "balanceOf) := TMP_73(uint256)\"]"
    },
    {
      "source": "7",
      "target": "8"
    },
    {
      "source": "8",
      "target": "9"
    },
    {
      "source": "9",
      "target": "10"
    },
    {
      "source": "0",
      "target": "1"
    },
    {
      "source": "1",
      "target": "2"
    },
    {
      "source": "1",
      "target": "3"
    },
    {
      "source": "3",
      "target": "4"
    },
    {
      "source": "4",
      "target": "5"
    },
    {
      "source": "5",
      "target": "6"
    },
    {
      "source": "0",
      "target": "1"
    },
    {
      "source": "1",
      "target": "2"
    },
    {
      "source": "1",
      "target": "3"
    },
    {
      "source": "2",
      "target": "3"
    },
    {
      "source": "3",
      "target": "4"
    },
    {
      "source": "4",
      "target": "5"
    },
    {
      "source": "4",
      "target": "6"
    },
    {
      "source": "5",
      "target": "6"
    },
    {
      "source": "6",
      "target": "7"
    },
    {
      "source": "REF_12(uint256)",
      "target": "balanceOf"
    },
    {
      "source": "7",
      "target": "8"
    },
    {
      "source": "7",
      "target": "9"
    },
    {
      "source": "8",
      "target": "9"
    },
    {
      "source": "9",
      "target": "10"
    },
    {
      "source": "REF_13(uint256)",
      "target": "balanceOf"
    },
    {
      "source": "REF_14(uint256)",
      "target": "balanceOf"
    },
    {
      "source": "10",
      "target": "11"
    },
    {
      "source": "10",
      "target": "12"
    },
    {
      "source": "11",
      "target": "12"
    },
    {
      "source": "12",
      "target": "13"
    },
    {
      "source": "REF_15(mapping(address => uint256))",
      "target": "allowance"
    },
    {
      "source": "REF_16(uint256)",
      "target": "REF_15"
    },
    {
      "source": "13",
      "target": "14"
    },
    {
      "source": "13",
      "target": "15"
    },
    {
      "source": "14",
      "target": "15"
    },
    {
      "source": "15",
      "target": "16"
    },
    {
      "source": "REF_17(uint256)",
      "target": "balanceOf"
    },
    {
      "source": "REF_19(uint256)",
      "target": "balanceOf"
    },
    {
      "source": "REF_17(uint256) (",
      "target": "balanceOf) := TMP_65(uint256)\"]"
    },
    {
      "source": "16",
      "target": "17"
    },
    {
      "source": "REF_20(uint256)",
      "target": "balanceOf"
    },
    {
      "source": "REF_22(uint256)",
      "target": "balanceOf"
    },
    {
      "source": "REF_20(uint256) (",
      "target": "balanceOf) := TMP_66(uint256)\"]"
    },
    {
      "source": "17",
      "target": "18"
    },
    {
      "source": "REF_23(mapping(address => uint256))",
      "target": "allowance"
    },
    {
      "source": "REF_24(uint256)",
      "target": "REF_23"
    },
    {
      "source": "REF_26(mapping(address => uint256))",
      "target": "allowance"
    },
    {
      "source": "REF_27(uint256)",
      "target": "REF_26"
    },
    {
      "source": "REF_24(uint256) (",
      "target": "allowance) := TMP_67(uint256)\"]"
    },
    {
      "source": "18",
      "target": "19"
    },
    {
      "source": "19",
      "target": "20"
    },
    {
      "source": "0",
      "target": "1"
    },
    {
      "source": "REF_0(uint256)",
      "target": "balanceOf"
    },
    {
      "source": "REF_0(uint256) (",
      "target": "balanceOf) := totalSupply(uint256)\"]"
    }
  ]
}