{
  "nodes": [
    "0",
    "1",
    "2",
    "3",
    "4",
    "5",
    "6",
    "7",
    "REF_0(uint256)",
    "REF_0(uint256) (",
    "REF_1(uint256)",
    "REF_10(",
    "REF_10(uint256)",
    "REF_11",
    "REF_11(mapping(address => uint256))",
    "REF_12(",
    "REF_12(uint256)",
    "REF_2(",
    "REF_2(uint256)",
    "REF_3(",
    "REF_3(uint256)",
    "REF_4",
    "REF_4(mapping(address => uint256))",
    "REF_5(uint256)",
    "REF_5(uint256) (",
    "REF_6(uint256)",
    "REF_7",
    "REF_7(mapping(address => uint256))",
    "REF_8(uint256)",
    "REF_9(",
    "REF_9(uint256)",
    "allowance",
    "allowance) := _value(uint256)\"]",
    "allowance) = REF_12 - _value\"]",
    "balanceOf",
    "balanceOf) := _initialSupply(uint256)\"]",
    "balanceOf) = REF_10 + _value\"]",
    "balanceOf) = REF_2 - _value\"]",
    "balanceOf) = REF_3 + _value\"]",
    "balanceOf) = REF_9 - _value\"]",
    "require(bool)(balanceOf"
  ],
  "edges": [
    {
      "source": "0",
      "target": "1"
    },
    {
      "source": "1",
      "target": "2"
    },
    {
      "source": "2",
      "target": "3"
    },
    {
      "source": "0",
      "target": "1"
    },
    {
      "source": "REF_4(mapping(address => uint256))",
      "target": "allowance"
    },
    {
      "source": "REF_5(uint256)",
      "target": "REF_4"
    },
    {
      "source": "REF_5(uint256) (",
      "target": "allowance) := _value(uint256)\"]"
    },
    {
      "source": "1",
      "target": "2"
    },
    {
      "source": "2",
      "target": "3"
    },
    {
      "source": "0",
      "target": "1"
    },
    {
      "source": "REF_1(uint256)",
      "target": "balanceOf"
    },
    {
      "source": "1",
      "target": "2"
    },
    {
      "source": "REF_2(uint256)",
      "target": "balanceOf"
    },
    {
      "source": "REF_2(",
      "target": "balanceOf) = REF_2 - _value\"]"
    },
    {
      "source": "2",
      "target": "3"
    },
    {
      "source": "REF_3(uint256)",
      "target": "balanceOf"
    },
    {
      "source": "REF_3(",
      "target": "balanceOf) = REF_3 + _value\"]"
    },
    {
      "source": "3",
      "target": "4"
    },
    {
      "source": "4",
      "target": "5"
    },
    {
      "source": "0",
      "target": "1"
    },
    {
      "source": "REF_6(uint256)",
      "target": "balanceOf"
    },
    {
      "source": "REF_7(mapping(address => uint256))",
      "target": "allowance"
    },
    {
      "source": "REF_8(uint256)",
      "target": "REF_7"
    },
    {
      "source": "1",
      "target": "2"
    },
    {
      "source": "REF_9(uint256)",
      "target": "balanceOf"
    },
    {
      "source": "REF_9(",
      "target": "balanceOf) = REF_9 - _value\"]"
    },
    {
      "source": "2",
      "target": "3"
    },
    {
      "source": "REF_10(uint256)",
      "target": "balanceOf"
    },
    {
      "source": "REF_10(",
      "target": "balanceOf) = REF_10 + _value\"]"
    },
    {
      "source": "3",
      "target": "4"
    },
    {
      "source": "REF_11(mapping(address => uint256))",
      "target": "allowance"
    },
    {
      "source": "REF_12(uint256)",
      "target": "REF_11"
    },
    {
      "source": "REF_12(",
      "target": "allowance) = REF_12 - _value\"]"
    },
    {
      "source": "4",
      "target": "5"
    },
    {
      "source": "5",
      "target": "6"
    },
    {
      "source": "0",
      "target": "1"
    },
    {
      "source": "REF_0(uint256)",
      "target": "balanceOf"
    },
    {
      "source": "REF_0(uint256) (",
      "target": "balanceOf) := _initialSupply(uint256)\"]"
    },
    {
      "source": "1",
      "target": "2"
    }
  ]
}