{
  "nodes": [
    "0",
    "1",
    "10",
    "2",
    "3",
    "4",
    "5",
    "6",
    "7",
    "8",
    "9",
    "REF_0(uint256)",
    "REF_0(uint256) (",
    "REF_1(",
    "REF_1(uint256)",
    "REF_10(uint256)",
    "REF_10(uint256) (",
    "REF_11(uint256)",
    "REF_12",
    "REF_12(mapping(address => uint256))",
    "REF_13(uint256)",
    "REF_14(uint256)",
    "REF_2(",
    "REF_2(uint256)",
    "REF_3",
    "REF_3(mapping(address => uint256))",
    "REF_4(uint256)",
    "REF_5",
    "REF_5(mapping(address => uint256))",
    "REF_6(",
    "REF_6(uint256)",
    "REF_7(",
    "REF_7(uint256)",
    "REF_8(",
    "REF_8(uint256)",
    "REF_9",
    "REF_9(mapping(address => uint256))",
    "allowances",
    "allowances) := _tokens(uint256)\"]",
    "allowances) = REF_6 - _tokens\"]",
    "ehrtBalances",
    "ehrtBalances) := totalEHrT(uint256)\"]",
    "ehrtBalances) = REF_1 - _tokens\"]",
    "ehrtBalances) = REF_2 + _tokens\"]",
    "ehrtBalances) = REF_7 - _tokens\"]",
    "ehrtBalances) = REF_8 + _tokens\"]",
    "require(bool,string)(allowances",
    "require(bool,string)(ehrtBalances"
  ],
  "edges": [
    {
      "source": "0",
      "target": "10"
    },
    {
      "source": "REF_3(mapping(address => uint256))",
      "target": "allowances"
    },
    {
      "source": "REF_4(uint256)",
      "target": "REF_3"
    },
    {
      "source": "1",
      "target": "2"
    },
    {
      "source": "REF_5(mapping(address => uint256))",
      "target": "allowances"
    },
    {
      "source": "REF_6(uint256)",
      "target": "REF_5"
    },
    {
      "source": "REF_6(",
      "target": "allowances) = REF_6 - _tokens\"]"
    },
    {
      "source": "2",
      "target": "3"
    },
    {
      "source": "REF_7(uint256)",
      "target": "ehrtBalances"
    },
    {
      "source": "REF_7(",
      "target": "ehrtBalances) = REF_7 - _tokens\"]"
    },
    {
      "source": "3",
      "target": "4"
    },
    {
      "source": "4",
      "target": "5"
    },
    {
      "source": "4",
      "target": "6"
    },
    {
      "source": "REF_8(uint256)",
      "target": "ehrtBalances"
    },
    {
      "source": "REF_8(",
      "target": "ehrtBalances) = REF_8 + _tokens\"]"
    },
    {
      "source": "5",
      "target": "7"
    },
    {
      "source": "6",
      "target": "7"
    },
    {
      "source": "7",
      "target": "8"
    },
    {
      "source": "8",
      "target": "9"
    },
    {
      "source": "10",
      "target": "1"
    },
    {
      "source": "0",
      "target": "1"
    },
    {
      "source": "0",
      "target": "1"
    },
    {
      "source": "REF_12(mapping(address => uint256))",
      "target": "allowances"
    },
    {
      "source": "REF_13(uint256)",
      "target": "REF_12"
    },
    {
      "source": "0",
      "target": "1"
    },
    {
      "source": "0",
      "target": "1"
    },
    {
      "source": "REF_0(uint256)",
      "target": "ehrtBalances"
    },
    {
      "source": "REF_0(uint256) (",
      "target": "ehrtBalances) := totalEHrT(uint256)\"]"
    },
    {
      "source": "0",
      "target": "1"
    },
    {
      "source": "REF_11(uint256)",
      "target": "ehrtBalances"
    },
    {
      "source": "0",
      "target": "1"
    },
    {
      "source": "REF_9(mapping(address => uint256))",
      "target": "allowances"
    },
    {
      "source": "REF_10(uint256)",
      "target": "REF_9"
    },
    {
      "source": "REF_10(uint256) (",
      "target": "allowances) := _tokens(uint256)\"]"
    },
    {
      "source": "1",
      "target": "2"
    },
    {
      "source": "2",
      "target": "3"
    },
    {
      "source": "0",
      "target": "1"
    },
    {
      "source": "0",
      "target": "8"
    },
    {
      "source": "REF_1(uint256)",
      "target": "ehrtBalances"
    },
    {
      "source": "REF_1(",
      "target": "ehrtBalances) = REF_1 - _tokens\"]"
    },
    {
      "source": "1",
      "target": "2"
    },
    {
      "source": "2",
      "target": "3"
    },
    {
      "source": "2",
      "target": "4"
    },
    {
      "source": "REF_2(uint256)",
      "target": "ehrtBalances"
    },
    {
      "source": "REF_2(",
      "target": "ehrtBalances) = REF_2 + _tokens\"]"
    },
    {
      "source": "3",
      "target": "5"
    },
    {
      "source": "4",
      "target": "5"
    },
    {
      "source": "5",
      "target": "6"
    },
    {
      "source": "6",
      "target": "7"
    },
    {
      "source": "8",
      "target": "1"
    },
    {
      "source": "0",
      "target": "1"
    },
    {
      "source": "REF_14(uint256)",
      "target": "ehrtBalances"
    },
    {
      "source": "1",
      "target": "2"
    },
    {
      "source": "0",
      "target": "1"
    }
  ]
}