{
  "nodes": [
    "0",
    "1",
    "2",
    "3",
    "4",
    "5",
    "6",
    "7",
    "8",
    "LENGTH owners",
    "LENGTH tokens",
    "REF_0",
    "REF_1",
    "REF_10(uint256)",
    "REF_10(uint256) (",
    "REF_11(address)",
    "REF_2(uint256)",
    "REF_2(uint256) (",
    "REF_3(address)",
    "REF_4",
    "REF_5",
    "REF_6(uint256)",
    "REF_6(uint256) (",
    "REF_7(address)",
    "REF_8",
    "REF_9",
    "TMP_1(uint256",
    "TMP_11(uint256",
    "TMP_19(uint256) = HIGH_LEVEL_CALL, dest:TMP_18(TokenWithBalance), function:balanceOf, arguments:",
    "TMP_23(uint256) = HIGH_LEVEL_CALL, dest:TMP_22(TokenWithAllowance), function:allowance, arguments:",
    "TMP_6(uint256",
    "allowances",
    "allowances = new uint256",
    "allowances(uint256",
    "allowances) := TMP_13(uint256)\"]",
    "balances",
    "balances = new uint256",
    "balances(uint256",
    "balances) := TMP_3(uint256)\"]",
    "balances) := TMP_8(uint256)\"]",
    "owners",
    "tokens"
  ],
  "edges": [
    {
      "source": "0",
      "target": "1"
    },
    {
      "source": "REF_8",
      "target": "LENGTH tokens"
    },
    {
      "source": "1",
      "target": "4"
    },
    {
      "source": "2",
      "target": "5"
    },
    {
      "source": "3",
      "target": "8"
    },
    {
      "source": "4",
      "target": "2"
    },
    {
      "source": "REF_9",
      "target": "LENGTH tokens"
    },
    {
      "source": "5",
      "target": "6"
    },
    {
      "source": "5",
      "target": "3"
    },
    {
      "source": "REF_10(uint256)",
      "target": "allowances"
    },
    {
      "source": "REF_11(address)",
      "target": "tokens"
    },
    {
      "source": "REF_10(uint256) (",
      "target": "allowances) := TMP_13(uint256)\"]"
    },
    {
      "source": "6",
      "target": "7"
    },
    {
      "source": "7",
      "target": "5"
    },
    {
      "source": "0",
      "target": "1"
    },
    {
      "source": "REF_0",
      "target": "LENGTH tokens"
    },
    {
      "source": "1",
      "target": "4"
    },
    {
      "source": "2",
      "target": "5"
    },
    {
      "source": "3",
      "target": "8"
    },
    {
      "source": "4",
      "target": "2"
    },
    {
      "source": "REF_1",
      "target": "LENGTH tokens"
    },
    {
      "source": "5",
      "target": "6"
    },
    {
      "source": "5",
      "target": "3"
    },
    {
      "source": "REF_2(uint256)",
      "target": "balances"
    },
    {
      "source": "REF_3(address)",
      "target": "tokens"
    },
    {
      "source": "REF_2(uint256) (",
      "target": "balances) := TMP_3(uint256)\"]"
    },
    {
      "source": "6",
      "target": "7"
    },
    {
      "source": "7",
      "target": "5"
    },
    {
      "source": "0",
      "target": "1"
    },
    {
      "source": "1",
      "target": "2"
    },
    {
      "source": "1",
      "target": "3"
    },
    {
      "source": "3",
      "target": "4"
    },
    {
      "source": "0",
      "target": "1"
    },
    {
      "source": "REF_4",
      "target": "LENGTH owners"
    },
    {
      "source": "1",
      "target": "4"
    },
    {
      "source": "2",
      "target": "5"
    },
    {
      "source": "3",
      "target": "8"
    },
    {
      "source": "4",
      "target": "2"
    },
    {
      "source": "REF_5",
      "target": "LENGTH owners"
    },
    {
      "source": "5",
      "target": "6"
    },
    {
      "source": "5",
      "target": "3"
    },
    {
      "source": "REF_6(uint256)",
      "target": "balances"
    },
    {
      "source": "REF_7(address)",
      "target": "owners"
    },
    {
      "source": "REF_6(uint256) (",
      "target": "balances) := TMP_8(uint256)\"]"
    },
    {
      "source": "6",
      "target": "7"
    },
    {
      "source": "7",
      "target": "5"
    },
    {
      "source": "0",
      "target": "1"
    },
    {
      "source": "1",
      "target": "2"
    },
    {
      "source": "1",
      "target": "3"
    },
    {
      "source": "3",
      "target": "4"
    }
  ]
}