{
  "nodes": [
    "0",
    "1",
    "2",
    "3",
    "4",
    "5",
    "6",
    "7",
    "8",
    "REF_0(uint256)",
    "REF_0(uint256) (",
    "REF_1(",
    "REF_1(uint256)",
    "REF_10",
    "REF_10(mapping(address => uint256))",
    "REF_11(",
    "REF_11(uint256)",
    "REF_2(",
    "REF_2(uint256)",
    "REF_3",
    "REF_3(mapping(address => uint256))",
    "REF_4(uint256)",
    "REF_4(uint256) (",
    "REF_5(uint256)",
    "REF_6",
    "REF_6(mapping(address => uint256))",
    "REF_7(uint256)",
    "REF_8(",
    "REF_8(uint256)",
    "REF_9(",
    "REF_9(uint256)",
    "allowance",
    "allowance) := _value(uint256)\"]",
    "allowance) = REF_11 - _value\"]",
    "balanceOf",
    "balanceOf) := _initialSupply(uint256)\"]",
    "balanceOf) = REF_1 - _value\"]",
    "balanceOf) = REF_2 + _value\"]",
    "balanceOf) = REF_8 - _value\"]",
    "balanceOf) = REF_9 + _value\"]",
    "require(bool)(_value <= allowance",
    "require(bool)(_value <= balanceOf"
  ],
  "edges": [
    {
      "source": "0",
      "target": "1"
    },
    {
      "source": "REF_1(uint256)",
      "target": "balanceOf"
    },
    {
      "source": "REF_1(",
      "target": "balanceOf) = REF_1 - _value\"]"
    },
    {
      "source": "1",
      "target": "2"
    },
    {
      "source": "REF_2(uint256)",
      "target": "balanceOf"
    },
    {
      "source": "REF_2(",
      "target": "balanceOf) = REF_2 + _value\"]"
    },
    {
      "source": "2",
      "target": "3"
    },
    {
      "source": "3",
      "target": "4"
    },
    {
      "source": "0",
      "target": "1"
    },
    {
      "source": "REF_3(mapping(address => uint256))",
      "target": "allowance"
    },
    {
      "source": "REF_4(uint256)",
      "target": "REF_3"
    },
    {
      "source": "REF_4(uint256) (",
      "target": "allowance) := _value(uint256)\"]"
    },
    {
      "source": "1",
      "target": "2"
    },
    {
      "source": "2",
      "target": "3"
    },
    {
      "source": "0",
      "target": "1"
    },
    {
      "source": "1",
      "target": "2"
    },
    {
      "source": "0",
      "target": "1"
    },
    {
      "source": "REF_5(uint256)",
      "target": "balanceOf"
    },
    {
      "source": "1",
      "target": "2"
    },
    {
      "source": "REF_6(mapping(address => uint256))",
      "target": "allowance"
    },
    {
      "source": "REF_7(uint256)",
      "target": "REF_6"
    },
    {
      "source": "2",
      "target": "3"
    },
    {
      "source": "REF_8(uint256)",
      "target": "balanceOf"
    },
    {
      "source": "REF_8(",
      "target": "balanceOf) = REF_8 - _value\"]"
    },
    {
      "source": "3",
      "target": "4"
    },
    {
      "source": "REF_9(uint256)",
      "target": "balanceOf"
    },
    {
      "source": "REF_9(",
      "target": "balanceOf) = REF_9 + _value\"]"
    },
    {
      "source": "4",
      "target": "5"
    },
    {
      "source": "REF_10(mapping(address => uint256))",
      "target": "allowance"
    },
    {
      "source": "REF_11(uint256)",
      "target": "REF_10"
    },
    {
      "source": "REF_11(",
      "target": "allowance) = REF_11 - _value\"]"
    },
    {
      "source": "5",
      "target": "6"
    },
    {
      "source": "6",
      "target": "7"
    },
    {
      "source": "0",
      "target": "1"
    },
    {
      "source": "REF_0(uint256)",
      "target": "balanceOf"
    },
    {
      "source": "REF_0(uint256) (",
      "target": "balanceOf) := _initialSupply(uint256)\"]"
    },
    {
      "source": "1",
      "target": "2"
    }
  ]
}