{
  "nodes": [
    "0",
    "1",
    "2",
    "3",
    "4",
    "5",
    "6",
    "REF_0(uint256)",
    "REF_0(uint256) (",
    "REF_1",
    "REF_1(mapping(address => uint256))",
    "REF_10(uint256)",
    "REF_12(uint256)",
    "REF_12(uint256) (",
    "REF_13(uint256)",
    "REF_15(uint256)",
    "REF_15(uint256) (",
    "REF_16(uint256)",
    "REF_18",
    "REF_18(mapping(address => uint256))",
    "REF_19(uint256)",
    "REF_19(uint256) (",
    "REF_2(uint256)",
    "REF_3",
    "REF_3(mapping(address => uint256))",
    "REF_4(uint256)",
    "REF_6",
    "REF_6(mapping(address => uint256))",
    "REF_7(uint256)",
    "REF_9",
    "REF_9(mapping(address => uint256))",
    "TMP_54(uint256) = LIBRARY_CALL, dest:SafeMath, function:SafeMath.sub(uint256,uint256,string), arguments:",
    "TMP_56(uint256) = LIBRARY_CALL, dest:SafeMath, function:SafeMath.add(uint256,uint256), arguments:",
    "TMP_58(uint256) = LIBRARY_CALL, dest:SafeMath, function:SafeMath.sub(uint256,uint256,string), arguments:",
    "TMP_66(uint256) = LIBRARY_CALL, dest:SafeMath, function:SafeMath.sub(uint256,uint256,string), arguments:",
    "TMP_67(uint256) = LIBRARY_CALL, dest:SafeMath, function:SafeMath.add(uint256,uint256), arguments:",
    "_allowance",
    "_allowance) := amount(uint256)\"]",
    "_approve(msg.sender,spender,_allowance",
    "_approve(sender,msg.sender,_allowance",
    "balanceOf",
    "balanceOf) := TMP_66(uint256)\"]",
    "balanceOf) := TMP_67(uint256)\"]",
    "balanceOf) := totalSupply(uint256)\"]"
  ],
  "edges": [
    {
      "source": "0",
      "target": "1"
    },
    {
      "source": "1",
      "target": "2"
    },
    {
      "source": "2",
      "target": "3"
    },
    {
      "source": "0",
      "target": "2"
    },
    {
      "source": "2",
      "target": "1"
    },
    {
      "source": "0",
      "target": "1"
    },
    {
      "source": "0",
      "target": "1"
    },
    {
      "source": "1",
      "target": "2"
    },
    {
      "source": "0",
      "target": "1"
    },
    {
      "source": "1",
      "target": "2"
    },
    {
      "source": "0",
      "target": "1"
    },
    {
      "source": "1",
      "target": "2"
    },
    {
      "source": "0",
      "target": "1"
    },
    {
      "source": "1",
      "target": "2"
    },
    {
      "source": "2",
      "target": "3"
    },
    {
      "source": "REF_12(uint256)",
      "target": "balanceOf"
    },
    {
      "source": "REF_13(uint256)",
      "target": "balanceOf"
    },
    {
      "source": "REF_12(uint256) (",
      "target": "balanceOf) := TMP_66(uint256)\"]"
    },
    {
      "source": "3",
      "target": "4"
    },
    {
      "source": "REF_15(uint256)",
      "target": "balanceOf"
    },
    {
      "source": "REF_16(uint256)",
      "target": "balanceOf"
    },
    {
      "source": "REF_15(uint256) (",
      "target": "balanceOf) := TMP_67(uint256)\"]"
    },
    {
      "source": "4",
      "target": "5"
    },
    {
      "source": "0",
      "target": "1"
    },
    {
      "source": "1",
      "target": "2"
    },
    {
      "source": "0",
      "target": "1"
    },
    {
      "source": "1",
      "target": "2"
    },
    {
      "source": "2",
      "target": "3"
    },
    {
      "source": "0",
      "target": "2"
    },
    {
      "source": "2",
      "target": "1"
    },
    {
      "source": "0",
      "target": "1"
    },
    {
      "source": "REF_6(mapping(address => uint256))",
      "target": "_allowance"
    },
    {
      "source": "REF_7(uint256)",
      "target": "REF_6"
    },
    {
      "source": "1",
      "target": "2"
    },
    {
      "source": "0",
      "target": "1"
    },
    {
      "source": "1",
      "target": "2"
    },
    {
      "source": "1",
      "target": "3"
    },
    {
      "source": "3",
      "target": "4"
    },
    {
      "source": "4",
      "target": "5"
    },
    {
      "source": "5",
      "target": "6"
    },
    {
      "source": "0",
      "target": "1"
    },
    {
      "source": "0",
      "target": "1"
    },
    {
      "source": "REF_9(mapping(address => uint256))",
      "target": "_allowance"
    },
    {
      "source": "REF_10(uint256)",
      "target": "REF_9"
    },
    {
      "source": "1",
      "target": "2"
    },
    {
      "source": "0",
      "target": "1"
    },
    {
      "source": "REF_1(mapping(address => uint256))",
      "target": "_allowance"
    },
    {
      "source": "REF_2(uint256)",
      "target": "REF_1"
    },
    {
      "source": "0",
      "target": "1"
    },
    {
      "source": "0",
      "target": "1"
    },
    {
      "source": "1",
      "target": "2"
    },
    {
      "source": "2",
      "target": "3"
    },
    {
      "source": "0",
      "target": "2"
    },
    {
      "source": "2",
      "target": "1"
    },
    {
      "source": "0",
      "target": "3"
    },
    {
      "source": "1",
      "target": "2"
    },
    {
      "source": "3",
      "target": "1"
    },
    {
      "source": "0",
      "target": "1"
    },
    {
      "source": "0",
      "target": "1"
    },
    {
      "source": "1",
      "target": "2"
    },
    {
      "source": "0",
      "target": "1"
    },
    {
      "source": "1",
      "target": "2"
    },
    {
      "source": "0",
      "target": "1"
    },
    {
      "source": "1",
      "target": "2"
    },
    {
      "source": "2",
      "target": "3"
    },
    {
      "source": "0",
      "target": "1"
    },
    {
      "source": "1",
      "target": "2"
    },
    {
      "source": "REF_3(mapping(address => uint256))",
      "target": "_allowance"
    },
    {
      "source": "REF_4(uint256)",
      "target": "REF_3"
    },
    {
      "source": "2",
      "target": "3"
    },
    {
      "source": "0",
      "target": "1"
    },
    {
      "source": "0",
      "target": "1"
    },
    {
      "source": "0",
      "target": "1"
    },
    {
      "source": "1",
      "target": "2"
    },
    {
      "source": "2",
      "target": "3"
    },
    {
      "source": "0",
      "target": "1"
    },
    {
      "source": "1",
      "target": "2"
    },
    {
      "source": "2",
      "target": "3"
    },
    {
      "source": "REF_18(mapping(address => uint256))",
      "target": "_allowance"
    },
    {
      "source": "REF_19(uint256)",
      "target": "REF_18"
    },
    {
      "source": "REF_19(uint256) (",
      "target": "_allowance) := amount(uint256)\"]"
    },
    {
      "source": "3",
      "target": "4"
    },
    {
      "source": "0",
      "target": "3"
    },
    {
      "source": "1",
      "target": "2"
    },
    {
      "source": "3",
      "target": "1"
    },
    {
      "source": "0",
      "target": "1"
    },
    {
      "source": "1",
      "target": "2"
    },
    {
      "source": "2",
      "target": "3"
    },
    {
      "source": "REF_0(uint256)",
      "target": "balanceOf"
    },
    {
      "source": "REF_0(uint256) (",
      "target": "balanceOf) := totalSupply(uint256)\"]"
    },
    {
      "source": "3",
      "target": "4"
    },
    {
      "source": "4",
      "target": "5"
    },
    {
      "source": "0",
      "target": "1"
    },
    {
      "source": "0",
      "target": "1"
    },
    {
      "source": "0",
      "target": "1"
    },
    {
      "source": "1",
      "target": "2"
    }
  ]
}