{
  "nodes": [
    "0",
    "1",
    "10",
    "11",
    "12",
    "13",
    "14",
    "15",
    "2",
    "3",
    "4",
    "5",
    "6",
    "7",
    "8",
    "9",
    "LENGTH beneficiaries",
    "REF_0(uint256)",
    "REF_10",
    "REF_11(Beneficiary)",
    "REF_12(Beneficiary)",
    "REF_13(uint256)",
    "REF_13(uint256) (",
    "REF_14",
    "REF_14(",
    "REF_15(uint256)",
    "REF_15(uint256) (",
    "REF_16(uint256)",
    "REF_17",
    "REF_18(uint256)",
    "REF_2",
    "REF_2(uint256) (",
    "REF_20",
    "REF_20(uint256) (",
    "REF_21(Beneficiary)",
    "REF_21(Beneficiary) (",
    "REF_22(uint256)",
    "REF_22(uint256) (",
    "REF_23",
    "REF_24(uint256)",
    "REF_25(uint256)",
    "REF_26",
    "REF_27(Beneficiary)",
    "REF_27(Beneficiary) (",
    "REF_28",
    "REF_29(Beneficiary)",
    "REF_3(Beneficiary)",
    "REF_3(Beneficiary) (",
    "REF_30(Beneficiary)",
    "REF_31(uint256)",
    "REF_31(uint256) (",
    "REF_32",
    "REF_32(",
    "REF_33(uint256)",
    "REF_33(uint256) (",
    "REF_34(uint256)",
    "REF_35",
    "REF_4(uint256)",
    "REF_4(uint256) (",
    "REF_5",
    "REF_6(uint256)",
    "REF_7(uint256)",
    "REF_8",
    "REF_9(Beneficiary)",
    "REF_9(Beneficiary) (",
    "beneficiaries",
    "beneficiaries) := REF_11(Beneficiary)\"]",
    "beneficiaries) := REF_29(Beneficiary)\"]",
    "beneficiaries) := TMP_106(uint256)",
    "beneficiaries) := TMP_158(uint256)",
    "beneficiaries) := beneficiary(Beneficiary)\"]",
    "beneficiaries) = REF_14 - 1\"]",
    "beneficiaries) = REF_32 - 1\"]",
    "beneficiaryIndexByAddress",
    "beneficiaryIndexByAddress) := 0(uint256)\"]",
    "beneficiaryIndexByAddress) := REF_23(uint256)\"]",
    "beneficiaryIndexByAddress) := REF_5(uint256)\"]",
    "beneficiaryIndexByAddress) := TMP_118(uint256)\"]",
    "beneficiaryIndexByAddress) := TMP_170(uint256)\"]",
    "idx = beneficiaryIndexByAddress"
  ],
  "edges": [
    {
      "source": "0",
      "target": "1"
    },
    {
      "source": "0",
      "target": "1"
    },
    {
      "source": "1",
      "target": "2"
    },
    {
      "source": "0",
      "target": "1"
    },
    {
      "source": "1",
      "target": "2"
    },
    {
      "source": "0",
      "target": "1"
    },
    {
      "source": "REF_17",
      "target": "LENGTH beneficiaries"
    },
    {
      "source": "0",
      "target": "1"
    },
    {
      "source": "0",
      "target": "1"
    },
    {
      "source": "1",
      "target": "2"
    },
    {
      "source": "0",
      "target": "1"
    },
    {
      "source": "1",
      "target": "2"
    },
    {
      "source": "0",
      "target": "1"
    },
    {
      "source": "0",
      "target": "1"
    },
    {
      "source": "1",
      "target": "2"
    },
    {
      "source": "2",
      "target": "3"
    },
    {
      "source": "0",
      "target": "1"
    },
    {
      "source": "1",
      "target": "2"
    },
    {
      "source": "0",
      "target": "6"
    },
    {
      "source": "1",
      "target": "2"
    },
    {
      "source": "1",
      "target": "5"
    },
    {
      "source": "2",
      "target": "3"
    },
    {
      "source": "3",
      "target": "4"
    },
    {
      "source": "4",
      "target": "5"
    },
    {
      "source": "6",
      "target": "7"
    },
    {
      "source": "7",
      "target": "1"
    },
    {
      "source": "0",
      "target": "1"
    },
    {
      "source": "1",
      "target": "2"
    },
    {
      "source": "2",
      "target": "3"
    },
    {
      "source": "3",
      "target": "4"
    },
    {
      "source": "0",
      "target": "1"
    },
    {
      "source": "1",
      "target": "2"
    },
    {
      "source": "0",
      "target": "1"
    },
    {
      "source": "1",
      "target": "2"
    },
    {
      "source": "0",
      "target": "6"
    },
    {
      "source": "1",
      "target": "2"
    },
    {
      "source": "1",
      "target": "5"
    },
    {
      "source": "2",
      "target": "3"
    },
    {
      "source": "3",
      "target": "4"
    },
    {
      "source": "4",
      "target": "5"
    },
    {
      "source": "6",
      "target": "7"
    },
    {
      "source": "7",
      "target": "1"
    },
    {
      "source": "0",
      "target": "1"
    },
    {
      "source": "1",
      "target": "2"
    },
    {
      "source": "0",
      "target": "1"
    },
    {
      "source": "0",
      "target": "1"
    },
    {
      "source": "0",
      "target": "3"
    },
    {
      "source": "1",
      "target": "2"
    },
    {
      "source": "3",
      "target": "1"
    },
    {
      "source": "0",
      "target": "1"
    },
    {
      "source": "REF_35",
      "target": "LENGTH beneficiaries"
    },
    {
      "source": "0",
      "target": "1"
    },
    {
      "source": "0",
      "target": "1"
    },
    {
      "source": "1",
      "target": "2"
    },
    {
      "source": "0",
      "target": "1"
    },
    {
      "source": "REF_16(uint256)",
      "target": "beneficiaryIndexByAddress"
    },
    {
      "source": "0",
      "target": "1"
    },
    {
      "source": "0",
      "target": "1"
    },
    {
      "source": "1",
      "target": "2"
    },
    {
      "source": "1",
      "target": "3"
    },
    {
      "source": "2",
      "target": "3"
    },
    {
      "source": "0",
      "target": "1"
    },
    {
      "source": "1",
      "target": "2"
    },
    {
      "source": "0",
      "target": "1"
    },
    {
      "source": "1",
      "target": "2"
    },
    {
      "source": "2",
      "target": "3"
    },
    {
      "source": "0",
      "target": "1"
    },
    {
      "source": "1",
      "target": "2"
    },
    {
      "source": "0",
      "target": "1"
    },
    {
      "source": "1",
      "target": "2"
    },
    {
      "source": "0",
      "target": "6"
    },
    {
      "source": "1",
      "target": "2"
    },
    {
      "source": "1",
      "target": "5"
    },
    {
      "source": "2",
      "target": "3"
    },
    {
      "source": "3",
      "target": "4"
    },
    {
      "source": "4",
      "target": "5"
    },
    {
      "source": "6",
      "target": "7"
    },
    {
      "source": "7",
      "target": "1"
    },
    {
      "source": "0",
      "target": "1"
    },
    {
      "source": "1",
      "target": "2"
    },
    {
      "source": "0",
      "target": "6"
    },
    {
      "source": "1",
      "target": "2"
    },
    {
      "source": "1",
      "target": "5"
    },
    {
      "source": "2",
      "target": "3"
    },
    {
      "source": "3",
      "target": "4"
    },
    {
      "source": "4",
      "target": "5"
    },
    {
      "source": "6",
      "target": "7"
    },
    {
      "source": "7",
      "target": "1"
    },
    {
      "source": "0",
      "target": "14"
    },
    {
      "source": "1",
      "target": "2"
    },
    {
      "source": "REF_6(uint256)",
      "target": "beneficiaryIndexByAddress"
    },
    {
      "source": "2",
      "target": "3"
    },
    {
      "source": "2",
      "target": "4"
    },
    {
      "source": "4",
      "target": "5"
    },
    {
      "source": "REF_7(uint256)",
      "target": "beneficiaryIndexByAddress"
    },
    {
      "source": "5",
      "target": "6"
    },
    {
      "source": "REF_8",
      "target": "LENGTH beneficiaries"
    },
    {
      "source": "6",
      "target": "7"
    },
    {
      "source": "6",
      "target": "9"
    },
    {
      "source": "REF_9(Beneficiary)",
      "target": "beneficiaries"
    },
    {
      "source": "REF_10",
      "target": "LENGTH beneficiaries"
    },
    {
      "source": "REF_11(Beneficiary)",
      "target": "beneficiaries"
    },
    {
      "source": "REF_9(Beneficiary) (",
      "target": "beneficiaries) := REF_11(Beneficiary)\"]"
    },
    {
      "source": "7",
      "target": "8"
    },
    {
      "source": "REF_12(Beneficiary)",
      "target": "beneficiaries"
    },
    {
      "source": "REF_13(uint256)",
      "target": "beneficiaryIndexByAddress"
    },
    {
      "source": "REF_13(uint256) (",
      "target": "beneficiaryIndexByAddress) := TMP_118(uint256)\"]"
    },
    {
      "source": "8",
      "target": "9"
    },
    {
      "source": "9",
      "target": "10"
    },
    {
      "source": "REF_14",
      "target": "LENGTH beneficiaries"
    },
    {
      "source": "REF_14(",
      "target": "beneficiaries) = REF_14 - 1\"]"
    },
    {
      "source": "10",
      "target": "11"
    },
    {
      "source": "REF_15(uint256)",
      "target": "beneficiaryIndexByAddress"
    },
    {
      "source": "REF_15(uint256) (",
      "target": "beneficiaryIndexByAddress) := 0(uint256)\"]"
    },
    {
      "source": "11",
      "target": "12"
    },
    {
      "source": "12",
      "target": "13"
    },
    {
      "source": "14",
      "target": "15"
    },
    {
      "source": "15",
      "target": "1"
    },
    {
      "source": "0",
      "target": "1"
    },
    {
      "source": "1",
      "target": "2"
    },
    {
      "source": "1",
      "target": "3"
    },
    {
      "source": "2",
      "target": "3"
    },
    {
      "source": "0",
      "target": "14"
    },
    {
      "source": "1",
      "target": "2"
    },
    {
      "source": "REF_24(uint256)",
      "target": "beneficiaryIndexByAddress"
    },
    {
      "source": "2",
      "target": "3"
    },
    {
      "source": "2",
      "target": "4"
    },
    {
      "source": "4",
      "target": "5"
    },
    {
      "source": "REF_25(uint256)",
      "target": "beneficiaryIndexByAddress"
    },
    {
      "source": "5",
      "target": "6"
    },
    {
      "source": "REF_26",
      "target": "LENGTH beneficiaries"
    },
    {
      "source": "6",
      "target": "7"
    },
    {
      "source": "6",
      "target": "9"
    },
    {
      "source": "REF_27(Beneficiary)",
      "target": "beneficiaries"
    },
    {
      "source": "REF_28",
      "target": "LENGTH beneficiaries"
    },
    {
      "source": "REF_29(Beneficiary)",
      "target": "beneficiaries"
    },
    {
      "source": "REF_27(Beneficiary) (",
      "target": "beneficiaries) := REF_29(Beneficiary)\"]"
    },
    {
      "source": "7",
      "target": "8"
    },
    {
      "source": "REF_30(Beneficiary)",
      "target": "beneficiaries"
    },
    {
      "source": "REF_31(uint256)",
      "target": "beneficiaryIndexByAddress"
    },
    {
      "source": "REF_31(uint256) (",
      "target": "beneficiaryIndexByAddress) := TMP_170(uint256)\"]"
    },
    {
      "source": "8",
      "target": "9"
    },
    {
      "source": "9",
      "target": "10"
    },
    {
      "source": "REF_32",
      "target": "LENGTH beneficiaries"
    },
    {
      "source": "REF_32(",
      "target": "beneficiaries) = REF_32 - 1\"]"
    },
    {
      "source": "10",
      "target": "11"
    },
    {
      "source": "REF_33(uint256)",
      "target": "beneficiaryIndexByAddress"
    },
    {
      "source": "REF_33(uint256) (",
      "target": "beneficiaryIndexByAddress) := 0(uint256)\"]"
    },
    {
      "source": "11",
      "target": "12"
    },
    {
      "source": "12",
      "target": "13"
    },
    {
      "source": "14",
      "target": "15"
    },
    {
      "source": "15",
      "target": "1"
    },
    {
      "source": "0",
      "target": "1"
    },
    {
      "source": "1",
      "target": "2"
    },
    {
      "source": "1",
      "target": "3"
    },
    {
      "source": "2",
      "target": "3"
    },
    {
      "source": "0",
      "target": "1"
    },
    {
      "source": "1",
      "target": "2"
    },
    {
      "source": "0",
      "target": "1"
    },
    {
      "source": "0",
      "target": "1"
    },
    {
      "source": "1",
      "target": "2"
    },
    {
      "source": "0",
      "target": "1"
    },
    {
      "source": "1",
      "target": "2"
    },
    {
      "source": "0",
      "target": "1"
    },
    {
      "source": "1",
      "target": "2"
    },
    {
      "source": "1",
      "target": "3"
    },
    {
      "source": "2",
      "target": "3"
    },
    {
      "source": "0",
      "target": "1"
    },
    {
      "source": "1",
      "target": "2"
    },
    {
      "source": "2",
      "target": "3"
    },
    {
      "source": "0",
      "target": "1"
    },
    {
      "source": "1",
      "target": "2"
    },
    {
      "source": "2",
      "target": "3"
    },
    {
      "source": "0",
      "target": "1"
    },
    {
      "source": "1",
      "target": "2"
    },
    {
      "source": "0",
      "target": "3"
    },
    {
      "source": "1",
      "target": "2"
    },
    {
      "source": "3",
      "target": "1"
    },
    {
      "source": "0",
      "target": "1"
    },
    {
      "source": "1",
      "target": "2"
    },
    {
      "source": "0",
      "target": "1"
    },
    {
      "source": "1",
      "target": "2"
    },
    {
      "source": "0",
      "target": "1"
    },
    {
      "source": "1",
      "target": "2"
    },
    {
      "source": "2",
      "target": "3"
    },
    {
      "source": "0",
      "target": "1"
    },
    {
      "source": "REF_34(uint256)",
      "target": "beneficiaryIndexByAddress"
    },
    {
      "source": "0",
      "target": "1"
    },
    {
      "source": "1",
      "target": "2"
    },
    {
      "source": "2",
      "target": "3"
    },
    {
      "source": "0",
      "target": "1"
    },
    {
      "source": "1",
      "target": "2"
    },
    {
      "source": "0",
      "target": "1"
    },
    {
      "source": "1",
      "target": "2"
    },
    {
      "source": "0",
      "target": "1"
    },
    {
      "source": "0",
      "target": "1"
    },
    {
      "source": "1",
      "target": "2"
    },
    {
      "source": "0",
      "target": "1"
    },
    {
      "source": "1",
      "target": "2"
    },
    {
      "source": "0",
      "target": "1"
    },
    {
      "source": "1",
      "target": "2"
    },
    {
      "source": "2",
      "target": "3"
    },
    {
      "source": "3",
      "target": "4"
    },
    {
      "source": "0",
      "target": "6"
    },
    {
      "source": "1",
      "target": "2"
    },
    {
      "source": "1",
      "target": "5"
    },
    {
      "source": "2",
      "target": "3"
    },
    {
      "source": "3",
      "target": "4"
    },
    {
      "source": "4",
      "target": "5"
    },
    {
      "source": "6",
      "target": "7"
    },
    {
      "source": "7",
      "target": "1"
    },
    {
      "source": "0",
      "target": "9"
    },
    {
      "source": "1",
      "target": "2"
    },
    {
      "source": "REF_18(uint256)",
      "target": "beneficiaryIndexByAddress"
    },
    {
      "source": "2",
      "target": "3"
    },
    {
      "source": "2",
      "target": "4"
    },
    {
      "source": "4",
      "target": "5"
    },
    {
      "source": "REF_20",
      "target": "LENGTH beneficiaries"
    },
    {
      "source": "REF_20(uint256) (",
      "target": "beneficiaries) := TMP_158(uint256)"
    },
    {
      "source": "REF_21(Beneficiary)",
      "target": "beneficiaries"
    },
    {
      "source": "REF_21(Beneficiary) (",
      "target": "beneficiaries) := beneficiary(Beneficiary)\"]"
    },
    {
      "source": "5",
      "target": "6"
    },
    {
      "source": "REF_22(uint256)",
      "target": "beneficiaryIndexByAddress"
    },
    {
      "source": "REF_23",
      "target": "LENGTH beneficiaries"
    },
    {
      "source": "REF_22(uint256) (",
      "target": "beneficiaryIndexByAddress) := REF_23(uint256)\"]"
    },
    {
      "source": "6",
      "target": "7"
    },
    {
      "source": "7",
      "target": "8"
    },
    {
      "source": "9",
      "target": "10"
    },
    {
      "source": "10",
      "target": "1"
    },
    {
      "source": "0",
      "target": "6"
    },
    {
      "source": "1",
      "target": "2"
    },
    {
      "source": "1",
      "target": "5"
    },
    {
      "source": "2",
      "target": "3"
    },
    {
      "source": "3",
      "target": "4"
    },
    {
      "source": "4",
      "target": "5"
    },
    {
      "source": "6",
      "target": "7"
    },
    {
      "source": "7",
      "target": "1"
    },
    {
      "source": "0",
      "target": "9"
    },
    {
      "source": "1",
      "target": "2"
    },
    {
      "source": "REF_0(uint256)",
      "target": "beneficiaryIndexByAddress"
    },
    {
      "source": "2",
      "target": "3"
    },
    {
      "source": "2",
      "target": "4"
    },
    {
      "source": "4",
      "target": "5"
    },
    {
      "source": "REF_2",
      "target": "LENGTH beneficiaries"
    },
    {
      "source": "REF_2(uint256) (",
      "target": "beneficiaries) := TMP_106(uint256)"
    },
    {
      "source": "REF_3(Beneficiary)",
      "target": "beneficiaries"
    },
    {
      "source": "REF_3(Beneficiary) (",
      "target": "beneficiaries) := beneficiary(Beneficiary)\"]"
    },
    {
      "source": "5",
      "target": "6"
    },
    {
      "source": "REF_4(uint256)",
      "target": "beneficiaryIndexByAddress"
    },
    {
      "source": "REF_5",
      "target": "LENGTH beneficiaries"
    },
    {
      "source": "REF_4(uint256) (",
      "target": "beneficiaryIndexByAddress) := REF_5(uint256)\"]"
    },
    {
      "source": "6",
      "target": "7"
    },
    {
      "source": "7",
      "target": "8"
    },
    {
      "source": "9",
      "target": "10"
    },
    {
      "source": "10",
      "target": "1"
    },
    {
      "source": "0",
      "target": "1"
    },
    {
      "source": "1",
      "target": "2"
    },
    {
      "source": "2",
      "target": "3"
    },
    {
      "source": "3",
      "target": "4"
    },
    {
      "source": "0",
      "target": "1"
    },
    {
      "source": "1",
      "target": "2"
    },
    {
      "source": "2",
      "target": "3"
    },
    {
      "source": "0",
      "target": "1"
    },
    {
      "source": "1",
      "target": "2"
    },
    {
      "source": "2",
      "target": "3"
    },
    {
      "source": "3",
      "target": "4"
    },
    {
      "source": "0",
      "target": "1"
    },
    {
      "source": "1",
      "target": "2"
    },
    {
      "source": "0",
      "target": "1"
    },
    {
      "source": "0",
      "target": "1"
    },
    {
      "source": "1",
      "target": "2"
    },
    {
      "source": "0",
      "target": "1"
    },
    {
      "source": "1",
      "target": "2"
    },
    {
      "source": "0",
      "target": "1"
    },
    {
      "source": "1",
      "target": "2"
    },
    {
      "source": "2",
      "target": "3"
    },
    {
      "source": "0",
      "target": "1"
    },
    {
      "source": "1",
      "target": "2"
    }
  ]
}