{
  "nodes": [
    "0",
    "1",
    "2",
    "3",
    "4",
    "5",
    "6",
    "7",
    "8",
    "REF_0(uint256)",
    "REF_0(uint256) (",
    "REF_1(uint256)",
    "REF_10(uint256)",
    "REF_11(",
    "REF_11(uint256)",
    "REF_2(uint256)",
    "REF_22(uint256)",
    "REF_23(",
    "REF_23(uint256)",
    "REF_24(uint256)",
    "REF_25(uint256)",
    "REF_26(uint256)",
    "REF_27(bool)",
    "REF_28(bool)",
    "REF_29(",
    "REF_29(uint256)",
    "REF_3(uint256)",
    "REF_30(",
    "REF_30(uint256)",
    "REF_31(bool)",
    "REF_31(bool) (",
    "REF_32(uint256)",
    "REF_33(uint256)",
    "REF_34(uint256)",
    "REF_35(",
    "REF_35(uint256)",
    "REF_36(",
    "REF_36(uint256)",
    "REF_37(uint256)",
    "REF_38(uint256)",
    "REF_39(uint256)",
    "REF_4(uint256)",
    "REF_40(",
    "REF_40(uint256)",
    "REF_41(",
    "REF_41(uint256)",
    "REF_42(bool)",
    "REF_5(uint256)",
    "REF_6(",
    "REF_6(uint256)",
    "REF_7(",
    "REF_7(uint256)",
    "REF_8(uint256)",
    "REF_9(uint256)",
    "assert(bool)(balanceOf",
    "balanceOf",
    "balanceOf) := totalSupply(uint256)\"]",
    "balanceOf) = REF_11 - _value\"]",
    "balanceOf) = REF_23 - _value\"]",
    "balanceOf) = REF_29 - _value\"]",
    "balanceOf) = REF_30 + _value\"]",
    "balanceOf) = REF_35 - _value\"]",
    "balanceOf) = REF_41 + _value\"]",
    "balanceOf) = REF_6 - _value\"]",
    "balanceOf) = REF_7 + _value\"]",
    "frozenAccount",
    "frozenAccount) := freeze(bool)\"]",
    "frozenOf",
    "frozenOf) = REF_36 + _value\"]",
    "frozenOf) = REF_40 - _value\"]",
    "previousBalances = balanceOf",
    "require(bool)(! frozenAccount",
    "require(bool)(balanceOf",
    "require(bool)(frozenOf"
  ],
  "edges": [
    {
      "source": "0",
      "target": "1"
    },
    {
      "source": "1",
      "target": "2"
    },
    {
      "source": "0",
      "target": "1"
    },
    {
      "source": "1",
      "target": "2"
    },
    {
      "source": "REF_42(bool)",
      "target": "frozenAccount"
    },
    {
      "source": "2",
      "target": "3"
    },
    {
      "source": "0",
      "target": "6"
    },
    {
      "source": "REF_37(uint256)",
      "target": "frozenOf"
    },
    {
      "source": "1",
      "target": "2"
    },
    {
      "source": "REF_38(uint256)",
      "target": "balanceOf"
    },
    {
      "source": "REF_39(uint256)",
      "target": "balanceOf"
    },
    {
      "source": "2",
      "target": "3"
    },
    {
      "source": "REF_40(uint256)",
      "target": "frozenOf"
    },
    {
      "source": "REF_40(",
      "target": "frozenOf) = REF_40 - _value\"]"
    },
    {
      "source": "3",
      "target": "4"
    },
    {
      "source": "REF_41(uint256)",
      "target": "balanceOf"
    },
    {
      "source": "REF_41(",
      "target": "balanceOf) = REF_41 + _value\"]"
    },
    {
      "source": "4",
      "target": "5"
    },
    {
      "source": "6",
      "target": "7"
    },
    {
      "source": "7",
      "target": "1"
    },
    {
      "source": "0",
      "target": "1"
    },
    {
      "source": "0",
      "target": "1"
    },
    {
      "source": "1",
      "target": "2"
    },
    {
      "source": "REF_1(uint256)",
      "target": "balanceOf"
    },
    {
      "source": "2",
      "target": "3"
    },
    {
      "source": "REF_2(uint256)",
      "target": "balanceOf"
    },
    {
      "source": "REF_3(uint256)",
      "target": "balanceOf"
    },
    {
      "source": "3",
      "target": "4"
    },
    {
      "source": "REF_4(uint256)",
      "target": "balanceOf"
    },
    {
      "source": "REF_5(uint256)",
      "target": "balanceOf"
    },
    {
      "source": "4",
      "target": "5"
    },
    {
      "source": "REF_6(uint256)",
      "target": "balanceOf"
    },
    {
      "source": "REF_6(",
      "target": "balanceOf) = REF_6 - _value\"]"
    },
    {
      "source": "5",
      "target": "6"
    },
    {
      "source": "REF_7(uint256)",
      "target": "balanceOf"
    },
    {
      "source": "REF_7(",
      "target": "balanceOf) = REF_7 + _value\"]"
    },
    {
      "source": "6",
      "target": "7"
    },
    {
      "source": "7",
      "target": "8"
    },
    {
      "source": "REF_8(uint256)",
      "target": "balanceOf"
    },
    {
      "source": "REF_9(uint256)",
      "target": "balanceOf"
    },
    {
      "source": "0",
      "target": "1"
    },
    {
      "source": "1",
      "target": "2"
    },
    {
      "source": "REF_0(uint256)",
      "target": "balanceOf"
    },
    {
      "source": "REF_0(uint256) (",
      "target": "balanceOf) := totalSupply(uint256)\"]"
    },
    {
      "source": "2",
      "target": "3"
    },
    {
      "source": "3",
      "target": "4"
    },
    {
      "source": "0",
      "target": "3"
    },
    {
      "source": "REF_31(bool)",
      "target": "frozenAccount"
    },
    {
      "source": "REF_31(bool) (",
      "target": "frozenAccount) := freeze(bool)\"]"
    },
    {
      "source": "1",
      "target": "2"
    },
    {
      "source": "3",
      "target": "1"
    },
    {
      "source": "0",
      "target": "1"
    },
    {
      "source": "1",
      "target": "2"
    },
    {
      "source": "0",
      "target": "6"
    },
    {
      "source": "REF_32(uint256)",
      "target": "balanceOf"
    },
    {
      "source": "1",
      "target": "2"
    },
    {
      "source": "REF_33(uint256)",
      "target": "frozenOf"
    },
    {
      "source": "REF_34(uint256)",
      "target": "frozenOf"
    },
    {
      "source": "2",
      "target": "3"
    },
    {
      "source": "REF_35(uint256)",
      "target": "balanceOf"
    },
    {
      "source": "REF_35(",
      "target": "balanceOf) = REF_35 - _value\"]"
    },
    {
      "source": "3",
      "target": "4"
    },
    {
      "source": "REF_36(uint256)",
      "target": "frozenOf"
    },
    {
      "source": "REF_36(",
      "target": "frozenOf) = REF_36 + _value\"]"
    },
    {
      "source": "4",
      "target": "5"
    },
    {
      "source": "6",
      "target": "7"
    },
    {
      "source": "7",
      "target": "1"
    },
    {
      "source": "0",
      "target": "1"
    },
    {
      "source": "1",
      "target": "2"
    },
    {
      "source": "0",
      "target": "1"
    },
    {
      "source": "0",
      "target": "2"
    },
    {
      "source": "2",
      "target": "1"
    },
    {
      "source": "0",
      "target": "1"
    },
    {
      "source": "REF_22(uint256)",
      "target": "balanceOf"
    },
    {
      "source": "1",
      "target": "2"
    },
    {
      "source": "REF_23(uint256)",
      "target": "balanceOf"
    },
    {
      "source": "REF_23(",
      "target": "balanceOf) = REF_23 - _value\"]"
    },
    {
      "source": "2",
      "target": "3"
    },
    {
      "source": "3",
      "target": "4"
    },
    {
      "source": "4",
      "target": "5"
    },
    {
      "source": "0",
      "target": "1"
    },
    {
      "source": "REF_10(uint256)",
      "target": "balanceOf"
    },
    {
      "source": "1",
      "target": "2"
    },
    {
      "source": "REF_11(uint256)",
      "target": "balanceOf"
    },
    {
      "source": "REF_11(",
      "target": "balanceOf) = REF_11 - _value\"]"
    },
    {
      "source": "2",
      "target": "3"
    },
    {
      "source": "3",
      "target": "4"
    },
    {
      "source": "4",
      "target": "5"
    },
    {
      "source": "0",
      "target": "1"
    },
    {
      "source": "1",
      "target": "2"
    },
    {
      "source": "REF_24(uint256)",
      "target": "balanceOf"
    },
    {
      "source": "2",
      "target": "3"
    },
    {
      "source": "REF_25(uint256)",
      "target": "balanceOf"
    },
    {
      "source": "REF_26(uint256)",
      "target": "balanceOf"
    },
    {
      "source": "3",
      "target": "4"
    },
    {
      "source": "REF_27(bool)",
      "target": "frozenAccount"
    },
    {
      "source": "4",
      "target": "5"
    },
    {
      "source": "REF_28(bool)",
      "target": "frozenAccount"
    },
    {
      "source": "5",
      "target": "6"
    },
    {
      "source": "REF_29(uint256)",
      "target": "balanceOf"
    },
    {
      "source": "REF_29(",
      "target": "balanceOf) = REF_29 - _value\"]"
    },
    {
      "source": "6",
      "target": "7"
    },
    {
      "source": "REF_30(uint256)",
      "target": "balanceOf"
    },
    {
      "source": "REF_30(",
      "target": "balanceOf) = REF_30 + _value\"]"
    },
    {
      "source": "7",
      "target": "8"
    },
    {
      "source": "0",
      "target": "2"
    },
    {
      "source": "2",
      "target": "1"
    },
    {
      "source": "0",
      "target": "1"
    },
    {
      "source": "1",
      "target": "2"
    },
    {
      "source": "0",
      "target": "1"
    },
    {
      "source": "1",
      "target": "2"
    }
  ]
}