{
  "nodes": [
    "0",
    "1",
    "10",
    "11",
    "12",
    "13",
    "14",
    "15",
    "16",
    "17",
    "18",
    "19",
    "2",
    "20",
    "21",
    "22",
    "3",
    "4",
    "5",
    "6",
    "7",
    "8",
    "9",
    "REF_0(uint256)",
    "REF_0(uint256) (",
    "REF_1(bool)",
    "REF_1(bool) (",
    "REF_11",
    "REF_11(mapping(address => uint256))",
    "REF_12(uint256)",
    "REF_12(uint256) (",
    "REF_13",
    "REF_13(mapping(address => uint256))",
    "REF_14(uint256)",
    "REF_15(uint256)",
    "REF_16",
    "REF_16(mapping(address => uint256))",
    "REF_17(uint256)",
    "REF_18(uint256)",
    "REF_18(uint256) (",
    "REF_19(uint256)",
    "REF_2(uint256)",
    "REF_2(uint256) (",
    "REF_21",
    "REF_21(mapping(address => uint256))",
    "REF_22(uint256)",
    "REF_22(uint256) (",
    "REF_23",
    "REF_23(mapping(address => uint256))",
    "REF_24(uint256)",
    "REF_26(uint256)",
    "REF_26(uint256) (",
    "REF_27(uint256)",
    "REF_29(",
    "REF_29(uint256)",
    "REF_3(uint256)",
    "REF_30(address)",
    "REF_31(bool)",
    "REF_32(bool)",
    "REF_32(bool) (",
    "REF_33(bool)",
    "REF_34(uint256)",
    "REF_34(uint256) (",
    "REF_35(address)",
    "REF_36(uint256)",
    "REF_37(",
    "REF_37(uint256)",
    "REF_38(uint256)",
    "REF_39(address)",
    "REF_4(uint256)",
    "REF_40(",
    "REF_40(uint256)",
    "REF_41(address)",
    "REF_42(address)",
    "REF_43(address)",
    "REF_43(address) (",
    "REF_44(address)",
    "REF_45(bool)",
    "REF_46(uint256)",
    "REF_47(uint256)",
    "REF_48(uint256)",
    "REF_48(uint256) (",
    "REF_5(uint256)",
    "REF_5(uint256) (",
    "REF_6(uint256)",
    "REF_8(uint256)",
    "REF_8(uint256) (",
    "REF_9(uint256)",
    "TMP_11(uint256) = LIBRARY_CALL, dest:SafeMath, function:SafeMath.sub(uint256,uint256), arguments:",
    "TMP_12(uint256) = LIBRARY_CALL, dest:SafeMath, function:SafeMath.sub(uint256,uint256), arguments:",
    "TMP_13(uint256) = LIBRARY_CALL, dest:SafeMath, function:SafeMath.add(uint256,uint256), arguments:",
    "TMP_3(uint256) = LIBRARY_CALL, dest:SafeMath, function:SafeMath.sub(uint256,uint256), arguments:",
    "TMP_4(uint256) = LIBRARY_CALL, dest:SafeMath, function:SafeMath.add(uint256,uint256), arguments:",
    "Transfer(0x0000000000000000000000000000000000000000,__referredBy",
    "__acceptedReferral",
    "__acceptedReferral) := True(bool)\"]",
    "__level",
    "__level) := 0(uint256)\"]",
    "__level) := TMP_27(uint256)\"]",
    "__referredBy",
    "__referredBy) := msg.sender(address)\"]",
    "accountBalance = balances",
    "allowed",
    "allowed) := TMP_12(uint256)\"]",
    "allowed) := numTokens(uint256)\"]",
    "balances",
    "balances) := TMP_11(uint256)\"]",
    "balances) := TMP_13(uint256)\"]",
    "balances) := TMP_3(uint256)\"]",
    "balances) := TMP_4(uint256)\"]",
    "balances) := TMP_45(uint256)\"]",
    "balances) := totalSupply_(uint256)\"]",
    "balances) = REF_29 + amount\"]",
    "balances) = REF_37 + 5000000000000000000\"]",
    "balances) = REF_40 + 5000000000000000000\"]",
    "require(bool)(__acceptedReferral",
    "require(bool)(__referredBy",
    "require(bool,string)(numTokens <= allowed",
    "require(bool,string)(numTokens <= balances",
    "wallet = __referredBy",
    "walletAccepted(msg.sender,referer,__acceptedReferral"
  ],
  "edges": [
    {
      "source": "0",
      "target": "1"
    },
    {
      "source": "1",
      "target": "2"
    },
    {
      "source": "0",
      "target": "1"
    },
    {
      "source": "REF_45(bool)",
      "target": "__acceptedReferral"
    },
    {
      "source": "0",
      "target": "1"
    },
    {
      "source": "1",
      "target": "2"
    },
    {
      "source": "2",
      "target": "3"
    },
    {
      "source": "0",
      "target": "1"
    },
    {
      "source": "REF_4(uint256)",
      "target": "balances"
    },
    {
      "source": "1",
      "target": "2"
    },
    {
      "source": "REF_5(uint256)",
      "target": "balances"
    },
    {
      "source": "REF_6(uint256)",
      "target": "balances"
    },
    {
      "source": "REF_5(uint256) (",
      "target": "balances) := TMP_3(uint256)\"]"
    },
    {
      "source": "2",
      "target": "3"
    },
    {
      "source": "REF_8(uint256)",
      "target": "balances"
    },
    {
      "source": "REF_9(uint256)",
      "target": "balances"
    },
    {
      "source": "REF_8(uint256) (",
      "target": "balances) := TMP_4(uint256)\"]"
    },
    {
      "source": "3",
      "target": "4"
    },
    {
      "source": "4",
      "target": "5"
    },
    {
      "source": "0",
      "target": "1"
    },
    {
      "source": "REF_44(address)",
      "target": "__referredBy"
    },
    {
      "source": "0",
      "target": "1"
    },
    {
      "source": "1",
      "target": "2"
    },
    {
      "source": "REF_0(uint256)",
      "target": "__level"
    },
    {
      "source": "REF_0(uint256) (",
      "target": "__level) := 0(uint256)\"]"
    },
    {
      "source": "2",
      "target": "3"
    },
    {
      "source": "REF_1(bool)",
      "target": "__acceptedReferral"
    },
    {
      "source": "REF_1(bool) (",
      "target": "__acceptedReferral) := True(bool)\"]"
    },
    {
      "source": "3",
      "target": "4"
    },
    {
      "source": "4",
      "target": "5"
    },
    {
      "source": "5",
      "target": "6"
    },
    {
      "source": "REF_2(uint256)",
      "target": "balances"
    },
    {
      "source": "REF_2(uint256) (",
      "target": "balances) := totalSupply_(uint256)\"]"
    },
    {
      "source": "0",
      "target": "1"
    },
    {
      "source": "REF_15(uint256)",
      "target": "balances"
    },
    {
      "source": "1",
      "target": "2"
    },
    {
      "source": "REF_16(mapping(address => uint256))",
      "target": "allowed"
    },
    {
      "source": "REF_17(uint256)",
      "target": "REF_16"
    },
    {
      "source": "2",
      "target": "3"
    },
    {
      "source": "REF_18(uint256)",
      "target": "balances"
    },
    {
      "source": "REF_19(uint256)",
      "target": "balances"
    },
    {
      "source": "REF_18(uint256) (",
      "target": "balances) := TMP_11(uint256)\"]"
    },
    {
      "source": "3",
      "target": "4"
    },
    {
      "source": "REF_21(mapping(address => uint256))",
      "target": "allowed"
    },
    {
      "source": "REF_22(uint256)",
      "target": "REF_21"
    },
    {
      "source": "REF_23(mapping(address => uint256))",
      "target": "allowed"
    },
    {
      "source": "REF_24(uint256)",
      "target": "REF_23"
    },
    {
      "source": "REF_22(uint256) (",
      "target": "allowed) := TMP_12(uint256)\"]"
    },
    {
      "source": "4",
      "target": "5"
    },
    {
      "source": "REF_26(uint256)",
      "target": "balances"
    },
    {
      "source": "REF_27(uint256)",
      "target": "balances"
    },
    {
      "source": "REF_26(uint256) (",
      "target": "balances) := TMP_13(uint256)\"]"
    },
    {
      "source": "5",
      "target": "6"
    },
    {
      "source": "6",
      "target": "7"
    },
    {
      "source": "0",
      "target": "1"
    },
    {
      "source": "1",
      "target": "2"
    },
    {
      "source": "2",
      "target": "3"
    },
    {
      "source": "REF_43(address)",
      "target": "__referredBy"
    },
    {
      "source": "REF_43(address) (",
      "target": "__referredBy) := msg.sender(address)\"]"
    },
    {
      "source": "3",
      "target": "4"
    },
    {
      "source": "0",
      "target": "1"
    },
    {
      "source": "REF_3(uint256)",
      "target": "balances"
    },
    {
      "source": "0",
      "target": "1"
    },
    {
      "source": "1",
      "target": "2"
    },
    {
      "source": "0",
      "target": "1"
    },
    {
      "source": "0",
      "target": "1"
    },
    {
      "source": "REF_30(address)",
      "target": "__referredBy"
    },
    {
      "source": "1",
      "target": "2"
    },
    {
      "source": "REF_31(bool)",
      "target": "__acceptedReferral"
    },
    {
      "source": "2",
      "target": "3"
    },
    {
      "source": "REF_32(bool)",
      "target": "__acceptedReferral"
    },
    {
      "source": "REF_32(bool) (",
      "target": "__acceptedReferral) := True(bool)\"]"
    },
    {
      "source": "3",
      "target": "4"
    },
    {
      "source": "REF_33(bool)",
      "target": "__acceptedReferral"
    },
    {
      "source": "4",
      "target": "5"
    },
    {
      "source": "REF_34(uint256)",
      "target": "__level"
    },
    {
      "source": "REF_35(address)",
      "target": "__referredBy"
    },
    {
      "source": "REF_36(uint256)",
      "target": "__level"
    },
    {
      "source": "REF_34(uint256) (",
      "target": "__level) := TMP_27(uint256)\"]"
    },
    {
      "source": "5",
      "target": "6"
    },
    {
      "source": "REF_37(uint256)",
      "target": "balances"
    },
    {
      "source": "REF_37(",
      "target": "balances) = REF_37 + 5000000000000000000\"]"
    },
    {
      "source": "6",
      "target": "7"
    },
    {
      "source": "7",
      "target": "8"
    },
    {
      "source": "8",
      "target": "9"
    },
    {
      "source": "9",
      "target": "12"
    },
    {
      "source": "10",
      "target": "13"
    },
    {
      "source": "11",
      "target": "22"
    },
    {
      "source": "12",
      "target": "10"
    },
    {
      "source": "13",
      "target": "14"
    },
    {
      "source": "13",
      "target": "11"
    },
    {
      "source": "REF_38(uint256)",
      "target": "__level"
    },
    {
      "source": "14",
      "target": "15"
    },
    {
      "source": "14",
      "target": "16"
    },
    {
      "source": "REF_39(address)",
      "target": "__referredBy"
    },
    {
      "source": "REF_40(uint256)",
      "target": "balances"
    },
    {
      "source": "REF_40(",
      "target": "balances) = REF_40 + 5000000000000000000\"]"
    },
    {
      "source": "16",
      "target": "17"
    },
    {
      "source": "17",
      "target": "18"
    },
    {
      "source": "REF_41(address)",
      "target": "__referredBy"
    },
    {
      "source": "18",
      "target": "19"
    },
    {
      "source": "REF_42(address)",
      "target": "__referredBy"
    },
    {
      "source": "19",
      "target": "20"
    },
    {
      "source": "20",
      "target": "21"
    },
    {
      "source": "21",
      "target": "13"
    },
    {
      "source": "0",
      "target": "1"
    },
    {
      "source": "1",
      "target": "2"
    },
    {
      "source": "2",
      "target": "3"
    },
    {
      "source": "3",
      "target": "4"
    },
    {
      "source": "REF_29(uint256)",
      "target": "balances"
    },
    {
      "source": "REF_29(",
      "target": "balances) = REF_29 + amount\"]"
    },
    {
      "source": "4",
      "target": "5"
    },
    {
      "source": "0",
      "target": "1"
    },
    {
      "source": "1",
      "target": "2"
    },
    {
      "source": "2",
      "target": "3"
    },
    {
      "source": "REF_47(uint256)",
      "target": "balances"
    },
    {
      "source": "3",
      "target": "4"
    },
    {
      "source": "4",
      "target": "5"
    },
    {
      "source": "REF_48(uint256)",
      "target": "balances"
    },
    {
      "source": "REF_48(uint256) (",
      "target": "balances) := TMP_45(uint256)\"]"
    },
    {
      "source": "5",
      "target": "6"
    },
    {
      "source": "6",
      "target": "7"
    },
    {
      "source": "0",
      "target": "1"
    },
    {
      "source": "REF_46(uint256)",
      "target": "__level"
    },
    {
      "source": "0",
      "target": "1"
    },
    {
      "source": "REF_11(mapping(address => uint256))",
      "target": "allowed"
    },
    {
      "source": "REF_12(uint256)",
      "target": "REF_11"
    },
    {
      "source": "REF_12(uint256) (",
      "target": "allowed) := numTokens(uint256)\"]"
    },
    {
      "source": "1",
      "target": "2"
    },
    {
      "source": "2",
      "target": "3"
    },
    {
      "source": "0",
      "target": "1"
    },
    {
      "source": "REF_13(mapping(address => uint256))",
      "target": "allowed"
    },
    {
      "source": "REF_14(uint256)",
      "target": "REF_13"
    }
  ]
}