{
  "nodes": [
    "0",
    "1",
    "10",
    "11",
    "2",
    "3",
    "4",
    "5",
    "6",
    "7",
    "8",
    "9",
    "REF_0(uint256)",
    "REF_0(uint256) (",
    "REF_1(bool)",
    "REF_10(uint256)",
    "REF_10(uint256) (",
    "REF_12(uint256)",
    "REF_13(uint256)",
    "REF_14(uint256)",
    "REF_15",
    "REF_15(mapping(address => uint256))",
    "REF_16(uint256)",
    "REF_17",
    "REF_17(mapping(address => uint256))",
    "REF_18(uint256)",
    "REF_18(uint256) (",
    "REF_19(uint256)",
    "REF_2(uint256)",
    "REF_20(uint256)",
    "REF_21(uint256)",
    "REF_22",
    "REF_22(mapping(address => uint256))",
    "REF_23(uint256)",
    "REF_24(uint256)",
    "REF_24(uint256) (",
    "REF_26(uint256)",
    "REF_27(uint256)",
    "REF_27(uint256) (",
    "REF_29(uint256)",
    "REF_3(uint256)",
    "REF_30",
    "REF_30(mapping(address => uint256))",
    "REF_31(uint256)",
    "REF_31(uint256) (",
    "REF_33",
    "REF_33(mapping(address => uint256))",
    "REF_34(uint256)",
    "REF_35(uint256)",
    "REF_36(",
    "REF_36(uint256)",
    "REF_37(uint256)",
    "REF_38",
    "REF_38(mapping(address => uint256))",
    "REF_39(uint256)",
    "REF_4(uint256)",
    "REF_40(",
    "REF_40(uint256)",
    "REF_41",
    "REF_41(mapping(address => uint256))",
    "REF_42(",
    "REF_42(uint256)",
    "REF_43(",
    "REF_43(uint256)",
    "REF_44(bool)",
    "REF_44(bool) (",
    "REF_5(uint256)",
    "REF_6(uint256)",
    "REF_7(uint256)",
    "REF_7(uint256) (",
    "REF_9(uint256)",
    "allowance",
    "allowance) := TMP_110(uint256)\"]",
    "allowance) := _value(uint256)\"]",
    "allowance) = REF_42 - _value\"]",
    "assert(bool)(balanceOf",
    "balanceOf",
    "balanceOf) := 600000000000000000000000000(uint256)\"]",
    "balanceOf) := TMP_108(uint256)\"]",
    "balanceOf) := TMP_109(uint256)\"]",
    "balanceOf) := TMP_85(uint256)\"]",
    "balanceOf) := TMP_86(uint256)\"]",
    "balanceOf) = REF_36 - _value\"]",
    "balanceOf) = REF_40 - _value\"]",
    "balanceOf) = REF_43 + mintedAmount\"]",
    "frozenAccount",
    "frozenAccount) := freeze(bool)\"]",
    "previousBalances = balanceOf",
    "require(bool)(! frozenAccount",
    "require(bool)((_value == 0) || (allowance",
    "require(bool)(_value <= allowance",
    "require(bool)(balanceOf"
  ],
  "edges": [
    {
      "source": "0",
      "target": "1"
    },
    {
      "source": "REF_35(uint256)",
      "target": "balanceOf"
    },
    {
      "source": "1",
      "target": "2"
    },
    {
      "source": "REF_36(uint256)",
      "target": "balanceOf"
    },
    {
      "source": "REF_36(",
      "target": "balanceOf) = REF_36 - _value\"]"
    },
    {
      "source": "2",
      "target": "3"
    },
    {
      "source": "3",
      "target": "4"
    },
    {
      "source": "4",
      "target": "5"
    },
    {
      "source": "0",
      "target": "1"
    },
    {
      "source": "1",
      "target": "2"
    },
    {
      "source": "0",
      "target": "5"
    },
    {
      "source": "REF_43(uint256)",
      "target": "balanceOf"
    },
    {
      "source": "REF_43(",
      "target": "balanceOf) = REF_43 + mintedAmount\"]"
    },
    {
      "source": "1",
      "target": "2"
    },
    {
      "source": "2",
      "target": "3"
    },
    {
      "source": "3",
      "target": "4"
    },
    {
      "source": "5",
      "target": "1"
    },
    {
      "source": "0",
      "target": "3"
    },
    {
      "source": "REF_44(bool)",
      "target": "frozenAccount"
    },
    {
      "source": "REF_44(bool) (",
      "target": "frozenAccount) := freeze(bool)\"]"
    },
    {
      "source": "1",
      "target": "2"
    },
    {
      "source": "3",
      "target": "1"
    },
    {
      "source": "0",
      "target": "1"
    },
    {
      "source": "1",
      "target": "2"
    },
    {
      "source": "2",
      "target": "3"
    },
    {
      "source": "0",
      "target": "1"
    },
    {
      "source": "1",
      "target": "2"
    },
    {
      "source": "2",
      "target": "3"
    },
    {
      "source": "3",
      "target": "4"
    },
    {
      "source": "0",
      "target": "1"
    },
    {
      "source": "1",
      "target": "2"
    },
    {
      "source": "2",
      "target": "3"
    },
    {
      "source": "0",
      "target": "1"
    },
    {
      "source": "1",
      "target": "2"
    },
    {
      "source": "2",
      "target": "3"
    },
    {
      "source": "3",
      "target": "4"
    },
    {
      "source": "0",
      "target": "1"
    },
    {
      "source": "0",
      "target": "2"
    },
    {
      "source": "2",
      "target": "1"
    },
    {
      "source": "0",
      "target": "1"
    },
    {
      "source": "1",
      "target": "2"
    },
    {
      "source": "0",
      "target": "1"
    },
    {
      "source": "1",
      "target": "2"
    },
    {
      "source": "2",
      "target": "3"
    },
    {
      "source": "0",
      "target": "3"
    },
    {
      "source": "1",
      "target": "2"
    },
    {
      "source": "3",
      "target": "1"
    },
    {
      "source": "0",
      "target": "1"
    },
    {
      "source": "0",
      "target": "1"
    },
    {
      "source": "1",
      "target": "2"
    },
    {
      "source": "0",
      "target": "3"
    },
    {
      "source": "1",
      "target": "2"
    },
    {
      "source": "3",
      "target": "1"
    },
    {
      "source": "0",
      "target": "1"
    },
    {
      "source": "1",
      "target": "2"
    },
    {
      "source": "2",
      "target": "3"
    },
    {
      "source": "0",
      "target": "1"
    },
    {
      "source": "REF_37(uint256)",
      "target": "balanceOf"
    },
    {
      "source": "1",
      "target": "2"
    },
    {
      "source": "REF_38(mapping(address => uint256))",
      "target": "allowance"
    },
    {
      "source": "REF_39(uint256)",
      "target": "REF_38"
    },
    {
      "source": "2",
      "target": "3"
    },
    {
      "source": "REF_40(uint256)",
      "target": "balanceOf"
    },
    {
      "source": "REF_40(",
      "target": "balanceOf) = REF_40 - _value\"]"
    },
    {
      "source": "3",
      "target": "4"
    },
    {
      "source": "REF_41(mapping(address => uint256))",
      "target": "allowance"
    },
    {
      "source": "REF_42(uint256)",
      "target": "REF_41"
    },
    {
      "source": "REF_42(",
      "target": "allowance) = REF_42 - _value\"]"
    },
    {
      "source": "4",
      "target": "5"
    },
    {
      "source": "5",
      "target": "6"
    },
    {
      "source": "6",
      "target": "7"
    },
    {
      "source": "0",
      "target": "1"
    },
    {
      "source": "1",
      "target": "2"
    },
    {
      "source": "2",
      "target": "3"
    },
    {
      "source": "0",
      "target": "1"
    },
    {
      "source": "REF_15(mapping(address => uint256))",
      "target": "allowance"
    },
    {
      "source": "REF_16(uint256)",
      "target": "REF_15"
    },
    {
      "source": "1",
      "target": "2"
    },
    {
      "source": "REF_17(mapping(address => uint256))",
      "target": "allowance"
    },
    {
      "source": "REF_18(uint256)",
      "target": "REF_17"
    },
    {
      "source": "REF_18(uint256) (",
      "target": "allowance) := _value(uint256)\"]"
    },
    {
      "source": "2",
      "target": "3"
    },
    {
      "source": "3",
      "target": "4"
    },
    {
      "source": "0",
      "target": "1"
    },
    {
      "source": "1",
      "target": "2"
    },
    {
      "source": "2",
      "target": "3"
    },
    {
      "source": "REF_19(uint256)",
      "target": "balanceOf"
    },
    {
      "source": "3",
      "target": "4"
    },
    {
      "source": "REF_20(uint256)",
      "target": "balanceOf"
    },
    {
      "source": "REF_21(uint256)",
      "target": "balanceOf"
    },
    {
      "source": "4",
      "target": "5"
    },
    {
      "source": "REF_22(mapping(address => uint256))",
      "target": "allowance"
    },
    {
      "source": "REF_23(uint256)",
      "target": "REF_22"
    },
    {
      "source": "5",
      "target": "6"
    },
    {
      "source": "REF_24(uint256)",
      "target": "balanceOf"
    },
    {
      "source": "REF_26(uint256)",
      "target": "balanceOf"
    },
    {
      "source": "REF_24(uint256) (",
      "target": "balanceOf) := TMP_108(uint256)\"]"
    },
    {
      "source": "6",
      "target": "7"
    },
    {
      "source": "REF_27(uint256)",
      "target": "balanceOf"
    },
    {
      "source": "REF_29(uint256)",
      "target": "balanceOf"
    },
    {
      "source": "REF_27(uint256) (",
      "target": "balanceOf) := TMP_109(uint256)\"]"
    },
    {
      "source": "7",
      "target": "8"
    },
    {
      "source": "REF_30(mapping(address => uint256))",
      "target": "allowance"
    },
    {
      "source": "REF_31(uint256)",
      "target": "REF_30"
    },
    {
      "source": "REF_33(mapping(address => uint256))",
      "target": "allowance"
    },
    {
      "source": "REF_34(uint256)",
      "target": "REF_33"
    },
    {
      "source": "REF_31(uint256) (",
      "target": "allowance) := TMP_110(uint256)\"]"
    },
    {
      "source": "8",
      "target": "9"
    },
    {
      "source": "9",
      "target": "10"
    },
    {
      "source": "0",
      "target": "1"
    },
    {
      "source": "0",
      "target": "1"
    },
    {
      "source": "REF_0(uint256)",
      "target": "balanceOf"
    },
    {
      "source": "REF_0(uint256) (",
      "target": "balanceOf) := 600000000000000000000000000(uint256)\"]"
    },
    {
      "source": "1",
      "target": "2"
    },
    {
      "source": "2",
      "target": "3"
    },
    {
      "source": "3",
      "target": "4"
    },
    {
      "source": "4",
      "target": "5"
    },
    {
      "source": "0",
      "target": "1"
    },
    {
      "source": "1",
      "target": "2"
    },
    {
      "source": "2",
      "target": "3"
    },
    {
      "source": "0",
      "target": "1"
    },
    {
      "source": "REF_1(bool)",
      "target": "frozenAccount"
    },
    {
      "source": "1",
      "target": "2"
    },
    {
      "source": "2",
      "target": "3"
    },
    {
      "source": "3",
      "target": "4"
    },
    {
      "source": "REF_2(uint256)",
      "target": "balanceOf"
    },
    {
      "source": "4",
      "target": "5"
    },
    {
      "source": "REF_3(uint256)",
      "target": "balanceOf"
    },
    {
      "source": "REF_4(uint256)",
      "target": "balanceOf"
    },
    {
      "source": "5",
      "target": "6"
    },
    {
      "source": "REF_5(uint256)",
      "target": "balanceOf"
    },
    {
      "source": "REF_6(uint256)",
      "target": "balanceOf"
    },
    {
      "source": "6",
      "target": "7"
    },
    {
      "source": "REF_7(uint256)",
      "target": "balanceOf"
    },
    {
      "source": "REF_9(uint256)",
      "target": "balanceOf"
    },
    {
      "source": "REF_7(uint256) (",
      "target": "balanceOf) := TMP_85(uint256)\"]"
    },
    {
      "source": "7",
      "target": "8"
    },
    {
      "source": "REF_10(uint256)",
      "target": "balanceOf"
    },
    {
      "source": "REF_12(uint256)",
      "target": "balanceOf"
    },
    {
      "source": "REF_10(uint256) (",
      "target": "balanceOf) := TMP_86(uint256)\"]"
    },
    {
      "source": "8",
      "target": "9"
    },
    {
      "source": "9",
      "target": "10"
    },
    {
      "source": "REF_13(uint256)",
      "target": "balanceOf"
    },
    {
      "source": "REF_14(uint256)",
      "target": "balanceOf"
    },
    {
      "source": "10",
      "target": "11"
    },
    {
      "source": "0",
      "target": "1"
    },
    {
      "source": "1",
      "target": "2"
    },
    {
      "source": "0",
      "target": "1"
    },
    {
      "source": "1",
      "target": "2"
    },
    {
      "source": "0",
      "target": "2"
    },
    {
      "source": "2",
      "target": "1"
    },
    {
      "source": "0",
      "target": "1"
    }
  ]
}