{
  "nodes": [
    "0",
    "1",
    "2",
    "3",
    "4",
    "5",
    "TMP_14(None) = SOLIDITY_CALL require(bool,string)(TMP_13,Message sender is null address",
    "TMP_16(None) = SOLIDITY_CALL require(bool,string)(TMP_15,Amount is strictly positive",
    "TMP_18(None) = SOLIDITY_CALL require(bool,string)(TMP_17,Currency ID is not 0",
    "TMP_20(bool) = HIGH_LEVEL_CALL, dest:TMP_19(IERC20), function:transferFrom, arguments:",
    "TMP_21(None) = SOLIDITY_CALL require(bool,string)(TMP_20,Transfer not successful",
    "TMP_24(None) = SOLIDITY_CALL require(bool,string)(TMP_23,Amount is strictly positive",
    "TMP_26(None) = SOLIDITY_CALL require(bool,string)(TMP_25,Currency ID is not 0",
    "TMP_28(bool) = HIGH_LEVEL_CALL, dest:TMP_27(IERC20), function:approve, arguments:",
    "TMP_29(None) = SOLIDITY_CALL require(bool,string)(TMP_28,Approval not successful",
    "TMP_31(None) = SOLIDITY_CALL require(bool,string)(TMP_30,Amount is strictly positive",
    "TMP_33(None) = SOLIDITY_CALL require(bool,string)(TMP_32,Currency ID is not 0",
    "TMP_35(bool) = HIGH_LEVEL_CALL, dest:TMP_34(IERC20), function:approve, arguments:",
    "TMP_36(None) = SOLIDITY_CALL require(bool,string)(TMP_35,Approval not successful",
    "TMP_38(bool) = HIGH_LEVEL_CALL, dest:TMP_37(IERC20), function:transferFrom, arguments:",
    "TMP_39(None) = SOLIDITY_CALL require(bool,string)(TMP_38,Transfer not successful",
    "require(bool,string)(IERC20(currencyCt).approve(from,amount),Approval not successful",
    "require(bool,string)(IERC20(currencyCt).approve(to,amount),Approval not successful",
    "require(bool,string)(IERC20(currencyCt).transferFrom(from,to,amount),Transfer not successful",
    "require(bool,string)(amount > 0,Amount is strictly positive",
    "require(bool,string)(currencyId == 0,Currency ID is not 0",
    "require(bool,string)(msg.sender != address(0),Message sender is null address"
  ],
  "edges": [
    {
      "source": "0",
      "target": "1"
    },
    {
      "source": "0",
      "target": "1"
    },
    {
      "source": "0",
      "target": "1"
    },
    {
      "source": "1",
      "target": "2"
    },
    {
      "source": "2",
      "target": "3"
    },
    {
      "source": "3",
      "target": "4"
    },
    {
      "source": "4",
      "target": "5"
    },
    {
      "source": "0",
      "target": "1"
    },
    {
      "source": "0",
      "target": "1"
    },
    {
      "source": "0",
      "target": "1"
    },
    {
      "source": "1",
      "target": "2"
    },
    {
      "source": "2",
      "target": "3"
    },
    {
      "source": "3",
      "target": "4"
    },
    {
      "source": "4",
      "target": "5"
    },
    {
      "source": "0",
      "target": "1"
    },
    {
      "source": "0",
      "target": "1"
    },
    {
      "source": "1",
      "target": "2"
    },
    {
      "source": "2",
      "target": "3"
    },
    {
      "source": "0",
      "target": "1"
    },
    {
      "source": "0",
      "target": "1"
    },
    {
      "source": "0",
      "target": "1"
    }
  ]
}