{
  "nodes": [
    "0",
    "1",
    "2",
    "3",
    "4",
    "5",
    "6",
    "REF_0(uint256)",
    "REF_0(uint256) (",
    "REF_1(uint256)",
    "REF_10",
    "REF_10(mapping(address => uint256))",
    "REF_11(uint256)",
    "REF_13(uint256)",
    "REF_13(uint256) (",
    "REF_14(uint256)",
    "REF_16(uint256)",
    "REF_16(uint256) (",
    "REF_17(uint256)",
    "REF_19",
    "REF_19(mapping(address => uint256))",
    "REF_2",
    "REF_2(mapping(address => uint256))",
    "REF_20(uint256)",
    "REF_20(uint256) (",
    "REF_3(uint256)",
    "REF_4",
    "REF_4(mapping(address => uint256))",
    "REF_5(uint256)",
    "REF_7",
    "REF_7(mapping(address => uint256))",
    "REF_8(uint256)",
    "TMP_20(uint256) = LIBRARY_CALL, dest:SafeMath, function:SafeMath.sub(uint256,uint256), arguments:",
    "TMP_22(uint256) = LIBRARY_CALL, dest:SafeMath, function:SafeMath.add(uint256,uint256), arguments:",
    "TMP_24(uint256) = LIBRARY_CALL, dest:SafeMath, function:SafeMath.sub(uint256,uint256), arguments:",
    "TMP_29(uint256) = LIBRARY_CALL, dest:SafeMath, function:SafeMath.sub(uint256,uint256), arguments:",
    "TMP_30(uint256) = LIBRARY_CALL, dest:SafeMath, function:SafeMath.add(uint256,uint256), arguments:",
    "_allowed",
    "_allowed) := value(uint256)\"]",
    "_approve(from,msg.sender,_allowed",
    "_approve(msg.sender,spender,_allowed",
    "_balances",
    "_balances) := TMP_29(uint256)\"]",
    "_balances) := TMP_30(uint256)\"]",
    "_balances) := _totalSupply(uint256)\"]"
  ],
  "edges": [
    {
      "source": "0",
      "target": "1"
    },
    {
      "source": "REF_7(mapping(address => uint256))",
      "target": "_allowed"
    },
    {
      "source": "REF_8(uint256)",
      "target": "REF_7"
    },
    {
      "source": "1",
      "target": "2"
    },
    {
      "source": "0",
      "target": "1"
    },
    {
      "source": "1",
      "target": "2"
    },
    {
      "source": "REF_4(mapping(address => uint256))",
      "target": "_allowed"
    },
    {
      "source": "REF_5(uint256)",
      "target": "REF_4"
    },
    {
      "source": "2",
      "target": "3"
    },
    {
      "source": "0",
      "target": "1"
    },
    {
      "source": "1",
      "target": "2"
    },
    {
      "source": "2",
      "target": "3"
    },
    {
      "source": "0",
      "target": "1"
    },
    {
      "source": "1",
      "target": "2"
    },
    {
      "source": "2",
      "target": "3"
    },
    {
      "source": "0",
      "target": "1"
    },
    {
      "source": "1",
      "target": "2"
    },
    {
      "source": "REF_13(uint256)",
      "target": "_balances"
    },
    {
      "source": "REF_14(uint256)",
      "target": "_balances"
    },
    {
      "source": "REF_13(uint256) (",
      "target": "_balances) := TMP_29(uint256)\"]"
    },
    {
      "source": "2",
      "target": "3"
    },
    {
      "source": "REF_16(uint256)",
      "target": "_balances"
    },
    {
      "source": "REF_17(uint256)",
      "target": "_balances"
    },
    {
      "source": "REF_16(uint256) (",
      "target": "_balances) := TMP_30(uint256)\"]"
    },
    {
      "source": "3",
      "target": "4"
    },
    {
      "source": "0",
      "target": "1"
    },
    {
      "source": "1",
      "target": "2"
    },
    {
      "source": "0",
      "target": "1"
    },
    {
      "source": "1",
      "target": "2"
    },
    {
      "source": "2",
      "target": "3"
    },
    {
      "source": "3",
      "target": "4"
    },
    {
      "source": "REF_0(uint256)",
      "target": "_balances"
    },
    {
      "source": "REF_0(uint256) (",
      "target": "_balances) := _totalSupply(uint256)\"]"
    },
    {
      "source": "0",
      "target": "1"
    },
    {
      "source": "0",
      "target": "1"
    },
    {
      "source": "0",
      "target": "1"
    },
    {
      "source": "0",
      "target": "1"
    },
    {
      "source": "REF_1(uint256)",
      "target": "_balances"
    },
    {
      "source": "0",
      "target": "1"
    },
    {
      "source": "REF_10(mapping(address => uint256))",
      "target": "_allowed"
    },
    {
      "source": "REF_11(uint256)",
      "target": "REF_10"
    },
    {
      "source": "1",
      "target": "2"
    },
    {
      "source": "0",
      "target": "1"
    },
    {
      "source": "1",
      "target": "2"
    },
    {
      "source": "0",
      "target": "1"
    },
    {
      "source": "1",
      "target": "2"
    },
    {
      "source": "2",
      "target": "3"
    },
    {
      "source": "0",
      "target": "1"
    },
    {
      "source": "1",
      "target": "2"
    },
    {
      "source": "0",
      "target": "1"
    },
    {
      "source": "1",
      "target": "2"
    },
    {
      "source": "1",
      "target": "3"
    },
    {
      "source": "3",
      "target": "4"
    },
    {
      "source": "4",
      "target": "5"
    },
    {
      "source": "5",
      "target": "6"
    },
    {
      "source": "0",
      "target": "1"
    },
    {
      "source": "1",
      "target": "2"
    },
    {
      "source": "2",
      "target": "3"
    },
    {
      "source": "REF_19(mapping(address => uint256))",
      "target": "_allowed"
    },
    {
      "source": "REF_20(uint256)",
      "target": "REF_19"
    },
    {
      "source": "REF_20(uint256) (",
      "target": "_allowed) := value(uint256)\"]"
    },
    {
      "source": "3",
      "target": "4"
    },
    {
      "source": "0",
      "target": "1"
    },
    {
      "source": "REF_2(mapping(address => uint256))",
      "target": "_allowed"
    },
    {
      "source": "REF_3(uint256)",
      "target": "REF_2"
    },
    {
      "source": "0",
      "target": "1"
    }
  ]
}