{
  "nodes": [
    "0",
    "1",
    "2",
    "REF_0(uint256)",
    "REF_0(uint256) (",
    "REF_1(uint256)",
    "hashTableValues",
    "hashTableValues) := value(uint256)\"]"
  ],
  "edges": [
    {
      "source": "0",
      "target": "1"
    },
    {
      "source": "REF_1(uint256)",
      "target": "hashTableValues"
    },
    {
      "source": "0",
      "target": "1"
    },
    {
      "source": "REF_0(uint256)",
      "target": "hashTableValues"
    },
    {
      "source": "REF_0(uint256) (",
      "target": "hashTableValues) := value(uint256)\"]"
    }
  ]
}