{
  "nodes": [
    "! recordExists",
    "0",
    "1",
    "2",
    "3",
    "4",
    "5",
    "7",
    "8",
    "REF_0(bytes32)",
    "REF_0(bytes32) (",
    "REF_1(bool)",
    "REF_1(bool) (",
    "REF_2(bool)",
    "REF_4(bytes32)",
    "REF_5(bool)",
    "REF_6(string)",
    "REF_6(string) (",
    "REF_7(string)",
    "TMP_9(bytes32) = HIGH_LEVEL_CALL, dest:parent(Registrar), function:get, arguments:",
    "recordExists",
    "recordExists) := True(bool)\"]",
    "records",
    "records) := value(bytes32)\"]",
    "stringRecords",
    "stringRecords) := value(string)\"]"
  ],
  "edges": [
    {
      "source": "0",
      "target": "1"
    },
    {
      "source": "1",
      "target": "2"
    },
    {
      "source": "REF_5(bool)",
      "target": "recordExists"
    },
    {
      "source": "0",
      "target": "1"
    },
    {
      "source": "0",
      "target": "1"
    },
    {
      "source": "1",
      "target": "2"
    },
    {
      "source": "REF_7(string)",
      "target": "stringRecords"
    },
    {
      "source": "0",
      "target": "2"
    },
    {
      "source": "2",
      "target": "1"
    },
    {
      "source": "0",
      "target": "4"
    },
    {
      "source": "1",
      "target": "2"
    },
    {
      "source": "2",
      "target": "3"
    },
    {
      "source": "REF_6(string)",
      "target": "stringRecords"
    },
    {
      "source": "REF_6(string) (",
      "target": "stringRecords) := value(string)\"]"
    },
    {
      "source": "4",
      "target": "1"
    },
    {
      "source": "0",
      "target": "1"
    },
    {
      "source": "0",
      "target": "1"
    },
    {
      "source": "0",
      "target": "1"
    },
    {
      "source": "1",
      "target": "2"
    },
    {
      "source": "REF_2(bool)",
      "target": "recordExists"
    },
    {
      "source": "2",
      "target": "3"
    },
    {
      "source": "2",
      "target": "7"
    },
    {
      "source": "3",
      "target": "4"
    },
    {
      "source": "3",
      "target": "5"
    },
    {
      "source": "7",
      "target": "8"
    },
    {
      "source": "REF_4(bytes32)",
      "target": "records"
    },
    {
      "source": "0",
      "target": "1"
    },
    {
      "source": "1",
      "target": "2"
    },
    {
      "source": "1",
      "target": "3"
    },
    {
      "source": "3",
      "target": "4"
    },
    {
      "source": "0",
      "target": "4"
    },
    {
      "source": "1",
      "target": "2"
    },
    {
      "source": "REF_0(bytes32)",
      "target": "records"
    },
    {
      "source": "REF_0(bytes32) (",
      "target": "records) := value(bytes32)\"]"
    },
    {
      "source": "2",
      "target": "3"
    },
    {
      "source": "REF_1(bool)",
      "target": "recordExists"
    },
    {
      "source": "REF_1(bool) (",
      "target": "recordExists) := True(bool)\"]"
    },
    {
      "source": "4",
      "target": "1"
    },
    {
      "source": "0",
      "target": "1"
    },
    {
      "source": "0",
      "target": "2"
    },
    {
      "source": "2",
      "target": "1"
    },
    {
      "source": "0",
      "target": "1"
    },
    {
      "source": "0",
      "target": "2"
    },
    {
      "source": "2",
      "target": "1"
    },
    {
      "source": "0",
      "target": "2"
    },
    {
      "source": "2",
      "target": "1"
    },
    {
      "source": "0",
      "target": "2"
    },
    {
      "source": "2",
      "target": "1"
    },
    {
      "source": "0",
      "target": "5"
    },
    {
      "source": "1",
      "target": "2"
    },
    {
      "source": "1",
      "target": "3"
    },
    {
      "source": "2",
      "target": "4"
    },
    {
      "source": "3",
      "target": "4"
    },
    {
      "source": "5",
      "target": "1"
    }
  ]
}