{
  "nodes": [
    "0",
    "1",
    "10",
    "11",
    "2",
    "3",
    "4",
    "5",
    "6",
    "7",
    "8",
    "9",
    "LENGTH _addresses",
    "MultiERC20Transfer(msg.sender,_addresses",
    "MultiTransfer(msg.sender,msg.value,_addresses",
    "REF_0",
    "REF_1(address)",
    "REF_10(address)",
    "REF_11(uint256)",
    "REF_2(uint256)",
    "REF_4(uint256)",
    "REF_5(address)",
    "REF_6(uint256)",
    "REF_7",
    "REF_8(address)",
    "REF_9(uint256)",
    "TMP_17(uint256) = LIBRARY_CALL, dest:SafeMath, function:SafeMath.sub(uint256,uint256), arguments:",
    "TMP_30(bool) = HIGH_LEVEL_CALL, dest:_token(ERC20), function:transferFrom, arguments:",
    "TMP_38(bool) = LOW_LEVEL_CALL, dest:destination, function:call, arguments:",
    "TMP_43(bool) = LOW_LEVEL_CALL, dest:destination, function:call, arguments:",
    "_addresses",
    "_amounts",
    "_safeERC20Transfer(_token,_addresses",
    "_safeTransfer(_addresses",
    "toReturn = SafeMath.sub(toReturn,_amounts"
  ],
  "edges": [
    {
      "source": "0",
      "target": "1"
    },
    {
      "source": "0",
      "target": "1"
    },
    {
      "source": "1",
      "target": "2"
    },
    {
      "source": "2",
      "target": "3"
    },
    {
      "source": "0",
      "target": "1"
    },
    {
      "source": "1",
      "target": "2"
    },
    {
      "source": "2",
      "target": "3"
    },
    {
      "source": "0",
      "target": "3"
    },
    {
      "source": "1",
      "target": "4"
    },
    {
      "source": "3",
      "target": "1"
    },
    {
      "source": "REF_7",
      "target": "LENGTH _addresses"
    },
    {
      "source": "4",
      "target": "5"
    },
    {
      "source": "4",
      "target": "2"
    },
    {
      "source": "REF_8(address)",
      "target": "_addresses"
    },
    {
      "source": "REF_9(uint256)",
      "target": "_amounts"
    },
    {
      "source": "5",
      "target": "6"
    },
    {
      "source": "REF_10(address)",
      "target": "_addresses"
    },
    {
      "source": "REF_11(uint256)",
      "target": "_amounts"
    },
    {
      "source": "6",
      "target": "7"
    },
    {
      "source": "7",
      "target": "4"
    },
    {
      "source": "0",
      "target": "1"
    },
    {
      "source": "0",
      "target": "1"
    },
    {
      "source": "1",
      "target": "2"
    },
    {
      "source": "2",
      "target": "3"
    },
    {
      "source": "0",
      "target": "1"
    },
    {
      "source": "1",
      "target": "2"
    },
    {
      "source": "2",
      "target": "3"
    },
    {
      "source": "0",
      "target": "1"
    },
    {
      "source": "1",
      "target": "2"
    },
    {
      "source": "0",
      "target": "1"
    },
    {
      "source": "1",
      "target": "4"
    },
    {
      "source": "2",
      "target": "5"
    },
    {
      "source": "3",
      "target": "10"
    },
    {
      "source": "4",
      "target": "2"
    },
    {
      "source": "REF_0",
      "target": "LENGTH _addresses"
    },
    {
      "source": "5",
      "target": "6"
    },
    {
      "source": "5",
      "target": "3"
    },
    {
      "source": "REF_1(address)",
      "target": "_addresses"
    },
    {
      "source": "REF_2(uint256)",
      "target": "_amounts"
    },
    {
      "source": "6",
      "target": "7"
    },
    {
      "source": "REF_4(uint256)",
      "target": "_amounts"
    },
    {
      "source": "7",
      "target": "8"
    },
    {
      "source": "REF_5(address)",
      "target": "_addresses"
    },
    {
      "source": "REF_6(uint256)",
      "target": "_amounts"
    },
    {
      "source": "8",
      "target": "9"
    },
    {
      "source": "9",
      "target": "5"
    },
    {
      "source": "10",
      "target": "11"
    },
    {
      "source": "0",
      "target": "1"
    },
    {
      "source": "1",
      "target": "3"
    },
    {
      "source": "3",
      "target": "4"
    },
    {
      "source": "3",
      "target": "5"
    },
    {
      "source": "4",
      "target": "6"
    },
    {
      "source": "5",
      "target": "6"
    },
    {
      "source": "0",
      "target": "1"
    },
    {
      "source": "1",
      "target": "2"
    }
  ]
}