{
  "nodes": [
    "0",
    "1",
    "10",
    "11",
    "12",
    "13",
    "2",
    "3",
    "4",
    "5",
    "6",
    "7",
    "8",
    "9",
    "TUPLE_0(bool,bytes) = LOW_LEVEL_CALL, dest:target, function:call, arguments:",
    "TUPLE_1(bool,bytes) = LOW_LEVEL_CALL, dest:msgSender, function:call, arguments:"
  ],
  "edges": [
    {
      "source": "0",
      "target": "1"
    },
    {
      "source": "1",
      "target": "2"
    },
    {
      "source": "2",
      "target": "3"
    },
    {
      "source": "3",
      "target": "4"
    },
    {
      "source": "4",
      "target": "5"
    },
    {
      "source": "5",
      "target": "6"
    },
    {
      "source": "6",
      "target": "7"
    },
    {
      "source": "7",
      "target": "8"
    },
    {
      "source": "8",
      "target": "9"
    },
    {
      "source": "8",
      "target": "10"
    },
    {
      "source": "9",
      "target": "10"
    },
    {
      "source": "10",
      "target": "11"
    },
    {
      "source": "11",
      "target": "12"
    },
    {
      "source": "12",
      "target": "13"
    }
  ]
}