{
  "nodes": [
    "0",
    "1",
    "2",
    "3",
    "4",
    "5",
    "6",
    "7",
    "8",
    "HIGH_LEVEL_CALL, dest:spender(tokenRecipient), function:receiveApproval, arguments:",
    "REF_0(uint256)",
    "REF_0(uint256) (",
    "REF_1(uint256)",
    "REF_10",
    "REF_10(mapping(address => uint256))",
    "REF_11(uint256)",
    "REF_12",
    "REF_12(mapping(address => uint256))",
    "REF_13(",
    "REF_13(uint256)",
    "REF_14",
    "REF_14(mapping(address => uint256))",
    "REF_15(uint256)",
    "REF_15(uint256) (",
    "REF_17(uint256)",
    "REF_18(",
    "REF_18(uint256)",
    "REF_2(uint256)",
    "REF_3(uint256)",
    "REF_4(uint256)",
    "REF_5(uint256)",
    "REF_6(",
    "REF_6(uint256)",
    "REF_7(",
    "REF_7(uint256)",
    "REF_8(uint256)",
    "REF_9(uint256)",
    "allowance",
    "allowance) := _value(uint256)\"]",
    "allowance) = REF_13 - _value\"]",
    "assert(bool)(balanceOf",
    "balanceOf",
    "balanceOf) := totalSupply(uint256)\"]",
    "balanceOf) = REF_18 - _value\"]",
    "balanceOf) = REF_6 - _value\"]",
    "balanceOf) = REF_7 + _value\"]",
    "previousBalances = balanceOf",
    "require(bool)(_value <= allowance",
    "require(bool)(balanceOf"
  ],
  "edges": [
    {
      "source": "0",
      "target": "2"
    },
    {
      "source": "2",
      "target": "1"
    },
    {
      "source": "0",
      "target": "1"
    },
    {
      "source": "REF_10(mapping(address => uint256))",
      "target": "allowance"
    },
    {
      "source": "REF_11(uint256)",
      "target": "REF_10"
    },
    {
      "source": "1",
      "target": "2"
    },
    {
      "source": "REF_12(mapping(address => uint256))",
      "target": "allowance"
    },
    {
      "source": "REF_13(uint256)",
      "target": "REF_12"
    },
    {
      "source": "REF_13(",
      "target": "allowance) = REF_13 - _value\"]"
    },
    {
      "source": "2",
      "target": "3"
    },
    {
      "source": "3",
      "target": "4"
    },
    {
      "source": "0",
      "target": "1"
    },
    {
      "source": "1",
      "target": "2"
    },
    {
      "source": "0",
      "target": "1"
    },
    {
      "source": "1",
      "target": "2"
    },
    {
      "source": "2",
      "target": "3"
    },
    {
      "source": "3",
      "target": "4"
    },
    {
      "source": "0",
      "target": "1"
    },
    {
      "source": "1",
      "target": "2"
    },
    {
      "source": "0",
      "target": "2"
    },
    {
      "source": "2",
      "target": "1"
    },
    {
      "source": "0",
      "target": "1"
    },
    {
      "source": "0",
      "target": "1"
    },
    {
      "source": "REF_14(mapping(address => uint256))",
      "target": "allowance"
    },
    {
      "source": "REF_15(uint256)",
      "target": "REF_14"
    },
    {
      "source": "REF_15(uint256) (",
      "target": "allowance) := _value(uint256)\"]"
    },
    {
      "source": "1",
      "target": "2"
    },
    {
      "source": "2",
      "target": "3"
    },
    {
      "source": "0",
      "target": "1"
    },
    {
      "source": "REF_17(uint256)",
      "target": "balanceOf"
    },
    {
      "source": "1",
      "target": "2"
    },
    {
      "source": "REF_18(uint256)",
      "target": "balanceOf"
    },
    {
      "source": "REF_18(",
      "target": "balanceOf) = REF_18 - _value\"]"
    },
    {
      "source": "2",
      "target": "3"
    },
    {
      "source": "3",
      "target": "4"
    },
    {
      "source": "4",
      "target": "5"
    },
    {
      "source": "0",
      "target": "1"
    },
    {
      "source": "0",
      "target": "1"
    },
    {
      "source": "1",
      "target": "2"
    },
    {
      "source": "REF_1(uint256)",
      "target": "balanceOf"
    },
    {
      "source": "2",
      "target": "3"
    },
    {
      "source": "REF_2(uint256)",
      "target": "balanceOf"
    },
    {
      "source": "REF_3(uint256)",
      "target": "balanceOf"
    },
    {
      "source": "3",
      "target": "4"
    },
    {
      "source": "REF_4(uint256)",
      "target": "balanceOf"
    },
    {
      "source": "REF_5(uint256)",
      "target": "balanceOf"
    },
    {
      "source": "4",
      "target": "5"
    },
    {
      "source": "REF_6(uint256)",
      "target": "balanceOf"
    },
    {
      "source": "REF_6(",
      "target": "balanceOf) = REF_6 - _value\"]"
    },
    {
      "source": "5",
      "target": "6"
    },
    {
      "source": "REF_7(uint256)",
      "target": "balanceOf"
    },
    {
      "source": "REF_7(",
      "target": "balanceOf) = REF_7 + _value\"]"
    },
    {
      "source": "6",
      "target": "7"
    },
    {
      "source": "7",
      "target": "8"
    },
    {
      "source": "REF_8(uint256)",
      "target": "balanceOf"
    },
    {
      "source": "REF_9(uint256)",
      "target": "balanceOf"
    },
    {
      "source": "0",
      "target": "1"
    },
    {
      "source": "1",
      "target": "2"
    },
    {
      "source": "0",
      "target": "1"
    },
    {
      "source": "1",
      "target": "2"
    },
    {
      "source": "REF_0(uint256)",
      "target": "balanceOf"
    },
    {
      "source": "REF_0(uint256) (",
      "target": "balanceOf) := totalSupply(uint256)\"]"
    },
    {
      "source": "2",
      "target": "3"
    },
    {
      "source": "3",
      "target": "4"
    },
    {
      "source": "0",
      "target": "1"
    },
    {
      "source": "1",
      "target": "2"
    },
    {
      "source": "2",
      "target": "3"
    },
    {
      "source": "3",
      "target": "4"
    },
    {
      "source": "0",
      "target": "1"
    },
    {
      "source": "1",
      "target": "2"
    },
    {
      "source": "2",
      "target": "3"
    },
    {
      "source": "2",
      "target": "5"
    },
    {
      "source": "3",
      "target": "4"
    },
    {
      "source": "5",
      "target": "6"
    }
  ]
}