{
  "nodes": [
    "0",
    "1",
    "10",
    "11",
    "2",
    "3",
    "4",
    "5",
    "6",
    "7",
    "8",
    "9",
    "LENGTH amounts",
    "LENGTH recipients",
    "REF_0",
    "REF_1",
    "REF_10(address)",
    "REF_11",
    "REF_12",
    "REF_13",
    "REF_14",
    "REF_15(address)",
    "REF_17(uint256)",
    "REF_19",
    "REF_2",
    "REF_20",
    "REF_21(address)",
    "REF_23",
    "REF_3",
    "REF_5(address)",
    "REF_6(uint256)",
    "REF_7",
    "REF_8",
    "TMP_13(bool) = HIGH_LEVEL_CALL, dest:token(ERC20), function:transferFrom, arguments:",
    "TMP_6(bool) = HIGH_LEVEL_CALL, dest:token(ERC20), function:transferFrom, arguments:",
    "address(uint160(recipients",
    "amounts",
    "recipients",
    "require(bool)(token.transferFrom(msg.sender,recipients"
  ],
  "edges": [
    {
      "source": "0",
      "target": "1"
    },
    {
      "source": "REF_19",
      "target": "LENGTH recipients"
    },
    {
      "source": "1",
      "target": "4"
    },
    {
      "source": "2",
      "target": "5"
    },
    {
      "source": "3",
      "target": "8"
    },
    {
      "source": "4",
      "target": "2"
    },
    {
      "source": "REF_20",
      "target": "LENGTH recipients"
    },
    {
      "source": "5",
      "target": "6"
    },
    {
      "source": "5",
      "target": "3"
    },
    {
      "source": "REF_21(address)",
      "target": "recipients"
    },
    {
      "source": "REF_23",
      "target": "LENGTH recipients"
    },
    {
      "source": "6",
      "target": "7"
    },
    {
      "source": "7",
      "target": "5"
    },
    {
      "source": "0",
      "target": "1"
    },
    {
      "source": "REF_0",
      "target": "LENGTH recipients"
    },
    {
      "source": "1",
      "target": "2"
    },
    {
      "source": "REF_1",
      "target": "LENGTH recipients"
    },
    {
      "source": "REF_2",
      "target": "LENGTH amounts"
    },
    {
      "source": "2",
      "target": "3"
    },
    {
      "source": "2",
      "target": "4"
    },
    {
      "source": "3",
      "target": "4"
    },
    {
      "source": "4",
      "target": "5"
    },
    {
      "source": "5",
      "target": "8"
    },
    {
      "source": "6",
      "target": "9"
    },
    {
      "source": "8",
      "target": "6"
    },
    {
      "source": "REF_3",
      "target": "LENGTH recipients"
    },
    {
      "source": "9",
      "target": "10"
    },
    {
      "source": "9",
      "target": "7"
    },
    {
      "source": "REF_5(address)",
      "target": "recipients"
    },
    {
      "source": "REF_6(uint256)",
      "target": "amounts"
    },
    {
      "source": "10",
      "target": "11"
    },
    {
      "source": "11",
      "target": "9"
    },
    {
      "source": "0",
      "target": "1"
    },
    {
      "source": "REF_7",
      "target": "LENGTH recipients"
    },
    {
      "source": "1",
      "target": "2"
    },
    {
      "source": "2",
      "target": "5"
    },
    {
      "source": "3",
      "target": "6"
    },
    {
      "source": "5",
      "target": "3"
    },
    {
      "source": "REF_8",
      "target": "LENGTH recipients"
    },
    {
      "source": "6",
      "target": "7"
    },
    {
      "source": "6",
      "target": "4"
    },
    {
      "source": "REF_10(address)",
      "target": "recipients"
    },
    {
      "source": "7",
      "target": "8"
    },
    {
      "source": "8",
      "target": "6"
    },
    {
      "source": "0",
      "target": "1"
    },
    {
      "source": "REF_11",
      "target": "LENGTH recipients"
    },
    {
      "source": "1",
      "target": "2"
    },
    {
      "source": "REF_12",
      "target": "LENGTH recipients"
    },
    {
      "source": "REF_13",
      "target": "LENGTH amounts"
    },
    {
      "source": "2",
      "target": "3"
    },
    {
      "source": "2",
      "target": "4"
    },
    {
      "source": "3",
      "target": "4"
    },
    {
      "source": "4",
      "target": "7"
    },
    {
      "source": "5",
      "target": "8"
    },
    {
      "source": "6",
      "target": "11"
    },
    {
      "source": "7",
      "target": "5"
    },
    {
      "source": "REF_14",
      "target": "LENGTH recipients"
    },
    {
      "source": "8",
      "target": "9"
    },
    {
      "source": "8",
      "target": "6"
    },
    {
      "source": "REF_15(address)",
      "target": "recipients"
    },
    {
      "source": "REF_17(uint256)",
      "target": "amounts"
    },
    {
      "source": "9",
      "target": "10"
    },
    {
      "source": "10",
      "target": "8"
    }
  ]
}