{
  "nodes": [
    "0",
    "1",
    "10",
    "2",
    "3",
    "4",
    "5",
    "6",
    "7",
    "8",
    "9",
    "REF_0(uint256)",
    "REF_0(uint256) (",
    "REF_1(uint256)",
    "REF_10(",
    "REF_10(uint256)",
    "REF_11(uint256)",
    "REF_12",
    "REF_12(mapping(address => uint256))",
    "REF_13(uint256)",
    "REF_13(uint256) (",
    "REF_14",
    "REF_14(mapping(address => uint256))",
    "REF_15(uint256)",
    "REF_2(",
    "REF_2(uint256)",
    "REF_3(",
    "REF_3(uint256)",
    "REF_4",
    "REF_4(mapping(address => uint256))",
    "REF_5(uint256)",
    "REF_6(uint256)",
    "REF_7(",
    "REF_7(uint256)",
    "REF_8(",
    "REF_8(uint256)",
    "REF_9",
    "REF_9(mapping(address => uint256))",
    "allowance = allowed",
    "allowed",
    "allowed) := _value(uint256)\"]",
    "allowed) = REF_10 - _value\"]",
    "balances",
    "balances) := totalSupply(uint256)\"]",
    "balances) = REF_2 - _value\"]",
    "balances) = REF_3 + _value\"]",
    "balances) = REF_7 + _value\"]",
    "balances) = REF_8 - _value\"]",
    "require(bool)(balances"
  ],
  "edges": [
    {
      "source": "0",
      "target": "1"
    },
    {
      "source": "REF_4(mapping(address => uint256))",
      "target": "allowed"
    },
    {
      "source": "REF_5(uint256)",
      "target": "REF_4"
    },
    {
      "source": "1",
      "target": "2"
    },
    {
      "source": "REF_6(uint256)",
      "target": "balances"
    },
    {
      "source": "2",
      "target": "3"
    },
    {
      "source": "REF_7(uint256)",
      "target": "balances"
    },
    {
      "source": "REF_7(",
      "target": "balances) = REF_7 + _value\"]"
    },
    {
      "source": "3",
      "target": "4"
    },
    {
      "source": "REF_8(uint256)",
      "target": "balances"
    },
    {
      "source": "REF_8(",
      "target": "balances) = REF_8 - _value\"]"
    },
    {
      "source": "4",
      "target": "5"
    },
    {
      "source": "5",
      "target": "6"
    },
    {
      "source": "5",
      "target": "7"
    },
    {
      "source": "REF_9(mapping(address => uint256))",
      "target": "allowed"
    },
    {
      "source": "REF_10(uint256)",
      "target": "REF_9"
    },
    {
      "source": "REF_10(",
      "target": "allowed) = REF_10 - _value\"]"
    },
    {
      "source": "6",
      "target": "7"
    },
    {
      "source": "7",
      "target": "8"
    },
    {
      "source": "8",
      "target": "9"
    },
    {
      "source": "0",
      "target": "1"
    },
    {
      "source": "REF_11(uint256)",
      "target": "balances"
    },
    {
      "source": "0",
      "target": "1"
    },
    {
      "source": "1",
      "target": "2"
    },
    {
      "source": "2",
      "target": "3"
    },
    {
      "source": "3",
      "target": "4"
    },
    {
      "source": "4",
      "target": "5"
    },
    {
      "source": "REF_0(uint256)",
      "target": "balances"
    },
    {
      "source": "REF_0(uint256) (",
      "target": "balances) := totalSupply(uint256)\"]"
    },
    {
      "source": "0",
      "target": "1"
    },
    {
      "source": "REF_14(mapping(address => uint256))",
      "target": "allowed"
    },
    {
      "source": "REF_15(uint256)",
      "target": "REF_14"
    },
    {
      "source": "0",
      "target": "1"
    },
    {
      "source": "REF_1(uint256)",
      "target": "balances"
    },
    {
      "source": "1",
      "target": "2"
    },
    {
      "source": "REF_2(uint256)",
      "target": "balances"
    },
    {
      "source": "REF_2(",
      "target": "balances) = REF_2 - _value\"]"
    },
    {
      "source": "2",
      "target": "3"
    },
    {
      "source": "REF_3(uint256)",
      "target": "balances"
    },
    {
      "source": "REF_3(",
      "target": "balances) = REF_3 + _value\"]"
    },
    {
      "source": "3",
      "target": "4"
    },
    {
      "source": "4",
      "target": "5"
    },
    {
      "source": "0",
      "target": "1"
    },
    {
      "source": "REF_12(mapping(address => uint256))",
      "target": "allowed"
    },
    {
      "source": "REF_13(uint256)",
      "target": "REF_12"
    },
    {
      "source": "REF_13(uint256) (",
      "target": "allowed) := _value(uint256)\"]"
    },
    {
      "source": "1",
      "target": "2"
    },
    {
      "source": "2",
      "target": "3"
    }
  ]
}