{
  "nodes": [
    "0",
    "1",
    "10",
    "2",
    "3",
    "4",
    "5",
    "6",
    "7",
    "8",
    "9",
    "HIGH_LEVEL_CALL, dest:spender(tokenRecipient), function:receiveApproval, arguments:",
    "REF_0(uint256)",
    "REF_0(uint256) (",
    "REF_1(uint256)",
    "REF_10",
    "REF_10(mapping(address => uint256))",
    "REF_11(",
    "REF_11(uint256)",
    "REF_12",
    "REF_12(mapping(address => uint256))",
    "REF_13(uint256)",
    "REF_13(uint256) (",
    "REF_15",
    "REF_15(mapping(address => uint256))",
    "REF_16(uint256)",
    "REF_2(uint256)",
    "REF_3(",
    "REF_3(uint256)",
    "REF_4(",
    "REF_4(uint256)",
    "REF_5(uint256)",
    "REF_6",
    "REF_6(mapping(address => uint256))",
    "REF_7(uint256)",
    "REF_8(",
    "REF_8(uint256)",
    "REF_9(",
    "REF_9(uint256)",
    "allowed",
    "allowed) := _value(uint256)\"]",
    "allowed) = REF_11 - _value\"]",
    "balances",
    "balances) := totalSupply(uint256)\"]",
    "balances) = REF_3 - _value\"]",
    "balances) = REF_4 + _value\"]",
    "balances) = REF_8 + _value\"]",
    "balances) = REF_9 - _value\"]"
  ],
  "edges": [
    {
      "source": "0",
      "target": "1"
    },
    {
      "source": "1",
      "target": "2"
    },
    {
      "source": "REF_0(uint256)",
      "target": "balances"
    },
    {
      "source": "REF_0(uint256) (",
      "target": "balances) := totalSupply(uint256)\"]"
    },
    {
      "source": "0",
      "target": "1"
    },
    {
      "source": "REF_12(mapping(address => uint256))",
      "target": "allowed"
    },
    {
      "source": "REF_13(uint256)",
      "target": "REF_12"
    },
    {
      "source": "REF_13(uint256) (",
      "target": "allowed) := _value(uint256)\"]"
    },
    {
      "source": "1",
      "target": "2"
    },
    {
      "source": "2",
      "target": "3"
    },
    {
      "source": "0",
      "target": "1"
    },
    {
      "source": "1",
      "target": "2"
    },
    {
      "source": "1",
      "target": "3"
    },
    {
      "source": "3",
      "target": "4"
    },
    {
      "source": "4",
      "target": "5"
    },
    {
      "source": "5",
      "target": "6"
    },
    {
      "source": "0",
      "target": "1"
    },
    {
      "source": "1",
      "target": "2"
    },
    {
      "source": "2",
      "target": "3"
    },
    {
      "source": "2",
      "target": "5"
    },
    {
      "source": "3",
      "target": "4"
    },
    {
      "source": "5",
      "target": "6"
    },
    {
      "source": "0",
      "target": "9"
    },
    {
      "source": "REF_5(uint256)",
      "target": "balances"
    },
    {
      "source": "REF_6(mapping(address => uint256))",
      "target": "allowed"
    },
    {
      "source": "REF_7(uint256)",
      "target": "REF_6"
    },
    {
      "source": "1",
      "target": "2"
    },
    {
      "source": "1",
      "target": "7"
    },
    {
      "source": "REF_8(uint256)",
      "target": "balances"
    },
    {
      "source": "REF_8(",
      "target": "balances) = REF_8 + _value\"]"
    },
    {
      "source": "2",
      "target": "3"
    },
    {
      "source": "REF_9(uint256)",
      "target": "balances"
    },
    {
      "source": "REF_9(",
      "target": "balances) = REF_9 - _value\"]"
    },
    {
      "source": "3",
      "target": "4"
    },
    {
      "source": "REF_10(mapping(address => uint256))",
      "target": "allowed"
    },
    {
      "source": "REF_11(uint256)",
      "target": "REF_10"
    },
    {
      "source": "REF_11(",
      "target": "allowed) = REF_11 - _value\"]"
    },
    {
      "source": "4",
      "target": "5"
    },
    {
      "source": "5",
      "target": "6"
    },
    {
      "source": "9",
      "target": "1"
    },
    {
      "source": "0",
      "target": "1"
    },
    {
      "source": "1",
      "target": "2"
    },
    {
      "source": "1",
      "target": "3"
    },
    {
      "source": "2",
      "target": "3"
    },
    {
      "source": "0",
      "target": "8"
    },
    {
      "source": "REF_2(uint256)",
      "target": "balances"
    },
    {
      "source": "1",
      "target": "2"
    },
    {
      "source": "1",
      "target": "6"
    },
    {
      "source": "REF_3(uint256)",
      "target": "balances"
    },
    {
      "source": "REF_3(",
      "target": "balances) = REF_3 - _value\"]"
    },
    {
      "source": "2",
      "target": "3"
    },
    {
      "source": "REF_4(uint256)",
      "target": "balances"
    },
    {
      "source": "REF_4(",
      "target": "balances) = REF_4 + _value\"]"
    },
    {
      "source": "3",
      "target": "4"
    },
    {
      "source": "4",
      "target": "5"
    },
    {
      "source": "8",
      "target": "1"
    },
    {
      "source": "0",
      "target": "1"
    },
    {
      "source": "REF_1(uint256)",
      "target": "balances"
    },
    {
      "source": "0",
      "target": "1"
    },
    {
      "source": "REF_15(mapping(address => uint256))",
      "target": "allowed"
    },
    {
      "source": "REF_16(uint256)",
      "target": "REF_15"
    },
    {
      "source": "0",
      "target": "1"
    },
    {
      "source": "1",
      "target": "2"
    },
    {
      "source": "2",
      "target": "3"
    },
    {
      "source": "3",
      "target": "4"
    }
  ]
}