{
  "nodes": [
    "0",
    "1",
    "10",
    "11",
    "12",
    "13",
    "14",
    "15",
    "16",
    "17",
    "18",
    "19",
    "2",
    "3",
    "4",
    "5",
    "6",
    "7",
    "8",
    "9",
    "REF_10(uint256)",
    "REF_10(uint256) (",
    "REF_11(",
    "REF_11(uint256)",
    "REF_12(",
    "REF_12(uint256)",
    "REF_13(Etherhero.Beneficiaries)",
    "REF_14(bool)",
    "REF_15(address)",
    "REF_16(uint256)",
    "REF_17(uint256)",
    "REF_18(uint256)",
    "REF_20(uint256)",
    "REF_22(uint256)",
    "REF_23(uint256)",
    "REF_24(uint256)",
    "REF_25(uint256)",
    "REF_3(Etherhero.Beneficiaries)",
    "REF_31(uint256)",
    "REF_35(uint256)",
    "REF_35(uint256) (",
    "REF_4(bool)",
    "REF_41(uint256)",
    "REF_42(uint256)",
    "REF_42(uint256) (",
    "REF_43(uint256)",
    "REF_45(uint256)",
    "REF_45(uint256) (",
    "REF_5(bool)",
    "REF_5(bool) (",
    "REF_50(uint256)",
    "REF_51(uint256)",
    "REF_6(address)",
    "REF_6(address) (",
    "REF_7(uint256)",
    "REF_7(uint256) (",
    "REF_8(uint256)",
    "REF_8(uint256) (",
    "REF_9(uint256)",
    "REF_9(uint256) (",
    "TMP_23(bool) = LOW_LEVEL_CALL, dest:etherHero, function:call, arguments:",
    "TMP_33(uint256) = LIBRARY_CALL, dest:SafeMath, function:SafeMath.sub(uint256,uint256), arguments:",
    "TMP_34(uint256) = LIBRARY_CALL, dest:SafeMath, function:SafeMath.div(uint256,uint256), arguments:",
    "TMP_43(uint256) = LIBRARY_CALL, dest:SafeMath, function:SafeMath.mul(uint256,uint256), arguments:",
    "TMP_44(uint256) = LIBRARY_CALL, dest:SafeMath, function:SafeMath.div(uint256,uint256), arguments:",
    "TMP_46(uint256) = LIBRARY_CALL, dest:SafeMath, function:SafeMath.mul(uint256,uint256), arguments:",
    "TMP_47(uint256) = LIBRARY_CALL, dest:SafeMath, function:SafeMath.div(uint256,uint256), arguments:",
    "TMP_53(bool) = HIGH_LEVEL_CALL, dest:stubF(EtherheroStabilizationFund), function:ReturnEthToEtherhero, arguments:",
    "TMP_58(uint256) = LIBRARY_CALL, dest:SafeMath, function:SafeMath.mul(uint256,uint256), arguments:",
    "TMP_59(uint256) = LIBRARY_CALL, dest:SafeMath, function:SafeMath.div(uint256,uint256), arguments:",
    "TMP_60(uint256) = LIBRARY_CALL, dest:SafeMath, function:SafeMath.mul(uint256,uint256), arguments:",
    "TMP_66(uint256) = LIBRARY_CALL, dest:SafeMath, function:SafeMath.mul(uint256,uint256), arguments:",
    "TMP_67(uint256) = LIBRARY_CALL, dest:SafeMath, function:SafeMath.div(uint256,uint256), arguments:",
    "TMP_68(uint256) = LIBRARY_CALL, dest:SafeMath, function:SafeMath.mul(uint256,uint256), arguments:",
    "TMP_69(uint256) = LIBRARY_CALL, dest:SafeMath, function:SafeMath.div(uint256,uint256), arguments:",
    "TMP_75(uint256) = LIBRARY_CALL, dest:SafeMath, function:SafeMath.add(uint256,uint256), arguments:",
    "TMP_80(bool) = LOW_LEVEL_CALL, dest:stubF, function:call, arguments:",
    "TMP_91(uint256) = LIBRARY_CALL, dest:SafeMath, function:SafeMath.add(uint256,uint256), arguments:",
    "beneficiaries",
    "interestRate = now.sub(userTime",
    "rate = userDeposit",
    "require(bool,string)(now >= userTime",
    "require(bool,string)(userDeposit",
    "s_beneficiaries = beneficiaries",
    "s_beneficiaries) := True(bool)\"]",
    "s_beneficiaries) := _address(address)\"]",
    "s_beneficiaries) := _deposits(uint256)\"]",
    "s_beneficiaries) := _ethWithdraw(uint256)\"]",
    "s_beneficiaries) := _percentWithdraw(uint256)\"]",
    "s_beneficiaries) := now(uint256)\"]",
    "s_beneficiaries) = REF_11 + _percentWithdraw\"]",
    "s_beneficiaries) = REF_12 + _ethWithdraw\"]",
    "s_beneficiaries.deposits",
    "s_beneficiaries.ethWithdraw",
    "s_beneficiaries.investorAddress",
    "s_beneficiaries.percentWithdraw",
    "s_beneficiaries.real",
    "s_beneficiaries.registerTime",
    "userDeposit",
    "userDeposit) := TMP_75(uint256)\"]",
    "userTime",
    "userTime) := now(uint256)\"]"
  ],
  "edges": [
    {
      "source": "0",
      "target": "1"
    },
    {
      "source": "1",
      "target": "2"
    },
    {
      "source": "0",
      "target": "1"
    },
    {
      "source": "0",
      "target": "1"
    },
    {
      "source": "REF_50(uint256)",
      "target": "userDeposit"
    },
    {
      "source": "1",
      "target": "2"
    },
    {
      "source": "0",
      "target": "1"
    },
    {
      "source": "1",
      "target": "2"
    },
    {
      "source": "2",
      "target": "3"
    },
    {
      "source": "3",
      "target": "4"
    },
    {
      "source": "4",
      "target": "5"
    },
    {
      "source": "4",
      "target": "16"
    },
    {
      "source": "5",
      "target": "6"
    },
    {
      "source": "REF_41(uint256)",
      "target": "userDeposit"
    },
    {
      "source": "6",
      "target": "7"
    },
    {
      "source": "6",
      "target": "8"
    },
    {
      "source": "7",
      "target": "8"
    },
    {
      "source": "8",
      "target": "9"
    },
    {
      "source": "REF_42(uint256)",
      "target": "userDeposit"
    },
    {
      "source": "REF_43(uint256)",
      "target": "userDeposit"
    },
    {
      "source": "REF_42(uint256) (",
      "target": "userDeposit) := TMP_75(uint256)\"]"
    },
    {
      "source": "9",
      "target": "10"
    },
    {
      "source": "REF_45(uint256)",
      "target": "userTime"
    },
    {
      "source": "REF_45(uint256) (",
      "target": "userTime) := now(uint256)\"]"
    },
    {
      "source": "10",
      "target": "11"
    },
    {
      "source": "11",
      "target": "12"
    },
    {
      "source": "12",
      "target": "13"
    },
    {
      "source": "13",
      "target": "14"
    },
    {
      "source": "14",
      "target": "15"
    },
    {
      "source": "15",
      "target": "17"
    },
    {
      "source": "16",
      "target": "17"
    },
    {
      "source": "0",
      "target": "1"
    },
    {
      "source": "1",
      "target": "2"
    },
    {
      "source": "0",
      "target": "1"
    },
    {
      "source": "REF_51(uint256)",
      "target": "userTime"
    },
    {
      "source": "1",
      "target": "2"
    },
    {
      "source": "0",
      "target": "1"
    },
    {
      "source": "0",
      "target": "1"
    },
    {
      "source": "1",
      "target": "2"
    },
    {
      "source": "2",
      "target": "3"
    },
    {
      "source": "0",
      "target": "1"
    },
    {
      "source": "1",
      "target": "2"
    },
    {
      "source": "0",
      "target": "1"
    },
    {
      "source": "1",
      "target": "2"
    },
    {
      "source": "1",
      "target": "3"
    },
    {
      "source": "2",
      "target": "3"
    },
    {
      "source": "0",
      "target": "1"
    },
    {
      "source": "REF_3(Etherhero.Beneficiaries)",
      "target": "beneficiaries"
    },
    {
      "source": "1",
      "target": "2"
    },
    {
      "source": "REF_4(bool)",
      "target": "s_beneficiaries.real"
    },
    {
      "source": "2",
      "target": "3"
    },
    {
      "source": "2",
      "target": "10"
    },
    {
      "source": "REF_5(bool)",
      "target": "s_beneficiaries.real"
    },
    {
      "source": "REF_5(bool) (",
      "target": "s_beneficiaries) := True(bool)\"]"
    },
    {
      "source": "3",
      "target": "4"
    },
    {
      "source": "REF_6(address)",
      "target": "s_beneficiaries.investorAddress"
    },
    {
      "source": "REF_6(address) (",
      "target": "s_beneficiaries) := _address(address)\"]"
    },
    {
      "source": "4",
      "target": "5"
    },
    {
      "source": "REF_7(uint256)",
      "target": "s_beneficiaries.percentWithdraw"
    },
    {
      "source": "REF_7(uint256) (",
      "target": "s_beneficiaries) := _percentWithdraw(uint256)\"]"
    },
    {
      "source": "5",
      "target": "6"
    },
    {
      "source": "REF_8(uint256)",
      "target": "s_beneficiaries.ethWithdraw"
    },
    {
      "source": "REF_8(uint256) (",
      "target": "s_beneficiaries) := _ethWithdraw(uint256)\"]"
    },
    {
      "source": "6",
      "target": "7"
    },
    {
      "source": "REF_9(uint256)",
      "target": "s_beneficiaries.deposits"
    },
    {
      "source": "REF_9(uint256) (",
      "target": "s_beneficiaries) := _deposits(uint256)\"]"
    },
    {
      "source": "7",
      "target": "8"
    },
    {
      "source": "REF_10(uint256)",
      "target": "s_beneficiaries.registerTime"
    },
    {
      "source": "REF_10(uint256) (",
      "target": "s_beneficiaries) := now(uint256)\"]"
    },
    {
      "source": "8",
      "target": "9"
    },
    {
      "source": "9",
      "target": "12"
    },
    {
      "source": "REF_11(uint256)",
      "target": "s_beneficiaries.percentWithdraw"
    },
    {
      "source": "REF_11(",
      "target": "s_beneficiaries) = REF_11 + _percentWithdraw\"]"
    },
    {
      "source": "10",
      "target": "11"
    },
    {
      "source": "REF_12(uint256)",
      "target": "s_beneficiaries.ethWithdraw"
    },
    {
      "source": "REF_12(",
      "target": "s_beneficiaries) = REF_12 + _ethWithdraw\"]"
    },
    {
      "source": "11",
      "target": "12"
    },
    {
      "source": "0",
      "target": "1"
    },
    {
      "source": "0",
      "target": "1"
    },
    {
      "source": "1",
      "target": "2"
    },
    {
      "source": "2",
      "target": "3"
    },
    {
      "source": "0",
      "target": "1"
    },
    {
      "source": "REF_13(Etherhero.Beneficiaries)",
      "target": "beneficiaries"
    },
    {
      "source": "1",
      "target": "2"
    },
    {
      "source": "REF_14(bool)",
      "target": "s_beneficiaries.real"
    },
    {
      "source": "2",
      "target": "3"
    },
    {
      "source": "REF_15(address)",
      "target": "s_beneficiaries.investorAddress"
    },
    {
      "source": "REF_16(uint256)",
      "target": "s_beneficiaries.percentWithdraw"
    },
    {
      "source": "REF_17(uint256)",
      "target": "s_beneficiaries.ethWithdraw"
    },
    {
      "source": "REF_18(uint256)",
      "target": "s_beneficiaries.registerTime"
    },
    {
      "source": "0",
      "target": "9"
    },
    {
      "source": "1",
      "target": "2"
    },
    {
      "source": "2",
      "target": "3"
    },
    {
      "source": "3",
      "target": "4"
    },
    {
      "source": "3",
      "target": "7"
    },
    {
      "source": "4",
      "target": "5"
    },
    {
      "source": "5",
      "target": "6"
    },
    {
      "source": "9",
      "target": "1"
    },
    {
      "source": "0",
      "target": "1"
    },
    {
      "source": "1",
      "target": "2"
    },
    {
      "source": "0",
      "target": "1"
    },
    {
      "source": "REF_20(uint256)",
      "target": "userTime"
    },
    {
      "source": "1",
      "target": "2"
    },
    {
      "source": "REF_22(uint256)",
      "target": "userDeposit"
    },
    {
      "source": "2",
      "target": "3"
    },
    {
      "source": "2",
      "target": "7"
    },
    {
      "source": "3",
      "target": "4"
    },
    {
      "source": "3",
      "target": "5"
    },
    {
      "source": "7",
      "target": "8"
    },
    {
      "source": "REF_23(uint256)",
      "target": "userDeposit"
    },
    {
      "source": "REF_24(uint256)",
      "target": "userDeposit"
    },
    {
      "source": "8",
      "target": "9"
    },
    {
      "source": "8",
      "target": "13"
    },
    {
      "source": "9",
      "target": "10"
    },
    {
      "source": "9",
      "target": "11"
    },
    {
      "source": "13",
      "target": "14"
    },
    {
      "source": "REF_25(uint256)",
      "target": "userDeposit"
    },
    {
      "source": "14",
      "target": "15"
    },
    {
      "source": "14",
      "target": "19"
    },
    {
      "source": "15",
      "target": "16"
    },
    {
      "source": "15",
      "target": "17"
    },
    {
      "source": "0",
      "target": "1"
    },
    {
      "source": "1",
      "target": "2"
    },
    {
      "source": "2",
      "target": "3"
    },
    {
      "source": "3",
      "target": "4"
    },
    {
      "source": "4",
      "target": "5"
    },
    {
      "source": "5",
      "target": "6"
    },
    {
      "source": "6",
      "target": "7"
    },
    {
      "source": "7",
      "target": "8"
    },
    {
      "source": "8",
      "target": "9"
    },
    {
      "source": "0",
      "target": "1"
    },
    {
      "source": "1",
      "target": "2"
    },
    {
      "source": "0",
      "target": "17"
    },
    {
      "source": "1",
      "target": "2"
    },
    {
      "source": "2",
      "target": "3"
    },
    {
      "source": "3",
      "target": "4"
    },
    {
      "source": "4",
      "target": "5"
    },
    {
      "source": "4",
      "target": "8"
    },
    {
      "source": "5",
      "target": "6"
    },
    {
      "source": "5",
      "target": "7"
    },
    {
      "source": "6",
      "target": "7"
    },
    {
      "source": "7",
      "target": "8"
    },
    {
      "source": "8",
      "target": "9"
    },
    {
      "source": "9",
      "target": "10"
    },
    {
      "source": "REF_31(uint256)",
      "target": "userDeposit"
    },
    {
      "source": "10",
      "target": "11"
    },
    {
      "source": "REF_35(uint256)",
      "target": "userTime"
    },
    {
      "source": "REF_35(uint256) (",
      "target": "userTime) := now(uint256)\"]"
    },
    {
      "source": "11",
      "target": "12"
    },
    {
      "source": "12",
      "target": "13"
    },
    {
      "source": "13",
      "target": "14"
    },
    {
      "source": "14",
      "target": "15"
    },
    {
      "source": "15",
      "target": "16"
    },
    {
      "source": "17",
      "target": "18"
    },
    {
      "source": "18",
      "target": "1"
    },
    {
      "source": "0",
      "target": "1"
    },
    {
      "source": "1",
      "target": "2"
    }
  ]
}