{
  "nodes": [
    "0",
    "1",
    "2",
    "3",
    "4",
    "5",
    "6",
    "7",
    "8",
    "9",
    "REF_0(",
    "REF_0(uint256)",
    "REF_1(uint256)",
    "REF_2(uint256)",
    "REF_5(",
    "REF_5(uint256)",
    "REF_6(uint256)",
    "REF_6(uint256) (",
    "TUPLE_0(bool,bytes) = LOW_LEVEL_CALL, dest:msg.sender, function:call, arguments:",
    "balances",
    "balances) = REF_0 + msg.value\"]",
    "balances) = REF_5 - _weiToWithdraw\"]",
    "lastWithdrawTime",
    "lastWithdrawTime) := now(uint256)\"]",
    "require(bool)(balances",
    "require(bool)(now >= lastWithdrawTime"
  ],
  "edges": [
    {
      "source": "0",
      "target": "1"
    },
    {
      "source": "REF_1(uint256)",
      "target": "balances"
    },
    {
      "source": "1",
      "target": "2"
    },
    {
      "source": "2",
      "target": "3"
    },
    {
      "source": "REF_2(uint256)",
      "target": "lastWithdrawTime"
    },
    {
      "source": "3",
      "target": "4"
    },
    {
      "source": "4",
      "target": "5"
    },
    {
      "source": "5",
      "target": "6"
    },
    {
      "source": "6",
      "target": "7"
    },
    {
      "source": "7",
      "target": "8"
    },
    {
      "source": "REF_5(uint256)",
      "target": "balances"
    },
    {
      "source": "REF_5(",
      "target": "balances) = REF_5 - _weiToWithdraw\"]"
    },
    {
      "source": "8",
      "target": "9"
    },
    {
      "source": "REF_6(uint256)",
      "target": "lastWithdrawTime"
    },
    {
      "source": "REF_6(uint256) (",
      "target": "lastWithdrawTime) := now(uint256)\"]"
    },
    {
      "source": "0",
      "target": "1"
    },
    {
      "source": "REF_0(uint256)",
      "target": "balances"
    },
    {
      "source": "REF_0(",
      "target": "balances) = REF_0 + msg.value\"]"
    }
  ]
}