{
  "nodes": [
    "0",
    "1",
    "10",
    "11",
    "12",
    "13",
    "14",
    "15",
    "16",
    "2",
    "3",
    "4",
    "5",
    "6",
    "7",
    "8",
    "9",
    "LENGTH _tos",
    "LENGTH _values",
    "REF_0(uint256)",
    "REF_0(uint256) (",
    "REF_1(uint256)",
    "REF_10(uint256)",
    "REF_11(uint256)",
    "REF_12",
    "REF_13(address)",
    "REF_14(uint256)",
    "REF_15(uint256)",
    "REF_16(uint256)",
    "REF_17(uint256)",
    "REF_18(uint256)",
    "REF_19(uint256)",
    "REF_20(",
    "REF_20(uint256)",
    "REF_21(",
    "REF_21(uint256)",
    "REF_22(uint256)",
    "REF_23(uint256)",
    "REF_4(",
    "REF_4(uint256)",
    "REF_5(",
    "REF_5(uint256)",
    "REF_7",
    "REF_8",
    "REF_9",
    "TUPLE_0(bool,bytes) = LOW_LEVEL_CALL, dest:management, function:call, arguments:",
    "_tos",
    "_total += _values",
    "_transfer(msg.sender,_tos",
    "_values",
    "assert(bool)(balanceOf",
    "balanceOf",
    "balanceOf) := totalSupply(uint256)\"]",
    "balanceOf) = REF_20 - _value\"]",
    "balanceOf) = REF_21 + _value\"]",
    "balanceOf) = REF_4 - buyNum\"]",
    "balanceOf) = REF_5 + buyNum\"]",
    "previousBalances = balanceOf",
    "require(bool)(balanceOf",
    "require(bool)(buyNum <= balanceOf"
  ],
  "edges": [
    {
      "source": "0",
      "target": "2"
    },
    {
      "source": "2",
      "target": "1"
    },
    {
      "source": "0",
      "target": "16"
    },
    {
      "source": "REF_7",
      "target": "LENGTH _tos"
    },
    {
      "source": "REF_8",
      "target": "LENGTH _values"
    },
    {
      "source": "1",
      "target": "2"
    },
    {
      "source": "2",
      "target": "5"
    },
    {
      "source": "3",
      "target": "6"
    },
    {
      "source": "4",
      "target": "9"
    },
    {
      "source": "5",
      "target": "3"
    },
    {
      "source": "REF_9",
      "target": "LENGTH _values"
    },
    {
      "source": "6",
      "target": "7"
    },
    {
      "source": "6",
      "target": "4"
    },
    {
      "source": "REF_10(uint256)",
      "target": "_values"
    },
    {
      "source": "7",
      "target": "8"
    },
    {
      "source": "8",
      "target": "6"
    },
    {
      "source": "REF_11(uint256)",
      "target": "balanceOf"
    },
    {
      "source": "9",
      "target": "12"
    },
    {
      "source": "10",
      "target": "13"
    },
    {
      "source": "12",
      "target": "10"
    },
    {
      "source": "REF_12",
      "target": "LENGTH _tos"
    },
    {
      "source": "13",
      "target": "14"
    },
    {
      "source": "13",
      "target": "11"
    },
    {
      "source": "REF_13(address)",
      "target": "_tos"
    },
    {
      "source": "REF_14(uint256)",
      "target": "_values"
    },
    {
      "source": "14",
      "target": "15"
    },
    {
      "source": "15",
      "target": "13"
    },
    {
      "source": "16",
      "target": "1"
    },
    {
      "source": "0",
      "target": "1"
    },
    {
      "source": "1",
      "target": "2"
    },
    {
      "source": "0",
      "target": "1"
    },
    {
      "source": "1",
      "target": "2"
    },
    {
      "source": "0",
      "target": "2"
    },
    {
      "source": "2",
      "target": "1"
    },
    {
      "source": "0",
      "target": "2"
    },
    {
      "source": "2",
      "target": "1"
    },
    {
      "source": "0",
      "target": "1"
    },
    {
      "source": "1",
      "target": "2"
    },
    {
      "source": "REF_0(uint256)",
      "target": "balanceOf"
    },
    {
      "source": "REF_0(uint256) (",
      "target": "balanceOf) := totalSupply(uint256)\"]"
    },
    {
      "source": "2",
      "target": "3"
    },
    {
      "source": "3",
      "target": "4"
    },
    {
      "source": "4",
      "target": "5"
    },
    {
      "source": "5",
      "target": "6"
    },
    {
      "source": "0",
      "target": "1"
    },
    {
      "source": "1",
      "target": "2"
    },
    {
      "source": "REF_15(uint256)",
      "target": "balanceOf"
    },
    {
      "source": "2",
      "target": "3"
    },
    {
      "source": "REF_16(uint256)",
      "target": "balanceOf"
    },
    {
      "source": "REF_17(uint256)",
      "target": "balanceOf"
    },
    {
      "source": "3",
      "target": "4"
    },
    {
      "source": "REF_18(uint256)",
      "target": "balanceOf"
    },
    {
      "source": "REF_19(uint256)",
      "target": "balanceOf"
    },
    {
      "source": "4",
      "target": "5"
    },
    {
      "source": "REF_20(uint256)",
      "target": "balanceOf"
    },
    {
      "source": "REF_20(",
      "target": "balanceOf) = REF_20 - _value\"]"
    },
    {
      "source": "5",
      "target": "6"
    },
    {
      "source": "REF_21(uint256)",
      "target": "balanceOf"
    },
    {
      "source": "REF_21(",
      "target": "balanceOf) = REF_21 + _value\"]"
    },
    {
      "source": "6",
      "target": "7"
    },
    {
      "source": "7",
      "target": "8"
    },
    {
      "source": "REF_22(uint256)",
      "target": "balanceOf"
    },
    {
      "source": "REF_23(uint256)",
      "target": "balanceOf"
    },
    {
      "source": "0",
      "target": "1"
    },
    {
      "source": "1",
      "target": "2"
    },
    {
      "source": "0",
      "target": "2"
    },
    {
      "source": "2",
      "target": "1"
    },
    {
      "source": "0",
      "target": "10"
    },
    {
      "source": "1",
      "target": "2"
    },
    {
      "source": "2",
      "target": "3"
    },
    {
      "source": "REF_1(uint256)",
      "target": "balanceOf"
    },
    {
      "source": "3",
      "target": "4"
    },
    {
      "source": "4",
      "target": "5"
    },
    {
      "source": "REF_4(uint256)",
      "target": "balanceOf"
    },
    {
      "source": "REF_4(",
      "target": "balanceOf) = REF_4 - buyNum\"]"
    },
    {
      "source": "5",
      "target": "6"
    },
    {
      "source": "REF_5(uint256)",
      "target": "balanceOf"
    },
    {
      "source": "REF_5(",
      "target": "balanceOf) = REF_5 + buyNum\"]"
    },
    {
      "source": "6",
      "target": "7"
    },
    {
      "source": "7",
      "target": "8"
    },
    {
      "source": "8",
      "target": "9"
    },
    {
      "source": "10",
      "target": "11"
    },
    {
      "source": "11",
      "target": "1"
    },
    {
      "source": "0",
      "target": "2"
    },
    {
      "source": "2",
      "target": "1"
    },
    {
      "source": "0",
      "target": "2"
    },
    {
      "source": "2",
      "target": "1"
    },
    {
      "source": "0",
      "target": "1"
    },
    {
      "source": "1",
      "target": "2"
    },
    {
      "source": "2",
      "target": "3"
    },
    {
      "source": "0",
      "target": "2"
    },
    {
      "source": "2",
      "target": "1"
    }
  ]
}