{
  "nodes": [
    "0",
    "1",
    "10",
    "11",
    "12",
    "13",
    "14",
    "15",
    "2",
    "3",
    "4",
    "5",
    "6",
    "7",
    "8",
    "9",
    "HIGH_LEVEL_CALL, dest:this(address), function:buyOne, arguments:",
    "LENGTH _tokens",
    "REF_13",
    "REF_13(mapping(address => uint256))",
    "REF_14(uint256)",
    "REF_14(uint256) (",
    "REF_15",
    "REF_15(mapping(address => uint256))",
    "REF_16(uint256)",
    "REF_19(uint256)",
    "REF_19(uint256) (",
    "REF_20(uint256)",
    "REF_22",
    "REF_23(address)",
    "REF_24(uint256)",
    "REF_29",
    "REF_29(mapping(address => uint256))",
    "REF_3(uint256)",
    "REF_3(uint256) (",
    "REF_30(uint256)",
    "REF_30(uint256) (",
    "REF_31",
    "REF_31(mapping(address => uint256))",
    "REF_32(uint256)",
    "REF_34(uint256)",
    "REF_34(uint256) (",
    "REF_35(uint256)",
    "REF_4(uint256)",
    "REF_40(uint256)",
    "REF_40(uint256) (",
    "REF_41(uint256)",
    "REF_43",
    "REF_43(mapping(address => uint256))",
    "REF_44(uint256)",
    "REF_44(uint256) (",
    "REF_45",
    "REF_45(mapping(address => uint256))",
    "REF_46(uint256)",
    "REF_50(uint256)",
    "REF_50(uint256) (",
    "REF_51(uint256)",
    "REF_54(address)",
    "REF_55(address)",
    "REF_56(uint256)",
    "REF_57(uint256)",
    "REF_57(uint256) (",
    "REF_58(uint256)",
    "REF_6",
    "REF_61(address)",
    "REF_62(address)",
    "REF_63(uint256)",
    "REF_65(address)",
    "REF_66(address)",
    "REF_67(uint256)",
    "REF_68(uint256)",
    "REF_68(uint256) (",
    "REF_69(uint256)",
    "REF_7(address)",
    "REF_72(address)",
    "REF_73(address)",
    "REF_74(uint256)",
    "REF_76(address)",
    "REF_77(address)",
    "REF_78(uint256)",
    "REF_8(uint256)",
    "REF_80(address)",
    "REF_81(address)",
    "REF_82(uint256)",
    "TMP_12(uint16) = HIGH_LEVEL_CALL, dest:mtkn(IMultiToken), function:changeableTokenCount, arguments:",
    "TMP_15(ERC20) = HIGH_LEVEL_CALL, dest:mtkn(IMultiToken), function:tokens, arguments:",
    "TMP_16(uint256) = HIGH_LEVEL_CALL, dest:mtkn(IMultiToken), function:weights, arguments:",
    "TMP_19(uint256) = LIBRARY_CALL, dest:SafeMath, function:SafeMath.add(uint256,uint256), arguments:",
    "TMP_22(uint256) = HIGH_LEVEL_CALL, dest:token(ERC20), function:balanceOf, arguments:",
    "TMP_23(bool) = HIGH_LEVEL_CALL, dest:token(ERC20), function:transferFrom, arguments:",
    "TMP_24(uint256) = HIGH_LEVEL_CALL, dest:token(ERC20), function:balanceOf, arguments:",
    "TMP_25(uint256) = LIBRARY_CALL, dest:SafeMath, function:SafeMath.add(uint256,uint256), arguments:",
    "TMP_28(uint256) = LIBRARY_CALL, dest:SafeMath, function:SafeMath.add(uint256,uint256), arguments:",
    "TMP_32(uint256) = LIBRARY_CALL, dest:SafeMath, function:SafeMath.sub(uint256,uint256), arguments:",
    "TMP_35(uint256) = HIGH_LEVEL_CALL, dest:token(ERC20), function:balanceOf, arguments:",
    "TMP_36(bool) = HIGH_LEVEL_CALL, dest:token(ERC20), function:transfer, arguments:",
    "TMP_37(uint256) = HIGH_LEVEL_CALL, dest:token(ERC20), function:balanceOf, arguments:",
    "TMP_38(uint256) = LIBRARY_CALL, dest:SafeMath, function:SafeMath.sub(uint256,uint256), arguments:",
    "TMP_41(uint256) = LIBRARY_CALL, dest:SafeMath, function:SafeMath.sub(uint256,uint256), arguments:",
    "TMP_43(uint256) = LIBRARY_CALL, dest:SafeMath, function:SafeMath.add(uint256,uint256), arguments:",
    "TMP_44(uint256) = HIGH_LEVEL_CALL, dest:token(ERC20), function:balanceOf, arguments:",
    "TMP_46(bool) = LOW_LEVEL_CALL, dest:_exchange, function:call, arguments:",
    "TMP_48(uint256) = LIBRARY_CALL, dest:SafeMath, function:SafeMath.sub(uint256,uint256), arguments:",
    "TMP_49(uint256) = HIGH_LEVEL_CALL, dest:token(ERC20), function:balanceOf, arguments:",
    "TMP_50(uint256) = LIBRARY_CALL, dest:SafeMath, function:SafeMath.sub(uint256,uint256), arguments:",
    "TMP_51(uint256) = LIBRARY_CALL, dest:SafeMath, function:SafeMath.add(uint256,uint256), arguments:",
    "TMP_52(uint256) = LIBRARY_CALL, dest:SafeMath, function:SafeMath.add(uint256,uint256), arguments:",
    "TMP_55(uint256) = LIBRARY_CALL, dest:SafeMath, function:SafeMath.add(uint256,uint256), arguments:",
    "TMP_60(uint256) = LIBRARY_CALL, dest:SafeMath, function:SafeMath.add(uint256,uint256), arguments:",
    "_exchanges",
    "_tokenValues",
    "_tokens",
    "_values",
    "balances",
    "balances) := TMP_19(uint256)\"]",
    "balances) := TMP_32(uint256)\"]",
    "balances) := TMP_43(uint256)\"]",
    "balances) := TMP_48(uint256)\"]",
    "balances) := TMP_52(uint256)\"]",
    "balances) := TMP_55(uint256)\"]",
    "balances) := TMP_60(uint256)\"]",
    "this.buyOne(ERC20(_tokens",
    "token = ERC20(_tokens",
    "tokenBalances",
    "tokenBalances) := TMP_28(uint256)\"]",
    "tokenBalances) := TMP_41(uint256)\"]",
    "tokenBalances) := TMP_51(uint256)\"]",
    "tokenValue = _tokenValues"
  ],
  "edges": [
    {
      "source": "0",
      "target": "1"
    },
    {
      "source": "REF_50(uint256)",
      "target": "balances"
    },
    {
      "source": "REF_51(uint256)",
      "target": "balances"
    },
    {
      "source": "REF_50(uint256) (",
      "target": "balances) := TMP_52(uint256)\"]"
    },
    {
      "source": "1",
      "target": "2"
    },
    {
      "source": "REF_54(address)",
      "target": "_tokens"
    },
    {
      "source": "REF_55(address)",
      "target": "_exchanges"
    },
    {
      "source": "REF_56(uint256)",
      "target": "_values"
    },
    {
      "source": "0",
      "target": "1"
    },
    {
      "source": "1",
      "target": "2"
    },
    {
      "source": "1",
      "target": "4"
    },
    {
      "source": "2",
      "target": "3"
    },
    {
      "source": "REF_19(uint256)",
      "target": "balances"
    },
    {
      "source": "REF_20(uint256)",
      "target": "balances"
    },
    {
      "source": "REF_19(uint256) (",
      "target": "balances) := TMP_32(uint256)\"]"
    },
    {
      "source": "3",
      "target": "4"
    },
    {
      "source": "4",
      "target": "7"
    },
    {
      "source": "5",
      "target": "8"
    },
    {
      "source": "7",
      "target": "5"
    },
    {
      "source": "REF_22",
      "target": "LENGTH _tokens"
    },
    {
      "source": "8",
      "target": "9"
    },
    {
      "source": "8",
      "target": "6"
    },
    {
      "source": "REF_23(address)",
      "target": "_tokens"
    },
    {
      "source": "9",
      "target": "10"
    },
    {
      "source": "REF_24(uint256)",
      "target": "_tokenValues"
    },
    {
      "source": "10",
      "target": "11"
    },
    {
      "source": "11",
      "target": "12"
    },
    {
      "source": "12",
      "target": "13"
    },
    {
      "source": "13",
      "target": "14"
    },
    {
      "source": "REF_29(mapping(address => uint256))",
      "target": "tokenBalances"
    },
    {
      "source": "REF_30(uint256)",
      "target": "REF_29"
    },
    {
      "source": "REF_31(mapping(address => uint256))",
      "target": "tokenBalances"
    },
    {
      "source": "REF_32(uint256)",
      "target": "REF_31"
    },
    {
      "source": "REF_30(uint256) (",
      "target": "tokenBalances) := TMP_41(uint256)\"]"
    },
    {
      "source": "14",
      "target": "15"
    },
    {
      "source": "15",
      "target": "8"
    },
    {
      "source": "0",
      "target": "3"
    },
    {
      "source": "1",
      "target": "4"
    },
    {
      "source": "2",
      "target": "7"
    },
    {
      "source": "3",
      "target": "1"
    },
    {
      "source": "4",
      "target": "5"
    },
    {
      "source": "4",
      "target": "2"
    },
    {
      "source": "5",
      "target": "6"
    },
    {
      "source": "6",
      "target": "4"
    },
    {
      "source": "0",
      "target": "1"
    },
    {
      "source": "1",
      "target": "2"
    },
    {
      "source": "1",
      "target": "3"
    },
    {
      "source": "3",
      "target": "4"
    },
    {
      "source": "4",
      "target": "5"
    },
    {
      "source": "5",
      "target": "6"
    },
    {
      "source": "0",
      "target": "1"
    },
    {
      "source": "1",
      "target": "2"
    },
    {
      "source": "2",
      "target": "3"
    },
    {
      "source": "0",
      "target": "1"
    },
    {
      "source": "REF_57(uint256)",
      "target": "balances"
    },
    {
      "source": "REF_58(uint256)",
      "target": "balances"
    },
    {
      "source": "REF_57(uint256) (",
      "target": "balances) := TMP_55(uint256)\"]"
    },
    {
      "source": "1",
      "target": "2"
    },
    {
      "source": "REF_61(address)",
      "target": "_tokens"
    },
    {
      "source": "REF_62(address)",
      "target": "_exchanges"
    },
    {
      "source": "REF_63(uint256)",
      "target": "_values"
    },
    {
      "source": "2",
      "target": "3"
    },
    {
      "source": "REF_65(address)",
      "target": "_tokens"
    },
    {
      "source": "REF_66(address)",
      "target": "_exchanges"
    },
    {
      "source": "REF_67(uint256)",
      "target": "_values"
    },
    {
      "source": "0",
      "target": "1"
    },
    {
      "source": "0",
      "target": "1"
    },
    {
      "source": "1",
      "target": "2"
    },
    {
      "source": "0",
      "target": "1"
    },
    {
      "source": "REF_34(uint256)",
      "target": "balances"
    },
    {
      "source": "REF_35(uint256)",
      "target": "balances"
    },
    {
      "source": "REF_34(uint256) (",
      "target": "balances) := TMP_43(uint256)\"]"
    },
    {
      "source": "1",
      "target": "2"
    },
    {
      "source": "2",
      "target": "3"
    },
    {
      "source": "3",
      "target": "4"
    },
    {
      "source": "REF_40(uint256)",
      "target": "balances"
    },
    {
      "source": "REF_41(uint256)",
      "target": "balances"
    },
    {
      "source": "REF_40(uint256) (",
      "target": "balances) := TMP_48(uint256)\"]"
    },
    {
      "source": "4",
      "target": "5"
    },
    {
      "source": "REF_43(mapping(address => uint256))",
      "target": "tokenBalances"
    },
    {
      "source": "REF_44(uint256)",
      "target": "REF_43"
    },
    {
      "source": "REF_45(mapping(address => uint256))",
      "target": "tokenBalances"
    },
    {
      "source": "REF_46(uint256)",
      "target": "REF_45"
    },
    {
      "source": "REF_44(uint256) (",
      "target": "tokenBalances) := TMP_51(uint256)\"]"
    },
    {
      "source": "0",
      "target": "1"
    },
    {
      "source": "REF_68(uint256)",
      "target": "balances"
    },
    {
      "source": "REF_69(uint256)",
      "target": "balances"
    },
    {
      "source": "REF_68(uint256) (",
      "target": "balances) := TMP_60(uint256)\"]"
    },
    {
      "source": "1",
      "target": "2"
    },
    {
      "source": "REF_72(address)",
      "target": "_tokens"
    },
    {
      "source": "REF_73(address)",
      "target": "_exchanges"
    },
    {
      "source": "REF_74(uint256)",
      "target": "_values"
    },
    {
      "source": "2",
      "target": "3"
    },
    {
      "source": "REF_76(address)",
      "target": "_tokens"
    },
    {
      "source": "REF_77(address)",
      "target": "_exchanges"
    },
    {
      "source": "REF_78(uint256)",
      "target": "_values"
    },
    {
      "source": "3",
      "target": "4"
    },
    {
      "source": "REF_80(address)",
      "target": "_tokens"
    },
    {
      "source": "REF_81(address)",
      "target": "_exchanges"
    },
    {
      "source": "REF_82(uint256)",
      "target": "_values"
    },
    {
      "source": "0",
      "target": "1"
    },
    {
      "source": "1",
      "target": "2"
    },
    {
      "source": "1",
      "target": "3"
    },
    {
      "source": "REF_3(uint256)",
      "target": "balances"
    },
    {
      "source": "REF_4(uint256)",
      "target": "balances"
    },
    {
      "source": "REF_3(uint256) (",
      "target": "balances) := TMP_19(uint256)\"]"
    },
    {
      "source": "2",
      "target": "3"
    },
    {
      "source": "3",
      "target": "6"
    },
    {
      "source": "4",
      "target": "7"
    },
    {
      "source": "6",
      "target": "4"
    },
    {
      "source": "REF_6",
      "target": "LENGTH _tokens"
    },
    {
      "source": "7",
      "target": "8"
    },
    {
      "source": "7",
      "target": "5"
    },
    {
      "source": "REF_7(address)",
      "target": "_tokens"
    },
    {
      "source": "8",
      "target": "9"
    },
    {
      "source": "REF_8(uint256)",
      "target": "_tokenValues"
    },
    {
      "source": "9",
      "target": "10"
    },
    {
      "source": "10",
      "target": "11"
    },
    {
      "source": "11",
      "target": "12"
    },
    {
      "source": "12",
      "target": "13"
    },
    {
      "source": "REF_13(mapping(address => uint256))",
      "target": "tokenBalances"
    },
    {
      "source": "REF_14(uint256)",
      "target": "REF_13"
    },
    {
      "source": "REF_15(mapping(address => uint256))",
      "target": "tokenBalances"
    },
    {
      "source": "REF_16(uint256)",
      "target": "REF_15"
    },
    {
      "source": "REF_14(uint256) (",
      "target": "tokenBalances) := TMP_28(uint256)\"]"
    },
    {
      "source": "13",
      "target": "14"
    },
    {
      "source": "14",
      "target": "7"
    }
  ]
}