{
  "nodes": [
    "0",
    "1",
    "10",
    "11",
    "12",
    "13",
    "14",
    "15",
    "2",
    "3",
    "4",
    "5",
    "6",
    "7",
    "8",
    "9",
    "REF_10",
    "REF_10(mapping(address => uint256))",
    "REF_11(uint256)",
    "REF_12(uint256)",
    "REF_12(uint256) (",
    "REF_13(uint256)",
    "REF_14(uint256)",
    "REF_14(uint256) (",
    "REF_15(uint256)",
    "REF_16",
    "REF_16(mapping(address => uint256))",
    "REF_17(uint256)",
    "REF_17(uint256) (",
    "REF_19(uint256)",
    "REF_19(uint256) (",
    "REF_33",
    "REF_33(mapping(address => uint256))",
    "REF_34(uint256)",
    "REF_35",
    "REF_35(mapping(address => uint256))",
    "REF_36(uint256)",
    "REF_36(uint256) (",
    "REF_37",
    "REF_37(mapping(address => uint256))",
    "REF_38(uint256)",
    "REF_39(uint256)",
    "REF_39(uint256) (",
    "REF_4(uint256)",
    "REF_4(uint256) (",
    "REF_40(uint256)",
    "REF_41(uint256)",
    "REF_41(uint256) (",
    "REF_42(uint256)",
    "REF_43(uint256)",
    "REF_43(uint256) (",
    "REF_44(uint256)",
    "REF_45",
    "REF_45(mapping(address => uint256))",
    "REF_46(uint256)",
    "REF_47",
    "REF_47(mapping(address => uint256))",
    "REF_48(uint256)",
    "REF_48(uint256) (",
    "REF_49",
    "REF_49(mapping(address => uint256))",
    "REF_5(uint256)",
    "REF_50(uint256)",
    "REF_51(uint256)",
    "REF_51(uint256) (",
    "REF_52(uint256)",
    "REF_6",
    "REF_6(mapping(address => uint256))",
    "REF_7(uint256)",
    "REF_8",
    "REF_8(mapping(address => uint256))",
    "REF_9(uint256)",
    "REF_9(uint256) (",
    "TMP_10(bool) = HIGH_LEVEL_CALL, dest:authority(DSAuthority), function:canCall, arguments:",
    "TMP_146(bool) = HIGH_LEVEL_CALL, dest:authority(DSAuthority), function:canCall, arguments:",
    "TMP_55(bool) = LOW_LEVEL_CALL, dest:target, function:call, arguments:",
    "TMP_74(bool) = HIGH_LEVEL_CALL, dest:authority(DSAuthority), function:canCall, arguments:",
    "_approvals",
    "_approvals) := TMP_125(uint256)\"]",
    "_approvals) := TMP_204(uint256)\"]",
    "_approvals) := TMP_224(uint256)\"]",
    "_approvals) := wad(uint256)\"]",
    "_balances",
    "_balances) := TMP_126(uint256)\"]",
    "_balances) := TMP_127(uint256)\"]",
    "_balances) := TMP_205(uint256)\"]",
    "_balances) := TMP_206(uint256)\"]",
    "_balances) := TMP_214(uint256)\"]",
    "_balances) := TMP_225(uint256)\"]",
    "_balances) := supply(uint256)\"]",
    "guy != msg.sender && _approvals",
    "src != msg.sender && _approvals"
  ],
  "edges": [
    {
      "source": "0",
      "target": "1"
    },
    {
      "source": "1",
      "target": "2"
    },
    {
      "source": "1",
      "target": "3"
    },
    {
      "source": "3",
      "target": "4"
    },
    {
      "source": "3",
      "target": "5"
    },
    {
      "source": "5",
      "target": "6"
    },
    {
      "source": "5",
      "target": "7"
    },
    {
      "source": "0",
      "target": "2"
    },
    {
      "source": "2",
      "target": "3"
    },
    {
      "source": "2",
      "target": "4"
    },
    {
      "source": "0",
      "target": "1"
    },
    {
      "source": "1",
      "target": "2"
    },
    {
      "source": "0",
      "target": "2"
    },
    {
      "source": "2",
      "target": "3"
    },
    {
      "source": "2",
      "target": "4"
    },
    {
      "source": "0",
      "target": "1"
    },
    {
      "source": "1",
      "target": "2"
    },
    {
      "source": "0",
      "target": "8"
    },
    {
      "source": "REF_33(mapping(address => uint256))",
      "target": "_approvals"
    },
    {
      "source": "REF_34(uint256)",
      "target": "REF_33"
    },
    {
      "source": "1",
      "target": "2"
    },
    {
      "source": "1",
      "target": "3"
    },
    {
      "source": "REF_35(mapping(address => uint256))",
      "target": "_approvals"
    },
    {
      "source": "REF_36(uint256)",
      "target": "REF_35"
    },
    {
      "source": "REF_37(mapping(address => uint256))",
      "target": "_approvals"
    },
    {
      "source": "REF_38(uint256)",
      "target": "REF_37"
    },
    {
      "source": "REF_36(uint256) (",
      "target": "_approvals) := TMP_204(uint256)\"]"
    },
    {
      "source": "2",
      "target": "3"
    },
    {
      "source": "3",
      "target": "4"
    },
    {
      "source": "REF_39(uint256)",
      "target": "_balances"
    },
    {
      "source": "REF_40(uint256)",
      "target": "_balances"
    },
    {
      "source": "REF_39(uint256) (",
      "target": "_balances) := TMP_205(uint256)\"]"
    },
    {
      "source": "4",
      "target": "5"
    },
    {
      "source": "REF_41(uint256)",
      "target": "_balances"
    },
    {
      "source": "REF_42(uint256)",
      "target": "_balances"
    },
    {
      "source": "REF_41(uint256) (",
      "target": "_balances) := TMP_206(uint256)\"]"
    },
    {
      "source": "5",
      "target": "6"
    },
    {
      "source": "6",
      "target": "7"
    },
    {
      "source": "8",
      "target": "1"
    },
    {
      "source": "0",
      "target": "1"
    },
    {
      "source": "1",
      "target": "2"
    },
    {
      "source": "0",
      "target": "1"
    },
    {
      "source": "0",
      "target": "1"
    },
    {
      "source": "REF_5(uint256)",
      "target": "_balances"
    },
    {
      "source": "0",
      "target": "1"
    },
    {
      "source": "0",
      "target": "1"
    },
    {
      "source": "1",
      "target": "2"
    },
    {
      "source": "2",
      "target": "3"
    },
    {
      "source": "3",
      "target": "4"
    },
    {
      "source": "4",
      "target": "5"
    },
    {
      "source": "5",
      "target": "6"
    },
    {
      "source": "0",
      "target": "2"
    },
    {
      "source": "2",
      "target": "3"
    },
    {
      "source": "3",
      "target": "1"
    },
    {
      "source": "0",
      "target": "1"
    },
    {
      "source": "1",
      "target": "2"
    },
    {
      "source": "1",
      "target": "3"
    },
    {
      "source": "REF_8(mapping(address => uint256))",
      "target": "_approvals"
    },
    {
      "source": "REF_9(uint256)",
      "target": "REF_8"
    },
    {
      "source": "REF_10(mapping(address => uint256))",
      "target": "_approvals"
    },
    {
      "source": "REF_11(uint256)",
      "target": "REF_10"
    },
    {
      "source": "REF_9(uint256) (",
      "target": "_approvals) := TMP_125(uint256)\"]"
    },
    {
      "source": "2",
      "target": "3"
    },
    {
      "source": "3",
      "target": "4"
    },
    {
      "source": "REF_12(uint256)",
      "target": "_balances"
    },
    {
      "source": "REF_13(uint256)",
      "target": "_balances"
    },
    {
      "source": "REF_12(uint256) (",
      "target": "_balances) := TMP_126(uint256)\"]"
    },
    {
      "source": "4",
      "target": "5"
    },
    {
      "source": "REF_14(uint256)",
      "target": "_balances"
    },
    {
      "source": "REF_15(uint256)",
      "target": "_balances"
    },
    {
      "source": "REF_14(uint256) (",
      "target": "_balances) := TMP_127(uint256)\"]"
    },
    {
      "source": "5",
      "target": "6"
    },
    {
      "source": "6",
      "target": "7"
    },
    {
      "source": "0",
      "target": "11"
    },
    {
      "source": "2",
      "target": "5"
    },
    {
      "source": "3",
      "target": "15"
    },
    {
      "source": "4",
      "target": "2"
    },
    {
      "source": "5",
      "target": "6"
    },
    {
      "source": "5",
      "target": "3"
    },
    {
      "source": "6",
      "target": "7"
    },
    {
      "source": "7",
      "target": "8"
    },
    {
      "source": "7",
      "target": "9"
    },
    {
      "source": "8",
      "target": "9"
    },
    {
      "source": "9",
      "target": "10"
    },
    {
      "source": "10",
      "target": "5"
    },
    {
      "source": "11",
      "target": "12"
    },
    {
      "source": "11",
      "target": "13"
    },
    {
      "source": "12",
      "target": "14"
    },
    {
      "source": "13",
      "target": "14"
    },
    {
      "source": "14",
      "target": "4"
    },
    {
      "source": "0",
      "target": "1"
    },
    {
      "source": "0",
      "target": "3"
    },
    {
      "source": "1",
      "target": "2"
    },
    {
      "source": "3",
      "target": "1"
    },
    {
      "source": "0",
      "target": "1"
    },
    {
      "source": "REF_16(mapping(address => uint256))",
      "target": "_approvals"
    },
    {
      "source": "REF_17(uint256)",
      "target": "REF_16"
    },
    {
      "source": "REF_17(uint256) (",
      "target": "_approvals) := wad(uint256)\"]"
    },
    {
      "source": "1",
      "target": "2"
    },
    {
      "source": "2",
      "target": "3"
    },
    {
      "source": "0",
      "target": "1"
    },
    {
      "source": "1",
      "target": "2"
    },
    {
      "source": "0",
      "target": "1"
    },
    {
      "source": "1",
      "target": "2"
    },
    {
      "source": "0",
      "target": "1"
    },
    {
      "source": "0",
      "target": "2"
    },
    {
      "source": "2",
      "target": "1"
    },
    {
      "source": "0",
      "target": "1"
    },
    {
      "source": "0",
      "target": "1"
    },
    {
      "source": "1",
      "target": "2"
    },
    {
      "source": "0",
      "target": "1"
    },
    {
      "source": "1",
      "target": "2"
    },
    {
      "source": "0",
      "target": "1"
    },
    {
      "source": "1",
      "target": "2"
    },
    {
      "source": "1",
      "target": "3"
    },
    {
      "source": "3",
      "target": "4"
    },
    {
      "source": "3",
      "target": "5"
    },
    {
      "source": "5",
      "target": "6"
    },
    {
      "source": "5",
      "target": "7"
    },
    {
      "source": "0",
      "target": "2"
    },
    {
      "source": "2",
      "target": "3"
    },
    {
      "source": "2",
      "target": "4"
    },
    {
      "source": "0",
      "target": "1"
    },
    {
      "source": "1",
      "target": "2"
    },
    {
      "source": "0",
      "target": "1"
    },
    {
      "source": "1",
      "target": "2"
    },
    {
      "source": "0",
      "target": "1"
    },
    {
      "source": "1",
      "target": "2"
    },
    {
      "source": "0",
      "target": "1"
    },
    {
      "source": "1",
      "target": "2"
    },
    {
      "source": "0",
      "target": "1"
    },
    {
      "source": "1",
      "target": "2"
    },
    {
      "source": "0",
      "target": "2"
    },
    {
      "source": "2",
      "target": "3"
    },
    {
      "source": "2",
      "target": "4"
    },
    {
      "source": "0",
      "target": "1"
    },
    {
      "source": "1",
      "target": "2"
    },
    {
      "source": "2",
      "target": "3"
    },
    {
      "source": "3",
      "target": "4"
    },
    {
      "source": "4",
      "target": "5"
    },
    {
      "source": "5",
      "target": "6"
    },
    {
      "source": "0",
      "target": "1"
    },
    {
      "source": "REF_19(uint256)",
      "target": "_balances"
    },
    {
      "source": "REF_19(uint256) (",
      "target": "_balances) := supply(uint256)\"]"
    },
    {
      "source": "1",
      "target": "2"
    },
    {
      "source": "0",
      "target": "1"
    },
    {
      "source": "1",
      "target": "2"
    },
    {
      "source": "1",
      "target": "3"
    },
    {
      "source": "2",
      "target": "3"
    },
    {
      "source": "0",
      "target": "2"
    },
    {
      "source": "2",
      "target": "3"
    },
    {
      "source": "2",
      "target": "4"
    },
    {
      "source": "0",
      "target": "2"
    },
    {
      "source": "2",
      "target": "3"
    },
    {
      "source": "2",
      "target": "4"
    },
    {
      "source": "0",
      "target": "2"
    },
    {
      "source": "2",
      "target": "3"
    },
    {
      "source": "2",
      "target": "4"
    },
    {
      "source": "0",
      "target": "1"
    },
    {
      "source": "0",
      "target": "1"
    },
    {
      "source": "1",
      "target": "2"
    },
    {
      "source": "0",
      "target": "1"
    },
    {
      "source": "1",
      "target": "2"
    },
    {
      "source": "0",
      "target": "1"
    },
    {
      "source": "1",
      "target": "2"
    },
    {
      "source": "0",
      "target": "1"
    },
    {
      "source": "REF_6(mapping(address => uint256))",
      "target": "_approvals"
    },
    {
      "source": "REF_7(uint256)",
      "target": "REF_6"
    },
    {
      "source": "0",
      "target": "1"
    },
    {
      "source": "1",
      "target": "2"
    },
    {
      "source": "0",
      "target": "2"
    },
    {
      "source": "2",
      "target": "3"
    },
    {
      "source": "2",
      "target": "4"
    },
    {
      "source": "0",
      "target": "1"
    },
    {
      "source": "1",
      "target": "2"
    },
    {
      "source": "0",
      "target": "1"
    },
    {
      "source": "0",
      "target": "1"
    },
    {
      "source": "1",
      "target": "2"
    },
    {
      "source": "0",
      "target": "1"
    },
    {
      "source": "1",
      "target": "2"
    },
    {
      "source": "2",
      "target": "3"
    },
    {
      "source": "3",
      "target": "4"
    },
    {
      "source": "4",
      "target": "5"
    },
    {
      "source": "5",
      "target": "6"
    },
    {
      "source": "0",
      "target": "1"
    },
    {
      "source": "1",
      "target": "2"
    },
    {
      "source": "0",
      "target": "1"
    },
    {
      "source": "1",
      "target": "2"
    },
    {
      "source": "0",
      "target": "1"
    },
    {
      "source": "0",
      "target": "1"
    },
    {
      "source": "0",
      "target": "7"
    },
    {
      "source": "REF_45(mapping(address => uint256))",
      "target": "_approvals"
    },
    {
      "source": "REF_46(uint256)",
      "target": "REF_45"
    },
    {
      "source": "1",
      "target": "2"
    },
    {
      "source": "1",
      "target": "3"
    },
    {
      "source": "REF_47(mapping(address => uint256))",
      "target": "_approvals"
    },
    {
      "source": "REF_48(uint256)",
      "target": "REF_47"
    },
    {
      "source": "REF_49(mapping(address => uint256))",
      "target": "_approvals"
    },
    {
      "source": "REF_50(uint256)",
      "target": "REF_49"
    },
    {
      "source": "REF_48(uint256) (",
      "target": "_approvals) := TMP_224(uint256)\"]"
    },
    {
      "source": "2",
      "target": "3"
    },
    {
      "source": "3",
      "target": "4"
    },
    {
      "source": "REF_51(uint256)",
      "target": "_balances"
    },
    {
      "source": "REF_52(uint256)",
      "target": "_balances"
    },
    {
      "source": "REF_51(uint256) (",
      "target": "_balances) := TMP_225(uint256)\"]"
    },
    {
      "source": "4",
      "target": "5"
    },
    {
      "source": "5",
      "target": "6"
    },
    {
      "source": "7",
      "target": "8"
    },
    {
      "source": "8",
      "target": "1"
    },
    {
      "source": "0",
      "target": "2"
    },
    {
      "source": "2",
      "target": "1"
    },
    {
      "source": "0",
      "target": "1"
    },
    {
      "source": "0",
      "target": "3"
    },
    {
      "source": "1",
      "target": "2"
    },
    {
      "source": "3",
      "target": "1"
    },
    {
      "source": "0",
      "target": "2"
    },
    {
      "source": "2",
      "target": "3"
    },
    {
      "source": "2",
      "target": "4"
    },
    {
      "source": "0",
      "target": "1"
    },
    {
      "source": "1",
      "target": "2"
    },
    {
      "source": "0",
      "target": "1"
    },
    {
      "source": "0",
      "target": "2"
    },
    {
      "source": "2",
      "target": "3"
    },
    {
      "source": "2",
      "target": "4"
    },
    {
      "source": "0",
      "target": "1"
    },
    {
      "source": "1",
      "target": "2"
    },
    {
      "source": "0",
      "target": "2"
    },
    {
      "source": "2",
      "target": "3"
    },
    {
      "source": "3",
      "target": "1"
    },
    {
      "source": "0",
      "target": "1"
    },
    {
      "source": "1",
      "target": "2"
    },
    {
      "source": "0",
      "target": "1"
    },
    {
      "source": "1",
      "target": "2"
    },
    {
      "source": "0",
      "target": "2"
    },
    {
      "source": "2",
      "target": "3"
    },
    {
      "source": "3",
      "target": "1"
    },
    {
      "source": "0",
      "target": "1"
    },
    {
      "source": "1",
      "target": "2"
    },
    {
      "source": "0",
      "target": "3"
    },
    {
      "source": "1",
      "target": "2"
    },
    {
      "source": "3",
      "target": "1"
    },
    {
      "source": "0",
      "target": "1"
    },
    {
      "source": "1",
      "target": "2"
    },
    {
      "source": "1",
      "target": "3"
    },
    {
      "source": "3",
      "target": "4"
    },
    {
      "source": "3",
      "target": "5"
    },
    {
      "source": "5",
      "target": "6"
    },
    {
      "source": "5",
      "target": "7"
    },
    {
      "source": "0",
      "target": "11"
    },
    {
      "source": "2",
      "target": "5"
    },
    {
      "source": "3",
      "target": "15"
    },
    {
      "source": "4",
      "target": "2"
    },
    {
      "source": "5",
      "target": "6"
    },
    {
      "source": "5",
      "target": "3"
    },
    {
      "source": "6",
      "target": "7"
    },
    {
      "source": "7",
      "target": "8"
    },
    {
      "source": "7",
      "target": "9"
    },
    {
      "source": "8",
      "target": "9"
    },
    {
      "source": "9",
      "target": "10"
    },
    {
      "source": "10",
      "target": "5"
    },
    {
      "source": "11",
      "target": "12"
    },
    {
      "source": "11",
      "target": "13"
    },
    {
      "source": "12",
      "target": "14"
    },
    {
      "source": "13",
      "target": "14"
    },
    {
      "source": "14",
      "target": "4"
    },
    {
      "source": "0",
      "target": "1"
    },
    {
      "source": "0",
      "target": "1"
    },
    {
      "source": "1",
      "target": "2"
    },
    {
      "source": "0",
      "target": "2"
    },
    {
      "source": "2",
      "target": "3"
    },
    {
      "source": "2",
      "target": "4"
    },
    {
      "source": "0",
      "target": "1"
    },
    {
      "source": "REF_4(uint256)",
      "target": "_balances"
    },
    {
      "source": "REF_4(uint256) (",
      "target": "_balances) := supply(uint256)\"]"
    },
    {
      "source": "1",
      "target": "2"
    },
    {
      "source": "0",
      "target": "1"
    },
    {
      "source": "0",
      "target": "1"
    },
    {
      "source": "1",
      "target": "2"
    },
    {
      "source": "0",
      "target": "2"
    },
    {
      "source": "2",
      "target": "3"
    },
    {
      "source": "2",
      "target": "4"
    },
    {
      "source": "0",
      "target": "1"
    },
    {
      "source": "1",
      "target": "2"
    },
    {
      "source": "0",
      "target": "3"
    },
    {
      "source": "1",
      "target": "2"
    },
    {
      "source": "3",
      "target": "1"
    },
    {
      "source": "0",
      "target": "11"
    },
    {
      "source": "2",
      "target": "5"
    },
    {
      "source": "3",
      "target": "15"
    },
    {
      "source": "4",
      "target": "2"
    },
    {
      "source": "5",
      "target": "6"
    },
    {
      "source": "5",
      "target": "3"
    },
    {
      "source": "6",
      "target": "7"
    },
    {
      "source": "7",
      "target": "8"
    },
    {
      "source": "7",
      "target": "9"
    },
    {
      "source": "8",
      "target": "9"
    },
    {
      "source": "9",
      "target": "10"
    },
    {
      "source": "10",
      "target": "5"
    },
    {
      "source": "11",
      "target": "12"
    },
    {
      "source": "11",
      "target": "13"
    },
    {
      "source": "12",
      "target": "14"
    },
    {
      "source": "13",
      "target": "14"
    },
    {
      "source": "14",
      "target": "4"
    },
    {
      "source": "0",
      "target": "2"
    },
    {
      "source": "2",
      "target": "3"
    },
    {
      "source": "3",
      "target": "1"
    },
    {
      "source": "0",
      "target": "3"
    },
    {
      "source": "1",
      "target": "2"
    },
    {
      "source": "3",
      "target": "1"
    },
    {
      "source": "0",
      "target": "1"
    },
    {
      "source": "1",
      "target": "2"
    },
    {
      "source": "0",
      "target": "2"
    },
    {
      "source": "2",
      "target": "1"
    },
    {
      "source": "0",
      "target": "4"
    },
    {
      "source": "REF_43(uint256)",
      "target": "_balances"
    },
    {
      "source": "REF_44(uint256)",
      "target": "_balances"
    },
    {
      "source": "REF_43(uint256) (",
      "target": "_balances) := TMP_214(uint256)\"]"
    },
    {
      "source": "1",
      "target": "2"
    },
    {
      "source": "2",
      "target": "3"
    },
    {
      "source": "4",
      "target": "5"
    },
    {
      "source": "5",
      "target": "1"
    },
    {
      "source": "0",
      "target": "1"
    },
    {
      "source": "1",
      "target": "2"
    },
    {
      "source": "0",
      "target": "1"
    },
    {
      "source": "0",
      "target": "1"
    },
    {
      "source": "1",
      "target": "2"
    },
    {
      "source": "0",
      "target": "3"
    },
    {
      "source": "1",
      "target": "2"
    },
    {
      "source": "3",
      "target": "1"
    },
    {
      "source": "0",
      "target": "1"
    }
  ]
}