{
  "nodes": [
    "0",
    "1",
    "2",
    "3",
    "4",
    "REF_0(",
    "REF_0(uint256)",
    "REF_1(uint256)",
    "REF_4(",
    "REF_4(uint256)",
    "REF_5(uint256)",
    "TMP_2(bool) = LOW_LEVEL_CALL, dest:msg.sender, function:call, arguments:",
    "credit",
    "credit) = REF_0 + msg.value\"]",
    "credit) = REF_4 - amount\"]"
  ],
  "edges": [
    {
      "source": "0",
      "target": "1"
    },
    {
      "source": "REF_0(uint256)",
      "target": "credit"
    },
    {
      "source": "REF_0(",
      "target": "credit) = REF_0 + msg.value\"]"
    },
    {
      "source": "0",
      "target": "1"
    },
    {
      "source": "REF_5(uint256)",
      "target": "credit"
    },
    {
      "source": "0",
      "target": "1"
    },
    {
      "source": "REF_1(uint256)",
      "target": "credit"
    },
    {
      "source": "1",
      "target": "2"
    },
    {
      "source": "1",
      "target": "4"
    },
    {
      "source": "2",
      "target": "3"
    },
    {
      "source": "REF_4(uint256)",
      "target": "credit"
    },
    {
      "source": "REF_4(",
      "target": "credit) = REF_4 - amount\"]"
    },
    {
      "source": "3",
      "target": "4"
    }
  ]
}