{
  "nodes": [
    "0",
    "1",
    "2",
    "TMP_2(bool) = LOW_LEVEL_CALL, dest:_to, function:call, arguments:",
    "TMP_6(bool) = LOW_LEVEL_CALL, dest:_to, function:call, arguments:"
  ],
  "edges": [
    {
      "source": "0",
      "target": "1"
    },
    {
      "source": "0",
      "target": "2"
    },
    {
      "source": "2",
      "target": "1"
    },
    {
      "source": "0",
      "target": "1"
    },
    {
      "source": "0",
      "target": "2"
    },
    {
      "source": "2",
      "target": "1"
    },
    {
      "source": "0",
      "target": "1"
    },
    {
      "source": "1",
      "target": "2"
    },
    {
      "source": "0",
      "target": "2"
    },
    {
      "source": "2",
      "target": "1"
    }
  ]
}