{
  "nodes": [
    "0",
    "1",
    "2",
    "3",
    "4",
    "5",
    "REF_0(",
    "REF_0(uint256)",
    "REF_1(uint256)",
    "REF_2(uint256)",
    "REF_2(uint256) (",
    "TMP_5(bool) = LOW_LEVEL_CALL, dest:msg.sender, function:call, arguments:",
    "balance = balances",
    "balances",
    "balances) := 0(uint256)\"]",
    "balances) = REF_0 + msg.value\"]"
  ],
  "edges": [
    {
      "source": "0",
      "target": "1"
    },
    {
      "source": "1",
      "target": "2"
    },
    {
      "source": "REF_0(uint256)",
      "target": "balances"
    },
    {
      "source": "REF_0(",
      "target": "balances) = REF_0 + msg.value\"]"
    },
    {
      "source": "0",
      "target": "1"
    },
    {
      "source": "REF_1(uint256)",
      "target": "balances"
    },
    {
      "source": "1",
      "target": "2"
    },
    {
      "source": "2",
      "target": "3"
    },
    {
      "source": "REF_2(uint256)",
      "target": "balances"
    },
    {
      "source": "REF_2(uint256) (",
      "target": "balances) := 0(uint256)\"]"
    },
    {
      "source": "3",
      "target": "4"
    },
    {
      "source": "4",
      "target": "5"
    }
  ]
}