{
  "nodes": [
    "0",
    "1",
    "2",
    "3",
    "4",
    "5",
    "6",
    "7",
    "8",
    "LENGTH returndata",
    "None) := 157198259(bytes4)",
    "None) := 2835717307(bytes4)",
    "None) := 599290589(bytes4)",
    "REF_0(uint256)",
    "REF_1",
    "REF_1(mapping(address => uint256))",
    "REF_10(uint256)",
    "REF_12(uint256)",
    "REF_12(uint256) (",
    "REF_13(uint256)",
    "REF_15(uint256)",
    "REF_15(uint256) (",
    "REF_16(uint256)",
    "REF_19(uint256)",
    "REF_19(uint256) (",
    "REF_2(uint256)",
    "REF_20(uint256)",
    "REF_22(uint256)",
    "REF_22(uint256) (",
    "REF_23(uint256)",
    "REF_26",
    "REF_26(mapping(address => uint256))",
    "REF_27(uint256)",
    "REF_27(uint256) (",
    "REF_3",
    "REF_3(mapping(address => uint256))",
    "REF_30(bytes4) (",
    "REF_33(bytes4) (",
    "REF_37(bytes4) (",
    "REF_4(uint256)",
    "REF_40",
    "REF_42(uint256)",
    "REF_43",
    "REF_43(mapping(address => uint256))",
    "REF_44(uint256)",
    "REF_45",
    "REF_45(mapping(address => uint256))",
    "REF_46(uint256)",
    "REF_48",
    "REF_48(mapping(address => uint256))",
    "REF_49(uint256)",
    "REF_51",
    "REF_51(mapping(address => uint256))",
    "REF_52(uint256)",
    "REF_54(uint256)",
    "REF_54(uint256) (",
    "REF_55(uint256)",
    "REF_57(uint256)",
    "REF_57(uint256) (",
    "REF_58(uint256)",
    "REF_6",
    "REF_6(mapping(address => uint256))",
    "REF_61(uint256)",
    "REF_61(uint256) (",
    "REF_62(uint256)",
    "REF_64(uint256)",
    "REF_64(uint256) (",
    "REF_65(uint256)",
    "REF_68",
    "REF_68(mapping(address => uint256))",
    "REF_69(uint256)",
    "REF_69(uint256) (",
    "REF_7(uint256)",
    "REF_70(bool)",
    "REF_71(bool)",
    "REF_71(bool) (",
    "REF_72(bool)",
    "REF_72(bool) (",
    "REF_9",
    "REF_9(mapping(address => uint256))",
    "TMP_101(uint256) = LIBRARY_CALL, dest:SafeMath, function:SafeMath.sub(uint256,uint256,string), arguments:",
    "TMP_109(uint256) = LIBRARY_CALL, dest:SafeMath, function:SafeMath.sub(uint256,uint256,string), arguments:",
    "TMP_11(uint256) = LIBRARY_CALL, dest:SafeMath, function:SafeMath.add(uint256,uint256), arguments:",
    "TMP_110(uint256) = LIBRARY_CALL, dest:SafeMath, function:SafeMath.add(uint256,uint256), arguments:",
    "TMP_115(uint256) = LIBRARY_CALL, dest:SafeMath, function:SafeMath.add(uint256,uint256), arguments:",
    "TMP_116(uint256) = LIBRARY_CALL, dest:SafeMath, function:SafeMath.add(uint256,uint256), arguments:",
    "TMP_122(uint256) = LIBRARY_CALL, dest:SafeMath, function:SafeMath.sub(uint256,uint256,string), arguments:",
    "TMP_123(uint256) = LIBRARY_CALL, dest:SafeMath, function:SafeMath.sub(uint256,uint256), arguments:",
    "TMP_15(uint256) = LIBRARY_CALL, dest:SafeMath, function:SafeMath.sub(uint256,uint256,string), arguments:",
    "TMP_23(uint256) = LIBRARY_CALL, dest:SafeMath, function:SafeMath.sub(uint256,uint256,string), arguments:",
    "TMP_24(uint256) = LIBRARY_CALL, dest:SafeMath, function:SafeMath.add(uint256,uint256), arguments:",
    "TMP_29(uint256) = LIBRARY_CALL, dest:SafeMath, function:SafeMath.add(uint256,uint256), arguments:",
    "TMP_30(uint256) = LIBRARY_CALL, dest:SafeMath, function:SafeMath.add(uint256,uint256), arguments:",
    "TMP_36(uint256) = LIBRARY_CALL, dest:SafeMath, function:SafeMath.sub(uint256,uint256,string), arguments:",
    "TMP_37(uint256) = LIBRARY_CALL, dest:SafeMath, function:SafeMath.sub(uint256,uint256), arguments:",
    "TMP_7(uint256) = LIBRARY_CALL, dest:SafeMath, function:SafeMath.sub(uint256,uint256,string), arguments:",
    "TMP_72(uint256) = HIGH_LEVEL_CALL, dest:token(IERC20), function:allowance, arguments:",
    "TMP_79(bool) = LIBRARY_CALL, dest:Address, function:Address.isContract(address), arguments:",
    "TMP_93(uint256) = LIBRARY_CALL, dest:SafeMath, function:SafeMath.sub(uint256,uint256,string), arguments:",
    "TMP_97(uint256) = LIBRARY_CALL, dest:SafeMath, function:SafeMath.add(uint256,uint256), arguments:",
    "TUPLE_0(bool,bytes) = LOW_LEVEL_CALL, dest:TMP_81, function:call, arguments:",
    "_allowances",
    "_allowances) := amount(uint256)\"]",
    "_approve(_msgSender(),spender,_allowances",
    "_approve(sender,_msgSender(),_allowances",
    "_balances",
    "_balances) := TMP_109(uint256)\"]",
    "_balances) := TMP_110(uint256)\"]",
    "_balances) := TMP_116(uint256)\"]",
    "_balances) := TMP_122(uint256)\"]",
    "_balances) := TMP_23(uint256)\"]",
    "_balances) := TMP_24(uint256)\"]",
    "_balances) := TMP_30(uint256)\"]",
    "_balances) := TMP_36(uint256)\"]",
    "minters",
    "minters) := False(bool)\"]",
    "minters) := True(bool)\"]",
    "require(bool,string)(minters"
  ],
  "edges": [
    {
      "source": "0",
      "target": "1"
    },
    {
      "source": "1",
      "target": "2"
    },
    {
      "source": "2",
      "target": "3"
    },
    {
      "source": "0",
      "target": "1"
    },
    {
      "source": "0",
      "target": "1"
    },
    {
      "source": "1",
      "target": "2"
    },
    {
      "source": "2",
      "target": "3"
    },
    {
      "source": "REF_12(uint256)",
      "target": "_balances"
    },
    {
      "source": "REF_13(uint256)",
      "target": "_balances"
    },
    {
      "source": "REF_12(uint256) (",
      "target": "_balances) := TMP_23(uint256)\"]"
    },
    {
      "source": "3",
      "target": "4"
    },
    {
      "source": "REF_15(uint256)",
      "target": "_balances"
    },
    {
      "source": "REF_16(uint256)",
      "target": "_balances"
    },
    {
      "source": "REF_15(uint256) (",
      "target": "_balances) := TMP_24(uint256)\"]"
    },
    {
      "source": "4",
      "target": "5"
    },
    {
      "source": "0",
      "target": "1"
    },
    {
      "source": "1",
      "target": "2"
    },
    {
      "source": "2",
      "target": "3"
    },
    {
      "source": "0",
      "target": "1"
    },
    {
      "source": "1",
      "target": "2"
    },
    {
      "source": "0",
      "target": "1"
    },
    {
      "source": "1",
      "target": "2"
    },
    {
      "source": "2",
      "target": "3"
    },
    {
      "source": "3",
      "target": "4"
    },
    {
      "source": "4",
      "target": "5"
    },
    {
      "source": "0",
      "target": "1"
    },
    {
      "source": "0",
      "target": "1"
    },
    {
      "source": "1",
      "target": "2"
    },
    {
      "source": "REF_71(bool)",
      "target": "minters"
    },
    {
      "source": "REF_71(bool) (",
      "target": "minters) := True(bool)\"]"
    },
    {
      "source": "0",
      "target": "1"
    },
    {
      "source": "0",
      "target": "1"
    },
    {
      "source": "REF_33(bytes4) (",
      "target": "None) := 599290589(bytes4)"
    },
    {
      "source": "0",
      "target": "1"
    },
    {
      "source": "0",
      "target": "1"
    },
    {
      "source": "1",
      "target": "2"
    },
    {
      "source": "1",
      "target": "3"
    },
    {
      "source": "3",
      "target": "4"
    },
    {
      "source": "4",
      "target": "5"
    },
    {
      "source": "5",
      "target": "6"
    },
    {
      "source": "0",
      "target": "1"
    },
    {
      "source": "0",
      "target": "1"
    },
    {
      "source": "1",
      "target": "2"
    },
    {
      "source": "REF_22(uint256)",
      "target": "_balances"
    },
    {
      "source": "REF_23(uint256)",
      "target": "_balances"
    },
    {
      "source": "REF_22(uint256) (",
      "target": "_balances) := TMP_36(uint256)\"]"
    },
    {
      "source": "2",
      "target": "3"
    },
    {
      "source": "3",
      "target": "4"
    },
    {
      "source": "0",
      "target": "1"
    },
    {
      "source": "1",
      "target": "2"
    },
    {
      "source": "2",
      "target": "3"
    },
    {
      "source": "REF_54(uint256)",
      "target": "_balances"
    },
    {
      "source": "REF_55(uint256)",
      "target": "_balances"
    },
    {
      "source": "REF_54(uint256) (",
      "target": "_balances) := TMP_109(uint256)\"]"
    },
    {
      "source": "3",
      "target": "4"
    },
    {
      "source": "REF_57(uint256)",
      "target": "_balances"
    },
    {
      "source": "REF_58(uint256)",
      "target": "_balances"
    },
    {
      "source": "REF_57(uint256) (",
      "target": "_balances) := TMP_110(uint256)\"]"
    },
    {
      "source": "4",
      "target": "5"
    },
    {
      "source": "0",
      "target": "1"
    },
    {
      "source": "1",
      "target": "2"
    },
    {
      "source": "REF_64(uint256)",
      "target": "_balances"
    },
    {
      "source": "REF_65(uint256)",
      "target": "_balances"
    },
    {
      "source": "REF_64(uint256) (",
      "target": "_balances) := TMP_122(uint256)\"]"
    },
    {
      "source": "2",
      "target": "3"
    },
    {
      "source": "3",
      "target": "4"
    },
    {
      "source": "0",
      "target": "1"
    },
    {
      "source": "0",
      "target": "1"
    },
    {
      "source": "1",
      "target": "2"
    },
    {
      "source": "2",
      "target": "3"
    },
    {
      "source": "0",
      "target": "1"
    },
    {
      "source": "0",
      "target": "1"
    },
    {
      "source": "REF_43(mapping(address => uint256))",
      "target": "_allowances"
    },
    {
      "source": "REF_44(uint256)",
      "target": "REF_43"
    },
    {
      "source": "0",
      "target": "1"
    },
    {
      "source": "REF_70(bool)",
      "target": "minters"
    },
    {
      "source": "1",
      "target": "2"
    },
    {
      "source": "0",
      "target": "1"
    },
    {
      "source": "REF_30(bytes4) (",
      "target": "None) := 2835717307(bytes4)"
    },
    {
      "source": "0",
      "target": "1"
    },
    {
      "source": "REF_42(uint256)",
      "target": "_balances"
    },
    {
      "source": "0",
      "target": "1"
    },
    {
      "source": "1",
      "target": "2"
    },
    {
      "source": "0",
      "target": "1"
    },
    {
      "source": "REF_9(mapping(address => uint256))",
      "target": "_allowances"
    },
    {
      "source": "REF_10(uint256)",
      "target": "REF_9"
    },
    {
      "source": "1",
      "target": "2"
    },
    {
      "source": "0",
      "target": "1"
    },
    {
      "source": "1",
      "target": "2"
    },
    {
      "source": "2",
      "target": "3"
    },
    {
      "source": "REF_26(mapping(address => uint256))",
      "target": "_allowances"
    },
    {
      "source": "REF_27(uint256)",
      "target": "REF_26"
    },
    {
      "source": "REF_27(uint256) (",
      "target": "_allowances) := amount(uint256)\"]"
    },
    {
      "source": "3",
      "target": "4"
    },
    {
      "source": "0",
      "target": "1"
    },
    {
      "source": "0",
      "target": "1"
    },
    {
      "source": "1",
      "target": "2"
    },
    {
      "source": "2",
      "target": "3"
    },
    {
      "source": "0",
      "target": "1"
    },
    {
      "source": "1",
      "target": "2"
    },
    {
      "source": "2",
      "target": "3"
    },
    {
      "source": "0",
      "target": "1"
    },
    {
      "source": "1",
      "target": "2"
    },
    {
      "source": "2",
      "target": "3"
    },
    {
      "source": "REF_61(uint256)",
      "target": "_balances"
    },
    {
      "source": "REF_62(uint256)",
      "target": "_balances"
    },
    {
      "source": "REF_61(uint256) (",
      "target": "_balances) := TMP_116(uint256)\"]"
    },
    {
      "source": "3",
      "target": "4"
    },
    {
      "source": "0",
      "target": "1"
    },
    {
      "source": "0",
      "target": "1"
    },
    {
      "source": "1",
      "target": "2"
    },
    {
      "source": "0",
      "target": "1"
    },
    {
      "source": "1",
      "target": "2"
    },
    {
      "source": "2",
      "target": "3"
    },
    {
      "source": "3",
      "target": "4"
    },
    {
      "source": "4",
      "target": "5"
    },
    {
      "source": "5",
      "target": "6"
    },
    {
      "source": "REF_40",
      "target": "LENGTH returndata"
    },
    {
      "source": "6",
      "target": "7"
    },
    {
      "source": "6",
      "target": "8"
    },
    {
      "source": "7",
      "target": "8"
    },
    {
      "source": "0",
      "target": "1"
    },
    {
      "source": "REF_0(uint256)",
      "target": "_balances"
    },
    {
      "source": "0",
      "target": "1"
    },
    {
      "source": "REF_48(mapping(address => uint256))",
      "target": "_allowances"
    },
    {
      "source": "REF_49(uint256)",
      "target": "REF_48"
    },
    {
      "source": "1",
      "target": "2"
    },
    {
      "source": "0",
      "target": "1"
    },
    {
      "source": "1",
      "target": "2"
    },
    {
      "source": "0",
      "target": "1"
    },
    {
      "source": "REF_51(mapping(address => uint256))",
      "target": "_allowances"
    },
    {
      "source": "REF_52(uint256)",
      "target": "REF_51"
    },
    {
      "source": "1",
      "target": "2"
    },
    {
      "source": "0",
      "target": "1"
    },
    {
      "source": "REF_1(mapping(address => uint256))",
      "target": "_allowances"
    },
    {
      "source": "REF_2(uint256)",
      "target": "REF_1"
    },
    {
      "source": "0",
      "target": "1"
    },
    {
      "source": "1",
      "target": "2"
    },
    {
      "source": "2",
      "target": "3"
    },
    {
      "source": "REF_19(uint256)",
      "target": "_balances"
    },
    {
      "source": "REF_20(uint256)",
      "target": "_balances"
    },
    {
      "source": "REF_19(uint256) (",
      "target": "_balances) := TMP_30(uint256)\"]"
    },
    {
      "source": "3",
      "target": "4"
    },
    {
      "source": "0",
      "target": "1"
    },
    {
      "source": "1",
      "target": "2"
    },
    {
      "source": "REF_72(bool)",
      "target": "minters"
    },
    {
      "source": "REF_72(bool) (",
      "target": "minters) := False(bool)\"]"
    },
    {
      "source": "0",
      "target": "1"
    },
    {
      "source": "0",
      "target": "1"
    },
    {
      "source": "0",
      "target": "1"
    },
    {
      "source": "0",
      "target": "1"
    },
    {
      "source": "1",
      "target": "2"
    },
    {
      "source": "0",
      "target": "1"
    },
    {
      "source": "0",
      "target": "1"
    },
    {
      "source": "REF_6(mapping(address => uint256))",
      "target": "_allowances"
    },
    {
      "source": "REF_7(uint256)",
      "target": "REF_6"
    },
    {
      "source": "1",
      "target": "2"
    },
    {
      "source": "0",
      "target": "3"
    },
    {
      "source": "1",
      "target": "2"
    },
    {
      "source": "3",
      "target": "1"
    },
    {
      "source": "0",
      "target": "1"
    },
    {
      "source": "1",
      "target": "2"
    },
    {
      "source": "REF_3(mapping(address => uint256))",
      "target": "_allowances"
    },
    {
      "source": "REF_4(uint256)",
      "target": "REF_3"
    },
    {
      "source": "2",
      "target": "3"
    },
    {
      "source": "0",
      "target": "1"
    },
    {
      "source": "1",
      "target": "2"
    },
    {
      "source": "REF_45(mapping(address => uint256))",
      "target": "_allowances"
    },
    {
      "source": "REF_46(uint256)",
      "target": "REF_45"
    },
    {
      "source": "2",
      "target": "3"
    },
    {
      "source": "0",
      "target": "1"
    },
    {
      "source": "1",
      "target": "2"
    },
    {
      "source": "2",
      "target": "3"
    },
    {
      "source": "REF_68(mapping(address => uint256))",
      "target": "_allowances"
    },
    {
      "source": "REF_69(uint256)",
      "target": "REF_68"
    },
    {
      "source": "REF_69(uint256) (",
      "target": "_allowances) := amount(uint256)\"]"
    },
    {
      "source": "3",
      "target": "4"
    },
    {
      "source": "0",
      "target": "1"
    },
    {
      "source": "1",
      "target": "2"
    },
    {
      "source": "REF_37(bytes4) (",
      "target": "None) := 157198259(bytes4)"
    }
  ]
}