{
  "nodes": [
    "0",
    "1",
    "2",
    "3",
    "4",
    "5",
    "6",
    "Approval(from,msg.sender,_allowed",
    "REF_0",
    "REF_0(mapping(address => bool))",
    "REF_1(bool)",
    "REF_1(bool) (",
    "REF_10",
    "REF_10(mapping(address => uint256))",
    "REF_11(uint256)",
    "REF_11(uint256) (",
    "REF_12",
    "REF_12(mapping(address => uint256))",
    "REF_13(uint256)",
    "REF_13(uint256) (",
    "REF_14",
    "REF_14(mapping(address => uint256))",
    "REF_15(uint256)",
    "REF_17",
    "REF_17(mapping(address => uint256))",
    "REF_18(uint256)",
    "REF_19(uint256)",
    "REF_19(uint256) (",
    "REF_2",
    "REF_2(mapping(address => bool))",
    "REF_20(uint256)",
    "REF_22(uint256)",
    "REF_22(uint256) (",
    "REF_23(uint256)",
    "REF_3(bool)",
    "REF_3(bool) (",
    "REF_4",
    "REF_4(mapping(address => bool))",
    "REF_5(bool)",
    "REF_6(uint256)",
    "REF_6(uint256) (",
    "REF_7(uint256)",
    "REF_8",
    "REF_8(mapping(address => uint256))",
    "REF_9(uint256)",
    "TMP_64(uint256) = LIBRARY_CALL, dest:SafeMath, function:SafeMath.sub(uint256,uint256), arguments:",
    "TMP_70(uint256) = LIBRARY_CALL, dest:SafeMath, function:SafeMath.sub(uint256,uint256), arguments:",
    "TMP_71(uint256) = LIBRARY_CALL, dest:SafeMath, function:SafeMath.add(uint256,uint256), arguments:",
    "_allowed",
    "_allowed) := TMP_64(uint256)\"]",
    "_allowed) := value(uint256)\"]",
    "_balances",
    "_balances) := TMP_70(uint256)\"]",
    "_balances) := TMP_71(uint256)\"]",
    "_balances) := initialSupply(uint256)\"]",
    "role) := False(bool)\"]",
    "role) := True(bool)\"]",
    "role.bearer"
  ],
  "edges": [
    {
      "source": "0",
      "target": "1"
    },
    {
      "source": "1",
      "target": "2"
    },
    {
      "source": "2",
      "target": "3"
    },
    {
      "source": "0",
      "target": "1"
    },
    {
      "source": "1",
      "target": "2"
    },
    {
      "source": "2",
      "target": "3"
    },
    {
      "source": "REF_2(mapping(address => bool))",
      "target": "role.bearer"
    },
    {
      "source": "REF_3(bool)",
      "target": "REF_2"
    },
    {
      "source": "REF_3(bool) (",
      "target": "role) := False(bool)\"]"
    },
    {
      "source": "0",
      "target": "3"
    },
    {
      "source": "1",
      "target": "2"
    },
    {
      "source": "3",
      "target": "1"
    },
    {
      "source": "0",
      "target": "1"
    },
    {
      "source": "1",
      "target": "2"
    },
    {
      "source": "REF_6(uint256)",
      "target": "_balances"
    },
    {
      "source": "REF_6(uint256) (",
      "target": "_balances) := initialSupply(uint256)\"]"
    },
    {
      "source": "0",
      "target": "1"
    },
    {
      "source": "1",
      "target": "2"
    },
    {
      "source": "2",
      "target": "3"
    },
    {
      "source": "0",
      "target": "2"
    },
    {
      "source": "2",
      "target": "1"
    },
    {
      "source": "0",
      "target": "1"
    },
    {
      "source": "0",
      "target": "1"
    },
    {
      "source": "1",
      "target": "2"
    },
    {
      "source": "2",
      "target": "3"
    },
    {
      "source": "0",
      "target": "1"
    },
    {
      "source": "1",
      "target": "2"
    },
    {
      "source": "0",
      "target": "3"
    },
    {
      "source": "1",
      "target": "2"
    },
    {
      "source": "3",
      "target": "1"
    },
    {
      "source": "0",
      "target": "1"
    },
    {
      "source": "0",
      "target": "1"
    },
    {
      "source": "1",
      "target": "2"
    },
    {
      "source": "2",
      "target": "3"
    },
    {
      "source": "0",
      "target": "1"
    },
    {
      "source": "REF_12(mapping(address => uint256))",
      "target": "_allowed"
    },
    {
      "source": "REF_13(uint256)",
      "target": "REF_12"
    },
    {
      "source": "REF_14(mapping(address => uint256))",
      "target": "_allowed"
    },
    {
      "source": "REF_15(uint256)",
      "target": "REF_14"
    },
    {
      "source": "REF_13(uint256) (",
      "target": "_allowed) := TMP_64(uint256)\"]"
    },
    {
      "source": "1",
      "target": "2"
    },
    {
      "source": "2",
      "target": "3"
    },
    {
      "source": "REF_17(mapping(address => uint256))",
      "target": "_allowed"
    },
    {
      "source": "REF_18(uint256)",
      "target": "REF_17"
    },
    {
      "source": "3",
      "target": "4"
    },
    {
      "source": "0",
      "target": "1"
    },
    {
      "source": "1",
      "target": "2"
    },
    {
      "source": "REF_4(mapping(address => bool))",
      "target": "role.bearer"
    },
    {
      "source": "REF_5(bool)",
      "target": "REF_4"
    },
    {
      "source": "0",
      "target": "1"
    },
    {
      "source": "1",
      "target": "2"
    },
    {
      "source": "1",
      "target": "3"
    },
    {
      "source": "3",
      "target": "4"
    },
    {
      "source": "4",
      "target": "5"
    },
    {
      "source": "5",
      "target": "6"
    },
    {
      "source": "0",
      "target": "1"
    },
    {
      "source": "1",
      "target": "2"
    },
    {
      "source": "0",
      "target": "1"
    },
    {
      "source": "1",
      "target": "2"
    },
    {
      "source": "REF_10(mapping(address => uint256))",
      "target": "_allowed"
    },
    {
      "source": "REF_11(uint256)",
      "target": "REF_10"
    },
    {
      "source": "REF_11(uint256) (",
      "target": "_allowed) := value(uint256)\"]"
    },
    {
      "source": "2",
      "target": "3"
    },
    {
      "source": "3",
      "target": "4"
    },
    {
      "source": "0",
      "target": "1"
    },
    {
      "source": "1",
      "target": "2"
    },
    {
      "source": "0",
      "target": "1"
    },
    {
      "source": "1",
      "target": "2"
    },
    {
      "source": "0",
      "target": "1"
    },
    {
      "source": "REF_7(uint256)",
      "target": "_balances"
    },
    {
      "source": "0",
      "target": "2"
    },
    {
      "source": "2",
      "target": "1"
    },
    {
      "source": "0",
      "target": "1"
    },
    {
      "source": "REF_8(mapping(address => uint256))",
      "target": "_allowed"
    },
    {
      "source": "REF_9(uint256)",
      "target": "REF_8"
    },
    {
      "source": "0",
      "target": "1"
    },
    {
      "source": "0",
      "target": "1"
    },
    {
      "source": "1",
      "target": "2"
    },
    {
      "source": "REF_19(uint256)",
      "target": "_balances"
    },
    {
      "source": "REF_20(uint256)",
      "target": "_balances"
    },
    {
      "source": "REF_19(uint256) (",
      "target": "_balances) := TMP_70(uint256)\"]"
    },
    {
      "source": "2",
      "target": "3"
    },
    {
      "source": "REF_22(uint256)",
      "target": "_balances"
    },
    {
      "source": "REF_23(uint256)",
      "target": "_balances"
    },
    {
      "source": "REF_22(uint256) (",
      "target": "_balances) := TMP_71(uint256)\"]"
    },
    {
      "source": "3",
      "target": "4"
    },
    {
      "source": "0",
      "target": "1"
    },
    {
      "source": "0",
      "target": "1"
    },
    {
      "source": "0",
      "target": "1"
    },
    {
      "source": "1",
      "target": "2"
    },
    {
      "source": "0",
      "target": "1"
    },
    {
      "source": "1",
      "target": "2"
    },
    {
      "source": "2",
      "target": "3"
    },
    {
      "source": "0",
      "target": "1"
    },
    {
      "source": "1",
      "target": "2"
    },
    {
      "source": "2",
      "target": "3"
    },
    {
      "source": "REF_0(mapping(address => bool))",
      "target": "role.bearer"
    },
    {
      "source": "REF_1(bool)",
      "target": "REF_0"
    },
    {
      "source": "REF_1(bool) (",
      "target": "role) := True(bool)\"]"
    },
    {
      "source": "0",
      "target": "1"
    },
    {
      "source": "1",
      "target": "2"
    }
  ]
}