{
  "nodes": [
    "0",
    "1",
    "2",
    "3",
    "4",
    "5",
    "6",
    "7",
    "8",
    "Approval(msg.sender,_spender,allowed",
    "REF_0(uint256)",
    "REF_1(uint256)",
    "REF_1(uint256) (",
    "REF_109(uint256)",
    "REF_109(uint256) (",
    "REF_110(uint256)",
    "REF_16(uint256)",
    "REF_163(uint256)",
    "REF_163(uint256) (",
    "REF_164(uint256)",
    "REF_17",
    "REF_17(mapping(address => uint256))",
    "REF_18(uint256)",
    "REF_19(uint256)",
    "REF_19(uint256) (",
    "REF_2(uint256)",
    "REF_20(uint256)",
    "REF_216(bool)",
    "REF_216(bool) (",
    "REF_217(bool)",
    "REF_218(bool)",
    "REF_219(bool)",
    "REF_22(uint256)",
    "REF_22(uint256) (",
    "REF_23(uint256)",
    "REF_25",
    "REF_25(mapping(address => uint256))",
    "REF_26(uint256)",
    "REF_26(uint256) (",
    "REF_27",
    "REF_27(mapping(address => uint256))",
    "REF_28(uint256)",
    "REF_30",
    "REF_30(mapping(address => uint256))",
    "REF_31(uint256)",
    "REF_31(uint256) (",
    "REF_32",
    "REF_32(mapping(address => uint256))",
    "REF_33(uint256)",
    "REF_34",
    "REF_34(mapping(address => uint256))",
    "REF_35(uint256)",
    "REF_35(uint256) (",
    "REF_36",
    "REF_36(mapping(address => uint256))",
    "REF_37(uint256)",
    "REF_39",
    "REF_39(mapping(address => uint256))",
    "REF_4(uint256)",
    "REF_4(uint256) (",
    "REF_40(uint256)",
    "REF_41",
    "REF_41(mapping(address => uint256))",
    "REF_42(uint256)",
    "REF_43",
    "REF_43(mapping(address => uint256))",
    "REF_44(uint256)",
    "REF_44(uint256) (",
    "REF_45",
    "REF_45(mapping(address => uint256))",
    "REF_46(uint256)",
    "REF_46(uint256) (",
    "REF_48",
    "REF_48(mapping(address => uint256))",
    "REF_49(uint256)",
    "REF_5(uint256)",
    "REF_50(uint256)",
    "REF_51(",
    "REF_51(uint256)",
    "REF_52(uint256)",
    "REF_53",
    "REF_53(mapping(address => uint256))",
    "REF_54(uint256)",
    "REF_55(",
    "REF_55(uint256)",
    "REF_56",
    "REF_56(mapping(address => uint256))",
    "REF_57(",
    "REF_57(uint256)",
    "REF_7(uint256)",
    "REF_76",
    "REF_76(mapping(address => uint256))",
    "REF_77(uint256)",
    "REF_77(uint256) (",
    "REF_78",
    "REF_78(mapping(address => uint256))",
    "REF_79(uint256)",
    "REF_81",
    "REF_81(mapping(address => uint256))",
    "REF_82(uint256)",
    "REF_83",
    "REF_83(mapping(address => uint256))",
    "REF_84(uint256)",
    "REF_85",
    "REF_85(mapping(address => uint256))",
    "REF_86(uint256)",
    "REF_86(uint256) (",
    "REF_87",
    "REF_87(mapping(address => uint256))",
    "REF_88(uint256)",
    "REF_88(uint256) (",
    "REF_90",
    "REF_90(mapping(address => uint256))",
    "REF_91(uint256)",
    "TMP_114(uint256) = LIBRARY_CALL, dest:SafeMath, function:SafeMath.add(uint256,uint256), arguments:",
    "TMP_115(uint256) = LIBRARY_CALL, dest:SafeMath, function:SafeMath.add(uint256,uint256), arguments:",
    "TMP_187(uint256) = LIBRARY_CALL, dest:SafeMath, function:SafeMath.add(uint256,uint256), arguments:",
    "TMP_188(uint256) = LIBRARY_CALL, dest:SafeMath, function:SafeMath.add(uint256,uint256), arguments:",
    "TMP_40(uint256) = LIBRARY_CALL, dest:SafeMath, function:SafeMath.sub(uint256,uint256), arguments:",
    "TMP_41(uint256) = LIBRARY_CALL, dest:SafeMath, function:SafeMath.add(uint256,uint256), arguments:",
    "TMP_58(uint256) = LIBRARY_CALL, dest:SafeMath, function:SafeMath.sub(uint256,uint256), arguments:",
    "TMP_59(uint256) = LIBRARY_CALL, dest:SafeMath, function:SafeMath.add(uint256,uint256), arguments:",
    "TMP_60(uint256) = LIBRARY_CALL, dest:SafeMath, function:SafeMath.sub(uint256,uint256), arguments:",
    "TMP_63(uint256) = LIBRARY_CALL, dest:SafeMath, function:SafeMath.add(uint256,uint256), arguments:",
    "TMP_66(uint256) = LIBRARY_CALL, dest:SafeMath, function:SafeMath.sub(uint256,uint256), arguments:",
    "TMP_93(uint256) = LIBRARY_CALL, dest:SafeMath, function:SafeMath.add(uint256,uint256), arguments:",
    "TMP_96(uint256) = LIBRARY_CALL, dest:SafeMath, function:SafeMath.sub(uint256,uint256), arguments:",
    "allowed",
    "allowed) := 0(uint256)\"]",
    "allowed) := TMP_60(uint256)\"]",
    "allowed) := TMP_63(uint256)\"]",
    "allowed) := TMP_66(uint256)\"]",
    "allowed) := TMP_93(uint256)\"]",
    "allowed) := TMP_96(uint256)\"]",
    "allowed) := _value(uint256)\"]",
    "allowed) = REF_57 - _value\"]",
    "balances",
    "balances) := TMP_115(uint256)\"]",
    "balances) := TMP_188(uint256)\"]",
    "balances) := TMP_40(uint256)\"]",
    "balances) := TMP_41(uint256)\"]",
    "balances) := TMP_58(uint256)\"]",
    "balances) := TMP_59(uint256)\"]",
    "balances) = REF_51 - _value\"]",
    "balances) = REF_55 - _value\"]",
    "frozenAccount",
    "frozenAccount) := freeze(bool)\"]",
    "oldValue = allowed",
    "require(bool)(_value <= allowed",
    "require(bool)(_value <= balances",
    "require(bool,string)(! frozenAccount",
    "require(bool,string)(_value <= allowed",
    "require(bool,string)(balances"
  ],
  "edges": [
    {
      "source": "0",
      "target": "1"
    },
    {
      "source": "1",
      "target": "2"
    },
    {
      "source": "0",
      "target": "1"
    },
    {
      "source": "1",
      "target": "2"
    },
    {
      "source": "REF_16(uint256)",
      "target": "balances"
    },
    {
      "source": "2",
      "target": "3"
    },
    {
      "source": "REF_17(mapping(address => uint256))",
      "target": "allowed"
    },
    {
      "source": "REF_18(uint256)",
      "target": "REF_17"
    },
    {
      "source": "3",
      "target": "4"
    },
    {
      "source": "REF_19(uint256)",
      "target": "balances"
    },
    {
      "source": "REF_20(uint256)",
      "target": "balances"
    },
    {
      "source": "REF_19(uint256) (",
      "target": "balances) := TMP_58(uint256)\"]"
    },
    {
      "source": "4",
      "target": "5"
    },
    {
      "source": "REF_22(uint256)",
      "target": "balances"
    },
    {
      "source": "REF_23(uint256)",
      "target": "balances"
    },
    {
      "source": "REF_22(uint256) (",
      "target": "balances) := TMP_59(uint256)\"]"
    },
    {
      "source": "5",
      "target": "6"
    },
    {
      "source": "REF_25(mapping(address => uint256))",
      "target": "allowed"
    },
    {
      "source": "REF_26(uint256)",
      "target": "REF_25"
    },
    {
      "source": "REF_27(mapping(address => uint256))",
      "target": "allowed"
    },
    {
      "source": "REF_28(uint256)",
      "target": "REF_27"
    },
    {
      "source": "REF_26(uint256) (",
      "target": "allowed) := TMP_60(uint256)\"]"
    },
    {
      "source": "6",
      "target": "7"
    },
    {
      "source": "7",
      "target": "8"
    },
    {
      "source": "0",
      "target": "3"
    },
    {
      "source": "1",
      "target": "2"
    },
    {
      "source": "3",
      "target": "4"
    },
    {
      "source": "4",
      "target": "1"
    },
    {
      "source": "0",
      "target": "1"
    },
    {
      "source": "1",
      "target": "2"
    },
    {
      "source": "0",
      "target": "1"
    },
    {
      "source": "REF_7(uint256)",
      "target": "balances"
    },
    {
      "source": "0",
      "target": "3"
    },
    {
      "source": "1",
      "target": "2"
    },
    {
      "source": "3",
      "target": "4"
    },
    {
      "source": "4",
      "target": "1"
    },
    {
      "source": "0",
      "target": "1"
    },
    {
      "source": "1",
      "target": "2"
    },
    {
      "source": "0",
      "target": "2"
    },
    {
      "source": "2",
      "target": "1"
    },
    {
      "source": "0",
      "target": "1"
    },
    {
      "source": "1",
      "target": "2"
    },
    {
      "source": "0",
      "target": "3"
    },
    {
      "source": "1",
      "target": "2"
    },
    {
      "source": "3",
      "target": "4"
    },
    {
      "source": "4",
      "target": "1"
    },
    {
      "source": "0",
      "target": "6"
    },
    {
      "source": "1",
      "target": "2"
    },
    {
      "source": "REF_163(uint256)",
      "target": "balances"
    },
    {
      "source": "REF_164(uint256)",
      "target": "balances"
    },
    {
      "source": "REF_163(uint256) (",
      "target": "balances) := TMP_188(uint256)\"]"
    },
    {
      "source": "2",
      "target": "3"
    },
    {
      "source": "3",
      "target": "4"
    },
    {
      "source": "4",
      "target": "5"
    },
    {
      "source": "6",
      "target": "7"
    },
    {
      "source": "7",
      "target": "1"
    },
    {
      "source": "0",
      "target": "4"
    },
    {
      "source": "1",
      "target": "2"
    },
    {
      "source": "2",
      "target": "3"
    },
    {
      "source": "4",
      "target": "1"
    },
    {
      "source": "0",
      "target": "1"
    },
    {
      "source": "1",
      "target": "2"
    },
    {
      "source": "0",
      "target": "1"
    },
    {
      "source": "1",
      "target": "2"
    },
    {
      "source": "0",
      "target": "4"
    },
    {
      "source": "1",
      "target": "2"
    },
    {
      "source": "2",
      "target": "3"
    },
    {
      "source": "4",
      "target": "1"
    },
    {
      "source": "0",
      "target": "1"
    },
    {
      "source": "1",
      "target": "2"
    },
    {
      "source": "2",
      "target": "3"
    },
    {
      "source": "3",
      "target": "4"
    },
    {
      "source": "0",
      "target": "2"
    },
    {
      "source": "2",
      "target": "1"
    },
    {
      "source": "0",
      "target": "1"
    },
    {
      "source": "1",
      "target": "2"
    },
    {
      "source": "2",
      "target": "3"
    },
    {
      "source": "0",
      "target": "2"
    },
    {
      "source": "2",
      "target": "1"
    },
    {
      "source": "0",
      "target": "1"
    },
    {
      "source": "REF_52(uint256)",
      "target": "balances"
    },
    {
      "source": "1",
      "target": "2"
    },
    {
      "source": "REF_53(mapping(address => uint256))",
      "target": "allowed"
    },
    {
      "source": "REF_54(uint256)",
      "target": "REF_53"
    },
    {
      "source": "2",
      "target": "3"
    },
    {
      "source": "REF_55(uint256)",
      "target": "balances"
    },
    {
      "source": "REF_55(",
      "target": "balances) = REF_55 - _value\"]"
    },
    {
      "source": "3",
      "target": "4"
    },
    {
      "source": "REF_56(mapping(address => uint256))",
      "target": "allowed"
    },
    {
      "source": "REF_57(uint256)",
      "target": "REF_56"
    },
    {
      "source": "REF_57(",
      "target": "allowed) = REF_57 - _value\"]"
    },
    {
      "source": "4",
      "target": "5"
    },
    {
      "source": "5",
      "target": "6"
    },
    {
      "source": "6",
      "target": "7"
    },
    {
      "source": "0",
      "target": "1"
    },
    {
      "source": "1",
      "target": "2"
    },
    {
      "source": "0",
      "target": "1"
    },
    {
      "source": "0",
      "target": "1"
    },
    {
      "source": "0",
      "target": "1"
    },
    {
      "source": "1",
      "target": "2"
    },
    {
      "source": "0",
      "target": "1"
    },
    {
      "source": "0",
      "target": "1"
    },
    {
      "source": "1",
      "target": "2"
    },
    {
      "source": "0",
      "target": "3"
    },
    {
      "source": "1",
      "target": "2"
    },
    {
      "source": "3",
      "target": "4"
    },
    {
      "source": "4",
      "target": "1"
    },
    {
      "source": "0",
      "target": "4"
    },
    {
      "source": "1",
      "target": "2"
    },
    {
      "source": "2",
      "target": "3"
    },
    {
      "source": "4",
      "target": "1"
    },
    {
      "source": "0",
      "target": "1"
    },
    {
      "source": "0",
      "target": "1"
    },
    {
      "source": "REF_30(mapping(address => uint256))",
      "target": "allowed"
    },
    {
      "source": "REF_31(uint256)",
      "target": "REF_30"
    },
    {
      "source": "REF_31(uint256) (",
      "target": "allowed) := _value(uint256)\"]"
    },
    {
      "source": "1",
      "target": "2"
    },
    {
      "source": "2",
      "target": "3"
    },
    {
      "source": "0",
      "target": "1"
    },
    {
      "source": "0",
      "target": "2"
    },
    {
      "source": "2",
      "target": "1"
    },
    {
      "source": "0",
      "target": "4"
    },
    {
      "source": "1",
      "target": "2"
    },
    {
      "source": "2",
      "target": "3"
    },
    {
      "source": "4",
      "target": "5"
    },
    {
      "source": "5",
      "target": "1"
    },
    {
      "source": "0",
      "target": "4"
    },
    {
      "source": "1",
      "target": "2"
    },
    {
      "source": "2",
      "target": "3"
    },
    {
      "source": "4",
      "target": "5"
    },
    {
      "source": "5",
      "target": "1"
    },
    {
      "source": "0",
      "target": "1"
    },
    {
      "source": "0",
      "target": "1"
    },
    {
      "source": "REF_76(mapping(address => uint256))",
      "target": "allowed"
    },
    {
      "source": "REF_77(uint256)",
      "target": "REF_76"
    },
    {
      "source": "REF_78(mapping(address => uint256))",
      "target": "allowed"
    },
    {
      "source": "REF_79(uint256)",
      "target": "REF_78"
    },
    {
      "source": "REF_77(uint256) (",
      "target": "allowed) := TMP_93(uint256)\"]"
    },
    {
      "source": "1",
      "target": "2"
    },
    {
      "source": "REF_81(mapping(address => uint256))",
      "target": "allowed"
    },
    {
      "source": "REF_82(uint256)",
      "target": "REF_81"
    },
    {
      "source": "2",
      "target": "3"
    },
    {
      "source": "0",
      "target": "4"
    },
    {
      "source": "1",
      "target": "2"
    },
    {
      "source": "2",
      "target": "3"
    },
    {
      "source": "4",
      "target": "1"
    },
    {
      "source": "0",
      "target": "1"
    },
    {
      "source": "0",
      "target": "1"
    },
    {
      "source": "1",
      "target": "2"
    },
    {
      "source": "0",
      "target": "1"
    },
    {
      "source": "1",
      "target": "2"
    },
    {
      "source": "1",
      "target": "3"
    },
    {
      "source": "3",
      "target": "4"
    },
    {
      "source": "4",
      "target": "5"
    },
    {
      "source": "5",
      "target": "6"
    },
    {
      "source": "0",
      "target": "3"
    },
    {
      "source": "1",
      "target": "2"
    },
    {
      "source": "3",
      "target": "4"
    },
    {
      "source": "4",
      "target": "1"
    },
    {
      "source": "0",
      "target": "1"
    },
    {
      "source": "REF_32(mapping(address => uint256))",
      "target": "allowed"
    },
    {
      "source": "REF_33(uint256)",
      "target": "REF_32"
    },
    {
      "source": "0",
      "target": "1"
    },
    {
      "source": "REF_34(mapping(address => uint256))",
      "target": "allowed"
    },
    {
      "source": "REF_35(uint256)",
      "target": "REF_34"
    },
    {
      "source": "REF_36(mapping(address => uint256))",
      "target": "allowed"
    },
    {
      "source": "REF_37(uint256)",
      "target": "REF_36"
    },
    {
      "source": "REF_35(uint256) (",
      "target": "allowed) := TMP_63(uint256)\"]"
    },
    {
      "source": "1",
      "target": "2"
    },
    {
      "source": "REF_39(mapping(address => uint256))",
      "target": "allowed"
    },
    {
      "source": "REF_40(uint256)",
      "target": "REF_39"
    },
    {
      "source": "2",
      "target": "3"
    },
    {
      "source": "0",
      "target": "4"
    },
    {
      "source": "REF_218(bool)",
      "target": "frozenAccount"
    },
    {
      "source": "1",
      "target": "2"
    },
    {
      "source": "REF_219(bool)",
      "target": "frozenAccount"
    },
    {
      "source": "2",
      "target": "3"
    },
    {
      "source": "4",
      "target": "1"
    },
    {
      "source": "0",
      "target": "1"
    },
    {
      "source": "1",
      "target": "2"
    },
    {
      "source": "0",
      "target": "4"
    },
    {
      "source": "1",
      "target": "2"
    },
    {
      "source": "2",
      "target": "3"
    },
    {
      "source": "4",
      "target": "1"
    },
    {
      "source": "0",
      "target": "2"
    },
    {
      "source": "2",
      "target": "1"
    },
    {
      "source": "0",
      "target": "2"
    },
    {
      "source": "2",
      "target": "1"
    },
    {
      "source": "0",
      "target": "1"
    },
    {
      "source": "REF_83(mapping(address => uint256))",
      "target": "allowed"
    },
    {
      "source": "REF_84(uint256)",
      "target": "REF_83"
    },
    {
      "source": "1",
      "target": "2"
    },
    {
      "source": "2",
      "target": "3"
    },
    {
      "source": "2",
      "target": "4"
    },
    {
      "source": "REF_85(mapping(address => uint256))",
      "target": "allowed"
    },
    {
      "source": "REF_86(uint256)",
      "target": "REF_85"
    },
    {
      "source": "REF_86(uint256) (",
      "target": "allowed) := 0(uint256)\"]"
    },
    {
      "source": "3",
      "target": "5"
    },
    {
      "source": "REF_87(mapping(address => uint256))",
      "target": "allowed"
    },
    {
      "source": "REF_88(uint256)",
      "target": "REF_87"
    },
    {
      "source": "REF_88(uint256) (",
      "target": "allowed) := TMP_96(uint256)\"]"
    },
    {
      "source": "4",
      "target": "5"
    },
    {
      "source": "5",
      "target": "6"
    },
    {
      "source": "REF_90(mapping(address => uint256))",
      "target": "allowed"
    },
    {
      "source": "REF_91(uint256)",
      "target": "REF_90"
    },
    {
      "source": "6",
      "target": "7"
    },
    {
      "source": "0",
      "target": "1"
    },
    {
      "source": "REF_50(uint256)",
      "target": "balances"
    },
    {
      "source": "1",
      "target": "2"
    },
    {
      "source": "REF_51(uint256)",
      "target": "balances"
    },
    {
      "source": "REF_51(",
      "target": "balances) = REF_51 - _value\"]"
    },
    {
      "source": "2",
      "target": "3"
    },
    {
      "source": "3",
      "target": "4"
    },
    {
      "source": "4",
      "target": "5"
    },
    {
      "source": "0",
      "target": "1"
    },
    {
      "source": "1",
      "target": "2"
    },
    {
      "source": "0",
      "target": "1"
    },
    {
      "source": "1",
      "target": "2"
    },
    {
      "source": "REF_0(uint256)",
      "target": "balances"
    },
    {
      "source": "2",
      "target": "3"
    },
    {
      "source": "REF_1(uint256)",
      "target": "balances"
    },
    {
      "source": "REF_2(uint256)",
      "target": "balances"
    },
    {
      "source": "REF_1(uint256) (",
      "target": "balances) := TMP_40(uint256)\"]"
    },
    {
      "source": "3",
      "target": "4"
    },
    {
      "source": "REF_4(uint256)",
      "target": "balances"
    },
    {
      "source": "REF_5(uint256)",
      "target": "balances"
    },
    {
      "source": "REF_4(uint256) (",
      "target": "balances) := TMP_41(uint256)\"]"
    },
    {
      "source": "4",
      "target": "5"
    },
    {
      "source": "5",
      "target": "6"
    },
    {
      "source": "0",
      "target": "2"
    },
    {
      "source": "2",
      "target": "1"
    },
    {
      "source": "0",
      "target": "3"
    },
    {
      "source": "REF_216(bool)",
      "target": "frozenAccount"
    },
    {
      "source": "REF_216(bool) (",
      "target": "frozenAccount) := freeze(bool)\"]"
    },
    {
      "source": "1",
      "target": "2"
    },
    {
      "source": "3",
      "target": "1"
    },
    {
      "source": "0",
      "target": "3"
    },
    {
      "source": "REF_217(bool)",
      "target": "frozenAccount"
    },
    {
      "source": "1",
      "target": "2"
    },
    {
      "source": "3",
      "target": "1"
    },
    {
      "source": "0",
      "target": "6"
    },
    {
      "source": "1",
      "target": "2"
    },
    {
      "source": "REF_109(uint256)",
      "target": "balances"
    },
    {
      "source": "REF_110(uint256)",
      "target": "balances"
    },
    {
      "source": "REF_109(uint256) (",
      "target": "balances) := TMP_115(uint256)\"]"
    },
    {
      "source": "2",
      "target": "3"
    },
    {
      "source": "3",
      "target": "4"
    },
    {
      "source": "4",
      "target": "5"
    },
    {
      "source": "6",
      "target": "7"
    },
    {
      "source": "7",
      "target": "1"
    },
    {
      "source": "0",
      "target": "1"
    },
    {
      "source": "REF_41(mapping(address => uint256))",
      "target": "allowed"
    },
    {
      "source": "REF_42(uint256)",
      "target": "REF_41"
    },
    {
      "source": "1",
      "target": "2"
    },
    {
      "source": "2",
      "target": "3"
    },
    {
      "source": "2",
      "target": "4"
    },
    {
      "source": "REF_43(mapping(address => uint256))",
      "target": "allowed"
    },
    {
      "source": "REF_44(uint256)",
      "target": "REF_43"
    },
    {
      "source": "REF_44(uint256) (",
      "target": "allowed) := 0(uint256)\"]"
    },
    {
      "source": "3",
      "target": "5"
    },
    {
      "source": "REF_45(mapping(address => uint256))",
      "target": "allowed"
    },
    {
      "source": "REF_46(uint256)",
      "target": "REF_45"
    },
    {
      "source": "REF_46(uint256) (",
      "target": "allowed) := TMP_66(uint256)\"]"
    },
    {
      "source": "4",
      "target": "5"
    },
    {
      "source": "5",
      "target": "6"
    },
    {
      "source": "REF_48(mapping(address => uint256))",
      "target": "allowed"
    },
    {
      "source": "REF_49(uint256)",
      "target": "REF_48"
    },
    {
      "source": "6",
      "target": "7"
    },
    {
      "source": "0",
      "target": "2"
    },
    {
      "source": "2",
      "target": "1"
    },
    {
      "source": "0",
      "target": "3"
    },
    {
      "source": "1",
      "target": "2"
    },
    {
      "source": "3",
      "target": "4"
    },
    {
      "source": "4",
      "target": "1"
    },
    {
      "source": "0",
      "target": "1"
    },
    {
      "source": "1",
      "target": "2"
    },
    {
      "source": "0",
      "target": "1"
    },
    {
      "source": "1",
      "target": "2"
    }
  ]
}