{
  "nodes": [
    "0",
    "1",
    "10",
    "11",
    "12",
    "13",
    "14",
    "15",
    "16",
    "17",
    "18",
    "19",
    "2",
    "20",
    "21",
    "22",
    "23",
    "24",
    "25",
    "3",
    "4",
    "5",
    "6",
    "7",
    "8",
    "9",
    "REF_0(uint256)",
    "REF_0(uint256) (",
    "REF_1(uint256)",
    "REF_10(",
    "REF_10(uint256)",
    "REF_11(",
    "REF_11(uint256)",
    "REF_12(uint256)",
    "REF_13(",
    "REF_13(uint256)",
    "REF_2(uint256)",
    "REF_3(uint256)",
    "REF_6(uint256)",
    "REF_7(uint256)",
    "REF_8(uint256)",
    "REF_9(uint256)",
    "TMP_29(uint256) = HIGH_LEVEL_CALL, dest:_locker(IERC20), function:balanceOf, arguments:",
    "TMP_30(uint256) = HIGH_LEVEL_CALL, dest:_marker(IERC20), function:balanceOf, arguments:",
    "Transfer(address(0),owner,balances",
    "balances",
    "balances) := _totalSupply(uint256)\"]",
    "balances) = REF_10 - value\"]",
    "balances) = REF_11 + value\"]",
    "balances) = REF_13 - value\"]",
    "require(bool)(balances"
  ],
  "edges": [
    {
      "source": "0",
      "target": "1"
    },
    {
      "source": "REF_3(uint256)",
      "target": "balances"
    },
    {
      "source": "0",
      "target": "1"
    },
    {
      "source": "1",
      "target": "2"
    },
    {
      "source": "0",
      "target": "1"
    },
    {
      "source": "1",
      "target": "2"
    },
    {
      "source": "0",
      "target": "1"
    },
    {
      "source": "1",
      "target": "2"
    },
    {
      "source": "2",
      "target": "3"
    },
    {
      "source": "3",
      "target": "4"
    },
    {
      "source": "4",
      "target": "5"
    },
    {
      "source": "5",
      "target": "6"
    },
    {
      "source": "6",
      "target": "7"
    },
    {
      "source": "6",
      "target": "8"
    },
    {
      "source": "7",
      "target": "8"
    },
    {
      "source": "8",
      "target": "9"
    },
    {
      "source": "9",
      "target": "10"
    },
    {
      "source": "9",
      "target": "11"
    },
    {
      "source": "REF_6(uint256)",
      "target": "balances"
    },
    {
      "source": "10",
      "target": "11"
    },
    {
      "source": "11",
      "target": "12"
    },
    {
      "source": "REF_7(uint256)",
      "target": "balances"
    },
    {
      "source": "12",
      "target": "13"
    },
    {
      "source": "REF_8(uint256)",
      "target": "balances"
    },
    {
      "source": "REF_9(uint256)",
      "target": "balances"
    },
    {
      "source": "13",
      "target": "14"
    },
    {
      "source": "REF_10(uint256)",
      "target": "balances"
    },
    {
      "source": "REF_10(",
      "target": "balances) = REF_10 - value\"]"
    },
    {
      "source": "14",
      "target": "15"
    },
    {
      "source": "REF_11(uint256)",
      "target": "balances"
    },
    {
      "source": "REF_11(",
      "target": "balances) = REF_11 + value\"]"
    },
    {
      "source": "15",
      "target": "16"
    },
    {
      "source": "16",
      "target": "17"
    },
    {
      "source": "0",
      "target": "1"
    },
    {
      "source": "0",
      "target": "1"
    },
    {
      "source": "1",
      "target": "2"
    },
    {
      "source": "2",
      "target": "3"
    },
    {
      "source": "3",
      "target": "4"
    },
    {
      "source": "4",
      "target": "5"
    },
    {
      "source": "5",
      "target": "6"
    },
    {
      "source": "6",
      "target": "7"
    },
    {
      "source": "7",
      "target": "8"
    },
    {
      "source": "8",
      "target": "9"
    },
    {
      "source": "9",
      "target": "10"
    },
    {
      "source": "10",
      "target": "11"
    },
    {
      "source": "11",
      "target": "12"
    },
    {
      "source": "12",
      "target": "13"
    },
    {
      "source": "13",
      "target": "14"
    },
    {
      "source": "14",
      "target": "15"
    },
    {
      "source": "15",
      "target": "16"
    },
    {
      "source": "16",
      "target": "17"
    },
    {
      "source": "17",
      "target": "18"
    },
    {
      "source": "REF_0(uint256)",
      "target": "balances"
    },
    {
      "source": "REF_0(uint256) (",
      "target": "balances) := _totalSupply(uint256)\"]"
    },
    {
      "source": "18",
      "target": "19"
    },
    {
      "source": "REF_1(uint256)",
      "target": "balances"
    },
    {
      "source": "19",
      "target": "20"
    },
    {
      "source": "20",
      "target": "21"
    },
    {
      "source": "21",
      "target": "22"
    },
    {
      "source": "22",
      "target": "23"
    },
    {
      "source": "23",
      "target": "24"
    },
    {
      "source": "24",
      "target": "25"
    },
    {
      "source": "REF_2(uint256)",
      "target": "balances"
    },
    {
      "source": "0",
      "target": "1"
    },
    {
      "source": "0",
      "target": "1"
    },
    {
      "source": "REF_12(uint256)",
      "target": "balances"
    },
    {
      "source": "1",
      "target": "2"
    },
    {
      "source": "2",
      "target": "3"
    },
    {
      "source": "REF_13(uint256)",
      "target": "balances"
    },
    {
      "source": "REF_13(",
      "target": "balances) = REF_13 - value\"]"
    },
    {
      "source": "3",
      "target": "4"
    },
    {
      "source": "4",
      "target": "5"
    }
  ]
}