{
  "nodes": [
    "0",
    "1",
    "2",
    "3",
    "4",
    "5",
    "6",
    "7",
    "8",
    "REF_0(uint256)",
    "REF_0(uint256) (",
    "REF_1(uint256)",
    "REF_10",
    "REF_10(mapping(address => uint256))",
    "REF_11(uint256)",
    "REF_12",
    "REF_12(mapping(address => uint256))",
    "REF_13(uint256)",
    "REF_14(uint256)",
    "REF_14(uint256) (",
    "REF_15(uint256)",
    "REF_17(uint256)",
    "REF_17(uint256) (",
    "REF_18(uint256)",
    "REF_2(uint256)",
    "REF_20",
    "REF_20(mapping(address => uint256))",
    "REF_21(uint256)",
    "REF_21(uint256) (",
    "REF_23",
    "REF_23(mapping(address => uint256))",
    "REF_24(uint256)",
    "REF_24(uint256) (",
    "REF_25",
    "REF_25(mapping(address => uint256))",
    "REF_26(uint256)",
    "REF_27(uint256)",
    "REF_27(uint256) (",
    "REF_3(uint256)",
    "REF_3(uint256) (",
    "REF_4(uint256)",
    "REF_6(uint256)",
    "REF_6(uint256) (",
    "REF_7(uint256)",
    "REF_9(uint256)",
    "TMP_24(uint256) = LIBRARY_CALL, dest:SafeMath, function:SafeMath.sub(uint256,uint256), arguments:",
    "TMP_25(uint256) = LIBRARY_CALL, dest:SafeMath, function:SafeMath.add(uint256,uint256), arguments:",
    "TMP_33(uint256) = LIBRARY_CALL, dest:SafeMath, function:SafeMath.add(uint256,uint256), arguments:",
    "TMP_34(uint256) = LIBRARY_CALL, dest:SafeMath, function:SafeMath.sub(uint256,uint256), arguments:",
    "TMP_35(uint256) = LIBRARY_CALL, dest:SafeMath, function:SafeMath.sub(uint256,uint256), arguments:",
    "_allowance = allowed",
    "allowed",
    "allowed) := TMP_35(uint256)\"]",
    "allowed) := _value(uint256)\"]",
    "balances",
    "balances) := TMP_24(uint256)\"]",
    "balances) := TMP_25(uint256)\"]",
    "balances) := TMP_33(uint256)\"]",
    "balances) := TMP_34(uint256)\"]",
    "balances) := totalSupply(uint256)\"]",
    "require(bool)(balances"
  ],
  "edges": [
    {
      "source": "0",
      "target": "1"
    },
    {
      "source": "REF_1(uint256)",
      "target": "balances"
    },
    {
      "source": "0",
      "target": "1"
    },
    {
      "source": "1",
      "target": "2"
    },
    {
      "source": "2",
      "target": "3"
    },
    {
      "source": "0",
      "target": "1"
    },
    {
      "source": "REF_25(mapping(address => uint256))",
      "target": "allowed"
    },
    {
      "source": "REF_26(uint256)",
      "target": "REF_25"
    },
    {
      "source": "0",
      "target": "1"
    },
    {
      "source": "REF_2(uint256)",
      "target": "balances"
    },
    {
      "source": "1",
      "target": "2"
    },
    {
      "source": "REF_3(uint256)",
      "target": "balances"
    },
    {
      "source": "REF_4(uint256)",
      "target": "balances"
    },
    {
      "source": "REF_3(uint256) (",
      "target": "balances) := TMP_24(uint256)\"]"
    },
    {
      "source": "2",
      "target": "3"
    },
    {
      "source": "REF_6(uint256)",
      "target": "balances"
    },
    {
      "source": "REF_7(uint256)",
      "target": "balances"
    },
    {
      "source": "REF_6(uint256) (",
      "target": "balances) := TMP_25(uint256)\"]"
    },
    {
      "source": "3",
      "target": "4"
    },
    {
      "source": "4",
      "target": "5"
    },
    {
      "source": "0",
      "target": "1"
    },
    {
      "source": "REF_9(uint256)",
      "target": "balances"
    },
    {
      "source": "REF_10(mapping(address => uint256))",
      "target": "allowed"
    },
    {
      "source": "REF_11(uint256)",
      "target": "REF_10"
    },
    {
      "source": "1",
      "target": "2"
    },
    {
      "source": "REF_12(mapping(address => uint256))",
      "target": "allowed"
    },
    {
      "source": "REF_13(uint256)",
      "target": "REF_12"
    },
    {
      "source": "2",
      "target": "3"
    },
    {
      "source": "REF_14(uint256)",
      "target": "balances"
    },
    {
      "source": "REF_15(uint256)",
      "target": "balances"
    },
    {
      "source": "REF_14(uint256) (",
      "target": "balances) := TMP_33(uint256)\"]"
    },
    {
      "source": "3",
      "target": "4"
    },
    {
      "source": "REF_17(uint256)",
      "target": "balances"
    },
    {
      "source": "REF_18(uint256)",
      "target": "balances"
    },
    {
      "source": "REF_17(uint256) (",
      "target": "balances) := TMP_34(uint256)\"]"
    },
    {
      "source": "4",
      "target": "5"
    },
    {
      "source": "REF_20(mapping(address => uint256))",
      "target": "allowed"
    },
    {
      "source": "REF_21(uint256)",
      "target": "REF_20"
    },
    {
      "source": "REF_21(uint256) (",
      "target": "allowed) := TMP_35(uint256)\"]"
    },
    {
      "source": "5",
      "target": "6"
    },
    {
      "source": "6",
      "target": "7"
    },
    {
      "source": "0",
      "target": "1"
    },
    {
      "source": "1",
      "target": "2"
    },
    {
      "source": "0",
      "target": "1"
    },
    {
      "source": "0",
      "target": "1"
    },
    {
      "source": "1",
      "target": "2"
    },
    {
      "source": "REF_23(mapping(address => uint256))",
      "target": "allowed"
    },
    {
      "source": "REF_24(uint256)",
      "target": "REF_23"
    },
    {
      "source": "REF_24(uint256) (",
      "target": "allowed) := _value(uint256)\"]"
    },
    {
      "source": "2",
      "target": "3"
    },
    {
      "source": "3",
      "target": "4"
    },
    {
      "source": "0",
      "target": "2"
    },
    {
      "source": "2",
      "target": "3"
    },
    {
      "source": "2",
      "target": "4"
    },
    {
      "source": "0",
      "target": "2"
    },
    {
      "source": "2",
      "target": "3"
    },
    {
      "source": "2",
      "target": "4"
    },
    {
      "source": "0",
      "target": "1"
    },
    {
      "source": "1",
      "target": "2"
    },
    {
      "source": "2",
      "target": "3"
    },
    {
      "source": "0",
      "target": "1"
    },
    {
      "source": "1",
      "target": "2"
    },
    {
      "source": "0",
      "target": "2"
    },
    {
      "source": "2",
      "target": "3"
    },
    {
      "source": "2",
      "target": "4"
    },
    {
      "source": "0",
      "target": "1"
    },
    {
      "source": "1",
      "target": "2"
    },
    {
      "source": "2",
      "target": "3"
    },
    {
      "source": "REF_27(uint256)",
      "target": "balances"
    },
    {
      "source": "REF_27(uint256) (",
      "target": "balances) := totalSupply(uint256)\"]"
    },
    {
      "source": "3",
      "target": "4"
    },
    {
      "source": "4",
      "target": "5"
    },
    {
      "source": "0",
      "target": "1"
    },
    {
      "source": "1",
      "target": "2"
    },
    {
      "source": "2",
      "target": "3"
    },
    {
      "source": "REF_0(uint256)",
      "target": "balances"
    },
    {
      "source": "REF_0(uint256) (",
      "target": "balances) := totalSupply(uint256)\"]"
    },
    {
      "source": "3",
      "target": "4"
    },
    {
      "source": "4",
      "target": "5"
    },
    {
      "source": "0",
      "target": "2"
    },
    {
      "source": "2",
      "target": "3"
    },
    {
      "source": "2",
      "target": "4"
    }
  ]
}