{
  "nodes": [
    "0",
    "1",
    "2",
    "3",
    "4",
    "5",
    "6",
    "7",
    "REF_0(uint256)",
    "REF_0(uint256) (",
    "REF_1(uint256)",
    "REF_10(uint256)",
    "REF_10(uint256) (",
    "REF_11",
    "REF_11(mapping(address => uint256))",
    "REF_12(uint256)",
    "REF_13(uint256)",
    "REF_14",
    "REF_14(mapping(address => uint256))",
    "REF_15(uint256)",
    "REF_16(uint256)",
    "REF_16(uint256) (",
    "REF_17(uint256)",
    "REF_19",
    "REF_19(mapping(address => uint256))",
    "REF_2(uint256)",
    "REF_20(uint256)",
    "REF_20(uint256) (",
    "REF_21",
    "REF_21(mapping(address => uint256))",
    "REF_22(uint256)",
    "REF_24(uint256)",
    "REF_24(uint256) (",
    "REF_25(uint256)",
    "REF_3(uint256)",
    "REF_3(uint256) (",
    "REF_4(uint256)",
    "REF_6(uint256)",
    "REF_6(uint256) (",
    "REF_7(uint256)",
    "REF_9",
    "REF_9(mapping(address => uint256))",
    "TMP_10(uint256) = LIBRARY_CALL, dest:SafeMath, function:SafeMath.sub(uint256,uint256), arguments:",
    "TMP_11(uint256) = LIBRARY_CALL, dest:SafeMath, function:SafeMath.sub(uint256,uint256), arguments:",
    "TMP_12(uint256) = LIBRARY_CALL, dest:SafeMath, function:SafeMath.add(uint256,uint256), arguments:",
    "TMP_2(uint256) = LIBRARY_CALL, dest:SafeMath, function:SafeMath.sub(uint256,uint256), arguments:",
    "TMP_3(uint256) = LIBRARY_CALL, dest:SafeMath, function:SafeMath.add(uint256,uint256), arguments:",
    "allowed",
    "allowed) := TMP_11(uint256)\"]",
    "allowed) := numTokens(uint256)\"]",
    "balances",
    "balances) := TMP_10(uint256)\"]",
    "balances) := TMP_12(uint256)\"]",
    "balances) := TMP_2(uint256)\"]",
    "balances) := TMP_3(uint256)\"]",
    "balances) := totalSupply_(uint256)\"]",
    "require(bool)(numTokens <= allowed",
    "require(bool)(numTokens <= balances"
  ],
  "edges": [
    {
      "source": "0",
      "target": "1"
    },
    {
      "source": "0",
      "target": "1"
    },
    {
      "source": "REF_1(uint256)",
      "target": "balances"
    },
    {
      "source": "0",
      "target": "1"
    },
    {
      "source": "REF_11(mapping(address => uint256))",
      "target": "allowed"
    },
    {
      "source": "REF_12(uint256)",
      "target": "REF_11"
    },
    {
      "source": "0",
      "target": "1"
    },
    {
      "source": "1",
      "target": "2"
    },
    {
      "source": "0",
      "target": "1"
    },
    {
      "source": "REF_13(uint256)",
      "target": "balances"
    },
    {
      "source": "1",
      "target": "2"
    },
    {
      "source": "REF_14(mapping(address => uint256))",
      "target": "allowed"
    },
    {
      "source": "REF_15(uint256)",
      "target": "REF_14"
    },
    {
      "source": "2",
      "target": "3"
    },
    {
      "source": "REF_16(uint256)",
      "target": "balances"
    },
    {
      "source": "REF_17(uint256)",
      "target": "balances"
    },
    {
      "source": "REF_16(uint256) (",
      "target": "balances) := TMP_10(uint256)\"]"
    },
    {
      "source": "3",
      "target": "4"
    },
    {
      "source": "REF_19(mapping(address => uint256))",
      "target": "allowed"
    },
    {
      "source": "REF_20(uint256)",
      "target": "REF_19"
    },
    {
      "source": "REF_21(mapping(address => uint256))",
      "target": "allowed"
    },
    {
      "source": "REF_22(uint256)",
      "target": "REF_21"
    },
    {
      "source": "REF_20(uint256) (",
      "target": "allowed) := TMP_11(uint256)\"]"
    },
    {
      "source": "4",
      "target": "5"
    },
    {
      "source": "REF_24(uint256)",
      "target": "balances"
    },
    {
      "source": "REF_25(uint256)",
      "target": "balances"
    },
    {
      "source": "REF_24(uint256) (",
      "target": "balances) := TMP_12(uint256)\"]"
    },
    {
      "source": "5",
      "target": "6"
    },
    {
      "source": "6",
      "target": "7"
    },
    {
      "source": "0",
      "target": "1"
    },
    {
      "source": "1",
      "target": "2"
    },
    {
      "source": "2",
      "target": "3"
    },
    {
      "source": "0",
      "target": "1"
    },
    {
      "source": "REF_0(uint256)",
      "target": "balances"
    },
    {
      "source": "REF_0(uint256) (",
      "target": "balances) := totalSupply_(uint256)\"]"
    },
    {
      "source": "0",
      "target": "1"
    },
    {
      "source": "1",
      "target": "2"
    },
    {
      "source": "0",
      "target": "1"
    },
    {
      "source": "REF_9(mapping(address => uint256))",
      "target": "allowed"
    },
    {
      "source": "REF_10(uint256)",
      "target": "REF_9"
    },
    {
      "source": "REF_10(uint256) (",
      "target": "allowed) := numTokens(uint256)\"]"
    },
    {
      "source": "1",
      "target": "2"
    },
    {
      "source": "2",
      "target": "3"
    },
    {
      "source": "0",
      "target": "1"
    },
    {
      "source": "REF_2(uint256)",
      "target": "balances"
    },
    {
      "source": "1",
      "target": "2"
    },
    {
      "source": "REF_3(uint256)",
      "target": "balances"
    },
    {
      "source": "REF_4(uint256)",
      "target": "balances"
    },
    {
      "source": "REF_3(uint256) (",
      "target": "balances) := TMP_2(uint256)\"]"
    },
    {
      "source": "2",
      "target": "3"
    },
    {
      "source": "REF_6(uint256)",
      "target": "balances"
    },
    {
      "source": "REF_7(uint256)",
      "target": "balances"
    },
    {
      "source": "REF_6(uint256) (",
      "target": "balances) := TMP_3(uint256)\"]"
    },
    {
      "source": "3",
      "target": "4"
    },
    {
      "source": "4",
      "target": "5"
    }
  ]
}