{
  "nodes": [
    "0",
    "1",
    "2",
    "3",
    "4",
    "5",
    "6",
    "7",
    "8",
    "REF_0(uint256)",
    "REF_0(uint256) (",
    "REF_1(uint256)",
    "REF_11",
    "REF_11(mapping(address => uint256))",
    "REF_12(uint256)",
    "REF_12(uint256) (",
    "REF_13",
    "REF_13(mapping(address => uint256))",
    "REF_14(uint256)",
    "REF_15(uint256)",
    "REF_16(uint256)",
    "REF_16(uint256) (",
    "REF_17(uint256)",
    "REF_19(uint256)",
    "REF_19(uint256) (",
    "REF_2(uint256)",
    "REF_20(uint256)",
    "REF_22",
    "REF_22(mapping(address => uint256))",
    "REF_23(uint256)",
    "REF_23(uint256) (",
    "REF_24",
    "REF_24(mapping(address => uint256))",
    "REF_25(uint256)",
    "REF_27",
    "REF_27(mapping(address => uint256))",
    "REF_28(uint256)",
    "REF_3(uint256)",
    "REF_4(uint256)",
    "REF_5(uint256)",
    "REF_5(uint256) (",
    "REF_6(uint256)",
    "REF_8(uint256)",
    "REF_8(uint256) (",
    "REF_9(uint256)",
    "TMP_30(uint256) = LIBRARY_CALL, dest:SafeMath, function:SafeMath.sub(uint256,uint256), arguments:",
    "TMP_31(uint256) = LIBRARY_CALL, dest:SafeMath, function:SafeMath.add(uint256,uint256), arguments:",
    "TMP_38(uint256) = LIBRARY_CALL, dest:SafeMath, function:SafeMath.sub(uint256,uint256), arguments:",
    "TMP_39(uint256) = LIBRARY_CALL, dest:SafeMath, function:SafeMath.add(uint256,uint256), arguments:",
    "TMP_40(uint256) = LIBRARY_CALL, dest:SafeMath, function:SafeMath.sub(uint256,uint256), arguments:",
    "allowed",
    "allowed) := TMP_40(uint256)\"]",
    "allowed) := tokens(uint256)\"]",
    "balances",
    "balances) := TMP_15(uint256)\"]",
    "balances) := TMP_30(uint256)\"]",
    "balances) := TMP_31(uint256)\"]",
    "balances) := TMP_38(uint256)\"]",
    "balances) := TMP_39(uint256)\"]",
    "require(bool)(balances",
    "require(bool)(tokens <= allowed"
  ],
  "edges": [
    {
      "source": "0",
      "target": "1"
    },
    {
      "source": "REF_11(mapping(address => uint256))",
      "target": "allowed"
    },
    {
      "source": "REF_12(uint256)",
      "target": "REF_11"
    },
    {
      "source": "REF_12(uint256) (",
      "target": "allowed) := tokens(uint256)\"]"
    },
    {
      "source": "1",
      "target": "2"
    },
    {
      "source": "2",
      "target": "3"
    },
    {
      "source": "0",
      "target": "1"
    },
    {
      "source": "0",
      "target": "1"
    },
    {
      "source": "1",
      "target": "2"
    },
    {
      "source": "2",
      "target": "3"
    },
    {
      "source": "3",
      "target": "4"
    },
    {
      "source": "4",
      "target": "5"
    },
    {
      "source": "REF_0(uint256)",
      "target": "balances"
    },
    {
      "source": "REF_0(uint256) (",
      "target": "balances) := TMP_15(uint256)\"]"
    },
    {
      "source": "5",
      "target": "6"
    },
    {
      "source": "0",
      "target": "1"
    },
    {
      "source": "1",
      "target": "2"
    },
    {
      "source": "2",
      "target": "3"
    },
    {
      "source": "0",
      "target": "1"
    },
    {
      "source": "REF_1(uint256)",
      "target": "balances"
    },
    {
      "source": "0",
      "target": "1"
    },
    {
      "source": "1",
      "target": "2"
    },
    {
      "source": "2",
      "target": "3"
    },
    {
      "source": "0",
      "target": "1"
    },
    {
      "source": "REF_13(mapping(address => uint256))",
      "target": "allowed"
    },
    {
      "source": "REF_14(uint256)",
      "target": "REF_13"
    },
    {
      "source": "1",
      "target": "2"
    },
    {
      "source": "REF_15(uint256)",
      "target": "balances"
    },
    {
      "source": "2",
      "target": "3"
    },
    {
      "source": "REF_16(uint256)",
      "target": "balances"
    },
    {
      "source": "REF_17(uint256)",
      "target": "balances"
    },
    {
      "source": "REF_16(uint256) (",
      "target": "balances) := TMP_38(uint256)\"]"
    },
    {
      "source": "3",
      "target": "4"
    },
    {
      "source": "REF_19(uint256)",
      "target": "balances"
    },
    {
      "source": "REF_20(uint256)",
      "target": "balances"
    },
    {
      "source": "REF_19(uint256) (",
      "target": "balances) := TMP_39(uint256)\"]"
    },
    {
      "source": "4",
      "target": "5"
    },
    {
      "source": "REF_22(mapping(address => uint256))",
      "target": "allowed"
    },
    {
      "source": "REF_23(uint256)",
      "target": "REF_22"
    },
    {
      "source": "REF_24(mapping(address => uint256))",
      "target": "allowed"
    },
    {
      "source": "REF_25(uint256)",
      "target": "REF_24"
    },
    {
      "source": "REF_23(uint256) (",
      "target": "allowed) := TMP_40(uint256)\"]"
    },
    {
      "source": "5",
      "target": "6"
    },
    {
      "source": "6",
      "target": "7"
    },
    {
      "source": "0",
      "target": "1"
    },
    {
      "source": "1",
      "target": "2"
    },
    {
      "source": "2",
      "target": "3"
    },
    {
      "source": "0",
      "target": "1"
    },
    {
      "source": "1",
      "target": "2"
    },
    {
      "source": "2",
      "target": "3"
    },
    {
      "source": "0",
      "target": "1"
    },
    {
      "source": "REF_27(mapping(address => uint256))",
      "target": "allowed"
    },
    {
      "source": "REF_28(uint256)",
      "target": "REF_27"
    },
    {
      "source": "0",
      "target": "1"
    },
    {
      "source": "1",
      "target": "2"
    },
    {
      "source": "REF_2(uint256)",
      "target": "balances"
    },
    {
      "source": "2",
      "target": "3"
    },
    {
      "source": "REF_3(uint256)",
      "target": "balances"
    },
    {
      "source": "REF_4(uint256)",
      "target": "balances"
    },
    {
      "source": "3",
      "target": "4"
    },
    {
      "source": "REF_5(uint256)",
      "target": "balances"
    },
    {
      "source": "REF_6(uint256)",
      "target": "balances"
    },
    {
      "source": "REF_5(uint256) (",
      "target": "balances) := TMP_30(uint256)\"]"
    },
    {
      "source": "4",
      "target": "5"
    },
    {
      "source": "REF_8(uint256)",
      "target": "balances"
    },
    {
      "source": "REF_9(uint256)",
      "target": "balances"
    },
    {
      "source": "REF_8(uint256) (",
      "target": "balances) := TMP_31(uint256)\"]"
    },
    {
      "source": "5",
      "target": "6"
    },
    {
      "source": "6",
      "target": "7"
    }
  ]
}