{
  "nodes": [
    "0",
    "1",
    "2",
    "3",
    "TMP_0(bytes32) = HIGH_LEVEL_CALL, dest:ens(ENS), function:setSubnodeOwner, arguments:",
    "TMP_4(address) = HIGH_LEVEL_CALL, dest:ens(ENS), function:owner, arguments:"
  ],
  "edges": [
    {
      "source": "0",
      "target": "1"
    },
    {
      "source": "1",
      "target": "2"
    },
    {
      "source": "0",
      "target": "1"
    },
    {
      "source": "1",
      "target": "2"
    },
    {
      "source": "2",
      "target": "3"
    },
    {
      "source": "0",
      "target": "2"
    },
    {
      "source": "2",
      "target": "1"
    }
  ]
}