{
  "nodes": [
    "0",
    "1",
    "2",
    "3",
    "4",
    "5",
    "6",
    "7",
    "8",
    "REF_0(uint256)",
    "REF_0(uint256) (",
    "REF_1(uint256)",
    "REF_1(uint256) (",
    "REF_10(uint256)",
    "REF_11(uint256)",
    "REF_12",
    "REF_12(mapping(address => uint256))",
    "REF_13(uint256)",
    "REF_14",
    "REF_14(mapping(address => uint256))",
    "REF_15(",
    "REF_15(uint256)",
    "REF_16",
    "REF_16(mapping(address => uint256))",
    "REF_17(uint256)",
    "REF_17(uint256) (",
    "REF_18(uint256)",
    "REF_19(",
    "REF_19(uint256)",
    "REF_2(uint256)",
    "REF_20(uint256)",
    "REF_21",
    "REF_21(mapping(address => uint256))",
    "REF_22(uint256)",
    "REF_23(",
    "REF_23(uint256)",
    "REF_24",
    "REF_24(mapping(address => uint256))",
    "REF_25(",
    "REF_25(uint256)",
    "REF_3(uint256)",
    "REF_4(uint256)",
    "REF_5(uint256)",
    "REF_6(uint256)",
    "REF_7(uint256)",
    "REF_8(",
    "REF_8(uint256)",
    "REF_9(",
    "REF_9(uint256)",
    "allowance",
    "allowance) := _value(uint256)\"]",
    "allowance) = REF_15 - _value\"]",
    "allowance) = REF_25 - _value\"]",
    "balanceOf",
    "balanceOf) := TMP_9(uint256)\"]",
    "balanceOf) := totalSupply(uint256)\"]",
    "balanceOf) = REF_19 - _value\"]",
    "balanceOf) = REF_23 - _value\"]",
    "balanceOf) = REF_8 - _value\"]",
    "balanceOf) = REF_9 + _value\"]",
    "previousBalances = balanceOf",
    "require(bool)(_value <= allowance",
    "require(bool)(balanceOf"
  ],
  "edges": [
    {
      "source": "0",
      "target": "1"
    },
    {
      "source": "REF_12(mapping(address => uint256))",
      "target": "allowance"
    },
    {
      "source": "REF_13(uint256)",
      "target": "REF_12"
    },
    {
      "source": "1",
      "target": "2"
    },
    {
      "source": "REF_14(mapping(address => uint256))",
      "target": "allowance"
    },
    {
      "source": "REF_15(uint256)",
      "target": "REF_14"
    },
    {
      "source": "REF_15(",
      "target": "allowance) = REF_15 - _value\"]"
    },
    {
      "source": "2",
      "target": "3"
    },
    {
      "source": "3",
      "target": "4"
    },
    {
      "source": "0",
      "target": "1"
    },
    {
      "source": "REF_20(uint256)",
      "target": "balanceOf"
    },
    {
      "source": "1",
      "target": "2"
    },
    {
      "source": "REF_21(mapping(address => uint256))",
      "target": "allowance"
    },
    {
      "source": "REF_22(uint256)",
      "target": "REF_21"
    },
    {
      "source": "2",
      "target": "3"
    },
    {
      "source": "REF_23(uint256)",
      "target": "balanceOf"
    },
    {
      "source": "REF_23(",
      "target": "balanceOf) = REF_23 - _value\"]"
    },
    {
      "source": "3",
      "target": "4"
    },
    {
      "source": "REF_24(mapping(address => uint256))",
      "target": "allowance"
    },
    {
      "source": "REF_25(uint256)",
      "target": "REF_24"
    },
    {
      "source": "REF_25(",
      "target": "allowance) = REF_25 - _value\"]"
    },
    {
      "source": "4",
      "target": "5"
    },
    {
      "source": "5",
      "target": "6"
    },
    {
      "source": "6",
      "target": "7"
    },
    {
      "source": "0",
      "target": "1"
    },
    {
      "source": "1",
      "target": "2"
    },
    {
      "source": "0",
      "target": "3"
    },
    {
      "source": "1",
      "target": "2"
    },
    {
      "source": "3",
      "target": "1"
    },
    {
      "source": "0",
      "target": "1"
    },
    {
      "source": "1",
      "target": "2"
    },
    {
      "source": "2",
      "target": "3"
    },
    {
      "source": "3",
      "target": "4"
    },
    {
      "source": "REF_0(uint256)",
      "target": "balanceOf"
    },
    {
      "source": "REF_0(uint256) (",
      "target": "balanceOf) := totalSupply(uint256)\"]"
    },
    {
      "source": "4",
      "target": "5"
    },
    {
      "source": "5",
      "target": "6"
    },
    {
      "source": "6",
      "target": "7"
    },
    {
      "source": "0",
      "target": "1"
    },
    {
      "source": "1",
      "target": "2"
    },
    {
      "source": "0",
      "target": "1"
    },
    {
      "source": "1",
      "target": "2"
    },
    {
      "source": "0",
      "target": "1"
    },
    {
      "source": "REF_16(mapping(address => uint256))",
      "target": "allowance"
    },
    {
      "source": "REF_17(uint256)",
      "target": "REF_16"
    },
    {
      "source": "REF_17(uint256) (",
      "target": "allowance) := _value(uint256)\"]"
    },
    {
      "source": "1",
      "target": "2"
    },
    {
      "source": "2",
      "target": "3"
    },
    {
      "source": "0",
      "target": "3"
    },
    {
      "source": "1",
      "target": "2"
    },
    {
      "source": "3",
      "target": "1"
    },
    {
      "source": "0",
      "target": "1"
    },
    {
      "source": "1",
      "target": "2"
    },
    {
      "source": "REF_3(uint256)",
      "target": "balanceOf"
    },
    {
      "source": "2",
      "target": "3"
    },
    {
      "source": "REF_4(uint256)",
      "target": "balanceOf"
    },
    {
      "source": "REF_5(uint256)",
      "target": "balanceOf"
    },
    {
      "source": "3",
      "target": "4"
    },
    {
      "source": "REF_6(uint256)",
      "target": "balanceOf"
    },
    {
      "source": "REF_7(uint256)",
      "target": "balanceOf"
    },
    {
      "source": "4",
      "target": "5"
    },
    {
      "source": "REF_8(uint256)",
      "target": "balanceOf"
    },
    {
      "source": "REF_8(",
      "target": "balanceOf) = REF_8 - _value\"]"
    },
    {
      "source": "5",
      "target": "6"
    },
    {
      "source": "REF_9(uint256)",
      "target": "balanceOf"
    },
    {
      "source": "REF_9(",
      "target": "balanceOf) = REF_9 + _value\"]"
    },
    {
      "source": "6",
      "target": "7"
    },
    {
      "source": "7",
      "target": "8"
    },
    {
      "source": "REF_10(uint256)",
      "target": "balanceOf"
    },
    {
      "source": "REF_11(uint256)",
      "target": "balanceOf"
    },
    {
      "source": "0",
      "target": "1"
    },
    {
      "source": "REF_18(uint256)",
      "target": "balanceOf"
    },
    {
      "source": "1",
      "target": "2"
    },
    {
      "source": "REF_19(uint256)",
      "target": "balanceOf"
    },
    {
      "source": "REF_19(",
      "target": "balanceOf) = REF_19 - _value\"]"
    },
    {
      "source": "2",
      "target": "3"
    },
    {
      "source": "3",
      "target": "4"
    },
    {
      "source": "4",
      "target": "5"
    },
    {
      "source": "0",
      "target": "1"
    },
    {
      "source": "1",
      "target": "2"
    },
    {
      "source": "2",
      "target": "3"
    },
    {
      "source": "3",
      "target": "4"
    },
    {
      "source": "4",
      "target": "5"
    },
    {
      "source": "0",
      "target": "1"
    },
    {
      "source": "1",
      "target": "2"
    },
    {
      "source": "2",
      "target": "3"
    },
    {
      "source": "REF_1(uint256)",
      "target": "balanceOf"
    },
    {
      "source": "REF_2(uint256)",
      "target": "balanceOf"
    },
    {
      "source": "REF_1(uint256) (",
      "target": "balanceOf) := TMP_9(uint256)\"]"
    }
  ]
}