{
  "nodes": [
    "0",
    "1",
    "2",
    "3",
    "4",
    "5",
    "6",
    "7",
    "8",
    "REF_0(uint256)",
    "REF_0(uint256) (",
    "REF_1(uint256)",
    "REF_11(uint256)",
    "REF_11(uint256) (",
    "REF_12(uint256)",
    "REF_14(uint256)",
    "REF_16(uint256)",
    "REF_17",
    "REF_17(mapping(address => uint256))",
    "REF_18(uint256)",
    "REF_19",
    "REF_19(mapping(address => uint256))",
    "REF_2(uint256)",
    "REF_20(uint256)",
    "REF_22",
    "REF_22(mapping(address => uint256))",
    "REF_23(uint256)",
    "REF_23(uint256) (",
    "REF_4(uint256)",
    "REF_5(uint256)",
    "REF_7(uint256)",
    "REF_8(uint256)",
    "REF_8(uint256) (",
    "REF_9(uint256)",
    "TMP_11(uint256) = LIBRARY_CALL, dest:SafeMath, function:SafeMath.add(uint256,uint256), arguments:",
    "TMP_12(uint256) = LIBRARY_CALL, dest:SafeMath, function:SafeMath.sub(uint256,uint256), arguments:",
    "TMP_13(uint256) = LIBRARY_CALL, dest:SafeMath, function:SafeMath.add(uint256,uint256), arguments:",
    "TMP_15(uint256) = LIBRARY_CALL, dest:SafeMath, function:SafeMath.add(uint256,uint256), arguments:",
    "TMP_21(uint256) = LIBRARY_CALL, dest:SafeMath, function:SafeMath.sub(uint256,uint256), arguments:",
    "TMP_8(uint256) = LIBRARY_CALL, dest:SafeMath, function:SafeMath.add(uint256,uint256), arguments:",
    "allowance",
    "allowance) := _value(uint256)\"]",
    "balanceOf",
    "balanceOf) := TMP_12(uint256)\"]",
    "balanceOf) := TMP_13(uint256)\"]",
    "balanceOf) := totalSupply(uint256)\"]",
    "previousBalances = balanceOf",
    "require(bool)(_value <= allowance",
    "require(bool)(balanceOf"
  ],
  "edges": [
    {
      "source": "0",
      "target": "1"
    },
    {
      "source": "0",
      "target": "1"
    },
    {
      "source": "1",
      "target": "2"
    },
    {
      "source": "0",
      "target": "1"
    },
    {
      "source": "1",
      "target": "2"
    },
    {
      "source": "REF_1(uint256)",
      "target": "balanceOf"
    },
    {
      "source": "2",
      "target": "3"
    },
    {
      "source": "REF_2(uint256)",
      "target": "balanceOf"
    },
    {
      "source": "REF_4(uint256)",
      "target": "balanceOf"
    },
    {
      "source": "3",
      "target": "4"
    },
    {
      "source": "REF_5(uint256)",
      "target": "balanceOf"
    },
    {
      "source": "REF_7(uint256)",
      "target": "balanceOf"
    },
    {
      "source": "4",
      "target": "5"
    },
    {
      "source": "REF_8(uint256)",
      "target": "balanceOf"
    },
    {
      "source": "REF_9(uint256)",
      "target": "balanceOf"
    },
    {
      "source": "REF_8(uint256) (",
      "target": "balanceOf) := TMP_12(uint256)\"]"
    },
    {
      "source": "5",
      "target": "6"
    },
    {
      "source": "REF_11(uint256)",
      "target": "balanceOf"
    },
    {
      "source": "REF_12(uint256)",
      "target": "balanceOf"
    },
    {
      "source": "REF_11(uint256) (",
      "target": "balanceOf) := TMP_13(uint256)\"]"
    },
    {
      "source": "6",
      "target": "7"
    },
    {
      "source": "7",
      "target": "8"
    },
    {
      "source": "REF_14(uint256)",
      "target": "balanceOf"
    },
    {
      "source": "REF_16(uint256)",
      "target": "balanceOf"
    },
    {
      "source": "0",
      "target": "1"
    },
    {
      "source": "0",
      "target": "1"
    },
    {
      "source": "1",
      "target": "2"
    },
    {
      "source": "2",
      "target": "3"
    },
    {
      "source": "0",
      "target": "1"
    },
    {
      "source": "1",
      "target": "2"
    },
    {
      "source": "2",
      "target": "3"
    },
    {
      "source": "0",
      "target": "1"
    },
    {
      "source": "1",
      "target": "2"
    },
    {
      "source": "2",
      "target": "3"
    },
    {
      "source": "0",
      "target": "1"
    },
    {
      "source": "1",
      "target": "2"
    },
    {
      "source": "0",
      "target": "1"
    },
    {
      "source": "1",
      "target": "2"
    },
    {
      "source": "REF_0(uint256)",
      "target": "balanceOf"
    },
    {
      "source": "REF_0(uint256) (",
      "target": "balanceOf) := totalSupply(uint256)\"]"
    },
    {
      "source": "2",
      "target": "3"
    },
    {
      "source": "3",
      "target": "4"
    },
    {
      "source": "0",
      "target": "1"
    },
    {
      "source": "REF_17(mapping(address => uint256))",
      "target": "allowance"
    },
    {
      "source": "REF_18(uint256)",
      "target": "REF_17"
    },
    {
      "source": "1",
      "target": "2"
    },
    {
      "source": "REF_19(mapping(address => uint256))",
      "target": "allowance"
    },
    {
      "source": "REF_20(uint256)",
      "target": "REF_19"
    },
    {
      "source": "2",
      "target": "3"
    },
    {
      "source": "3",
      "target": "4"
    },
    {
      "source": "0",
      "target": "1"
    },
    {
      "source": "0",
      "target": "1"
    },
    {
      "source": "1",
      "target": "2"
    },
    {
      "source": "2",
      "target": "3"
    },
    {
      "source": "0",
      "target": "1"
    },
    {
      "source": "REF_22(mapping(address => uint256))",
      "target": "allowance"
    },
    {
      "source": "REF_23(uint256)",
      "target": "REF_22"
    },
    {
      "source": "REF_23(uint256) (",
      "target": "allowance) := _value(uint256)\"]"
    },
    {
      "source": "1",
      "target": "2"
    },
    {
      "source": "2",
      "target": "3"
    },
    {
      "source": "0",
      "target": "1"
    },
    {
      "source": "1",
      "target": "2"
    },
    {
      "source": "1",
      "target": "3"
    },
    {
      "source": "3",
      "target": "4"
    },
    {
      "source": "4",
      "target": "5"
    },
    {
      "source": "5",
      "target": "6"
    }
  ]
}