{
  "nodes": [
    "0",
    "1",
    "10",
    "11",
    "12",
    "13",
    "14",
    "2",
    "3",
    "4",
    "5",
    "6",
    "7",
    "8",
    "9",
    "LENGTH __signature",
    "REF_0",
    "REF_1",
    "REF_1(mapping(address => bool))",
    "REF_10(bytes32)",
    "REF_10(bytes32) (",
    "REF_11(address)",
    "REF_12(bytes32)",
    "REF_2(bool)",
    "REF_2(bool) (",
    "REF_3",
    "REF_3(mapping(address => bool))",
    "REF_4(bool)",
    "REF_4(bool) (",
    "REF_5(address)",
    "REF_7",
    "REF_7(mapping(address => bool))",
    "REF_8(bool)",
    "REF_9(address)",
    "REF_9(address) (",
    "TMP_28(address) = LIBRARY_CALL, dest:ECDSA, function:ECDSA.recover(bytes32,bytes), arguments:",
    "_allowedTo",
    "_allowedTo) := False(bool)\"]",
    "_allowedTo) := True(bool)\"]",
    "_consumer",
    "_consumer) := msg.sender(address)\"]",
    "_message",
    "_message) := __message(bytes32)\"]",
    "require(bool)(_consumer",
    "require(bool)(msg.sender == signer || _allowedTo"
  ],
  "edges": [
    {
      "source": "0",
      "target": "1"
    },
    {
      "source": "REF_11(address)",
      "target": "_consumer"
    },
    {
      "source": "0",
      "target": "1"
    },
    {
      "source": "1",
      "target": "2"
    },
    {
      "source": "2",
      "target": "3"
    },
    {
      "source": "REF_3(mapping(address => bool))",
      "target": "_allowedTo"
    },
    {
      "source": "REF_4(bool)",
      "target": "REF_3"
    },
    {
      "source": "REF_4(bool) (",
      "target": "_allowedTo) := False(bool)\"]"
    },
    {
      "source": "3",
      "target": "4"
    },
    {
      "source": "0",
      "target": "1"
    },
    {
      "source": "REF_5(address)",
      "target": "_consumer"
    },
    {
      "source": "1",
      "target": "2"
    },
    {
      "source": "2",
      "target": "3"
    },
    {
      "source": "3",
      "target": "4"
    },
    {
      "source": "REF_7(mapping(address => bool))",
      "target": "_allowedTo"
    },
    {
      "source": "REF_8(bool)",
      "target": "REF_7"
    },
    {
      "source": "4",
      "target": "5"
    },
    {
      "source": "REF_9(address)",
      "target": "_consumer"
    },
    {
      "source": "REF_9(address) (",
      "target": "_consumer) := msg.sender(address)\"]"
    },
    {
      "source": "5",
      "target": "6"
    },
    {
      "source": "REF_10(bytes32)",
      "target": "_message"
    },
    {
      "source": "REF_10(bytes32) (",
      "target": "_message) := __message(bytes32)\"]"
    },
    {
      "source": "6",
      "target": "7"
    },
    {
      "source": "7",
      "target": "8"
    },
    {
      "source": "0",
      "target": "1"
    },
    {
      "source": "1",
      "target": "2"
    },
    {
      "source": "2",
      "target": "3"
    },
    {
      "source": "3",
      "target": "4"
    },
    {
      "source": "REF_0",
      "target": "LENGTH __signature"
    },
    {
      "source": "4",
      "target": "5"
    },
    {
      "source": "4",
      "target": "6"
    },
    {
      "source": "6",
      "target": "7"
    },
    {
      "source": "7",
      "target": "8"
    },
    {
      "source": "8",
      "target": "9"
    },
    {
      "source": "9",
      "target": "10"
    },
    {
      "source": "9",
      "target": "11"
    },
    {
      "source": "10",
      "target": "11"
    },
    {
      "source": "11",
      "target": "12"
    },
    {
      "source": "12",
      "target": "13"
    },
    {
      "source": "12",
      "target": "14"
    },
    {
      "source": "0",
      "target": "1"
    },
    {
      "source": "REF_12(bytes32)",
      "target": "_message"
    },
    {
      "source": "0",
      "target": "1"
    },
    {
      "source": "1",
      "target": "2"
    },
    {
      "source": "2",
      "target": "3"
    },
    {
      "source": "REF_1(mapping(address => bool))",
      "target": "_allowedTo"
    },
    {
      "source": "REF_2(bool)",
      "target": "REF_1"
    },
    {
      "source": "REF_2(bool) (",
      "target": "_allowedTo) := True(bool)\"]"
    },
    {
      "source": "3",
      "target": "4"
    }
  ]
}