{
  "nodes": [
    "0",
    "1",
    "2",
    "3",
    "4",
    "TMP_6(uint256) = HIGH_LEVEL_CALL, dest:_token(IERC20), function:balanceOf, arguments:",
    "TMP_9(bool) = HIGH_LEVEL_CALL, dest:_token(IERC20), function:transfer, arguments:"
  ],
  "edges": [
    {
      "source": "0",
      "target": "1"
    },
    {
      "source": "1",
      "target": "2"
    },
    {
      "source": "2",
      "target": "3"
    },
    {
      "source": "3",
      "target": "4"
    },
    {
      "source": "0",
      "target": "1"
    },
    {
      "source": "1",
      "target": "2"
    },
    {
      "source": "2",
      "target": "3"
    },
    {
      "source": "0",
      "target": "1"
    },
    {
      "source": "0",
      "target": "1"
    },
    {
      "source": "0",
      "target": "1"
    }
  ]
}