{
  "nodes": [
    "0",
    "1",
    "2",
    "3",
    "4",
    "5",
    "6",
    "REF_0(uint256)",
    "REF_0(uint256) (",
    "REF_1(uint256)",
    "REF_2(uint256)",
    "REF_2(uint256) (",
    "REF_3(uint256)",
    "REF_5(uint256)",
    "REF_5(uint256) (",
    "REF_6(uint256)",
    "TMP_24(uint256) = LIBRARY_CALL, dest:SafeMath, function:SafeMath.sub(uint256,uint256), arguments:",
    "TMP_25(uint256) = LIBRARY_CALL, dest:SafeMath, function:SafeMath.add(uint256,uint256), arguments:",
    "_balances",
    "_balances) := TMP_24(uint256)\"]",
    "_balances) := TMP_25(uint256)\"]",
    "_balances) := totalSupply(uint256)\"]"
  ],
  "edges": [
    {
      "source": "0",
      "target": "1"
    },
    {
      "source": "1",
      "target": "2"
    },
    {
      "source": "REF_2(uint256)",
      "target": "_balances"
    },
    {
      "source": "REF_3(uint256)",
      "target": "_balances"
    },
    {
      "source": "REF_2(uint256) (",
      "target": "_balances) := TMP_24(uint256)\"]"
    },
    {
      "source": "2",
      "target": "3"
    },
    {
      "source": "REF_5(uint256)",
      "target": "_balances"
    },
    {
      "source": "REF_6(uint256)",
      "target": "_balances"
    },
    {
      "source": "REF_5(uint256) (",
      "target": "_balances) := TMP_25(uint256)\"]"
    },
    {
      "source": "3",
      "target": "4"
    },
    {
      "source": "0",
      "target": "1"
    },
    {
      "source": "1",
      "target": "2"
    },
    {
      "source": "2",
      "target": "3"
    },
    {
      "source": "0",
      "target": "1"
    },
    {
      "source": "0",
      "target": "1"
    },
    {
      "source": "0",
      "target": "1"
    },
    {
      "source": "1",
      "target": "2"
    },
    {
      "source": "0",
      "target": "1"
    },
    {
      "source": "1",
      "target": "2"
    },
    {
      "source": "2",
      "target": "3"
    },
    {
      "source": "3",
      "target": "4"
    },
    {
      "source": "4",
      "target": "5"
    },
    {
      "source": "5",
      "target": "6"
    },
    {
      "source": "REF_0(uint256)",
      "target": "_balances"
    },
    {
      "source": "REF_0(uint256) (",
      "target": "_balances) := totalSupply(uint256)\"]"
    },
    {
      "source": "0",
      "target": "1"
    },
    {
      "source": "0",
      "target": "1"
    },
    {
      "source": "1",
      "target": "2"
    },
    {
      "source": "2",
      "target": "3"
    },
    {
      "source": "0",
      "target": "1"
    },
    {
      "source": "1",
      "target": "2"
    },
    {
      "source": "0",
      "target": "1"
    },
    {
      "source": "1",
      "target": "2"
    },
    {
      "source": "0",
      "target": "1"
    },
    {
      "source": "1",
      "target": "2"
    },
    {
      "source": "1",
      "target": "3"
    },
    {
      "source": "3",
      "target": "4"
    },
    {
      "source": "4",
      "target": "5"
    },
    {
      "source": "5",
      "target": "6"
    },
    {
      "source": "0",
      "target": "1"
    },
    {
      "source": "REF_1(uint256)",
      "target": "_balances"
    },
    {
      "source": "0",
      "target": "1"
    },
    {
      "source": "1",
      "target": "2"
    },
    {
      "source": "0",
      "target": "1"
    },
    {
      "source": "1",
      "target": "2"
    },
    {
      "source": "2",
      "target": "3"
    },
    {
      "source": "0",
      "target": "1"
    },
    {
      "source": "1",
      "target": "2"
    },
    {
      "source": "0",
      "target": "1"
    }
  ]
}