{
  "nodes": [
    "0",
    "1",
    "2",
    "3",
    "4",
    "5",
    "6",
    "7",
    "8",
    "REF_0(uint256)",
    "REF_0(uint256) (",
    "REF_1(uint256)",
    "REF_10",
    "REF_10(mapping(address => uint256))",
    "REF_11(uint256)",
    "REF_11(uint256) (",
    "REF_12(uint256)",
    "REF_13",
    "REF_13(mapping(address => uint256))",
    "REF_14(uint256)",
    "REF_14(uint256) (",
    "REF_15",
    "REF_15(mapping(address => uint256))",
    "REF_16(uint256)",
    "REF_2(uint256)",
    "REF_2(uint256) (",
    "REF_3(uint256)",
    "REF_34(uint256)",
    "REF_34(uint256) (",
    "REF_35(uint256)",
    "REF_36(uint256)",
    "REF_36(uint256) (",
    "REF_37(uint256)",
    "REF_4",
    "REF_4(mapping(address => uint256))",
    "REF_40(uint256)",
    "REF_40(uint256) (",
    "REF_41(uint256)",
    "REF_41(uint256) (",
    "REF_42(uint256)",
    "REF_43(uint256)",
    "REF_44(uint256)",
    "REF_44(uint256) (",
    "REF_5(uint256)",
    "REF_6(uint256)",
    "REF_6(uint256) (",
    "REF_7(uint256)",
    "REF_8(uint256)",
    "REF_8(uint256) (",
    "REF_9(uint256)",
    "TMP_108(bool) = LOW_LEVEL_CALL, dest:_pd, function:call, arguments:",
    "TMP_116(bool) = HIGH_LEVEL_CALL, dest:TMP_115(ERC20), function:transfer, arguments:",
    "_allowance = allowed",
    "allowed",
    "allowed) := TMP_64(uint256)\"]",
    "allowed) := _value(uint256)\"]",
    "balances",
    "balances) := 0(uint256)\"]",
    "balances) := TMP_105(uint256)\"]",
    "balances) := TMP_106(uint256)\"]",
    "balances) := TMP_112(uint256)\"]",
    "balances) := TMP_59(uint256)\"]",
    "balances) := TMP_60(uint256)\"]",
    "balances) := TMP_62(uint256)\"]",
    "balances) := TMP_63(uint256)\"]",
    "balances) := totalSupply(uint256)\"]"
  ],
  "edges": [
    {
      "source": "0",
      "target": "1"
    },
    {
      "source": "REF_4(mapping(address => uint256))",
      "target": "allowed"
    },
    {
      "source": "REF_5(uint256)",
      "target": "REF_4"
    },
    {
      "source": "1",
      "target": "2"
    },
    {
      "source": "REF_6(uint256)",
      "target": "balances"
    },
    {
      "source": "REF_7(uint256)",
      "target": "balances"
    },
    {
      "source": "REF_6(uint256) (",
      "target": "balances) := TMP_62(uint256)\"]"
    },
    {
      "source": "2",
      "target": "3"
    },
    {
      "source": "REF_8(uint256)",
      "target": "balances"
    },
    {
      "source": "REF_9(uint256)",
      "target": "balances"
    },
    {
      "source": "REF_8(uint256) (",
      "target": "balances) := TMP_63(uint256)\"]"
    },
    {
      "source": "3",
      "target": "4"
    },
    {
      "source": "REF_10(mapping(address => uint256))",
      "target": "allowed"
    },
    {
      "source": "REF_11(uint256)",
      "target": "REF_10"
    },
    {
      "source": "REF_11(uint256) (",
      "target": "allowed) := TMP_64(uint256)\"]"
    },
    {
      "source": "4",
      "target": "5"
    },
    {
      "source": "5",
      "target": "6"
    },
    {
      "source": "0",
      "target": "1"
    },
    {
      "source": "1",
      "target": "2"
    },
    {
      "source": "2",
      "target": "3"
    },
    {
      "source": "3",
      "target": "4"
    },
    {
      "source": "0",
      "target": "2"
    },
    {
      "source": "2",
      "target": "3"
    },
    {
      "source": "2",
      "target": "4"
    },
    {
      "source": "0",
      "target": "1"
    },
    {
      "source": "1",
      "target": "2"
    },
    {
      "source": "2",
      "target": "3"
    },
    {
      "source": "0",
      "target": "4"
    },
    {
      "source": "REF_41(uint256)",
      "target": "balances"
    },
    {
      "source": "REF_42(uint256)",
      "target": "balances"
    },
    {
      "source": "REF_43(uint256)",
      "target": "balances"
    },
    {
      "source": "REF_41(uint256) (",
      "target": "balances) := TMP_112(uint256)\"]"
    },
    {
      "source": "1",
      "target": "2"
    },
    {
      "source": "REF_44(uint256)",
      "target": "balances"
    },
    {
      "source": "REF_44(uint256) (",
      "target": "balances) := 0(uint256)\"]"
    },
    {
      "source": "2",
      "target": "3"
    },
    {
      "source": "4",
      "target": "1"
    },
    {
      "source": "0",
      "target": "1"
    },
    {
      "source": "1",
      "target": "2"
    },
    {
      "source": "2",
      "target": "3"
    },
    {
      "source": "0",
      "target": "1"
    },
    {
      "source": "1",
      "target": "2"
    },
    {
      "source": "1",
      "target": "3"
    },
    {
      "source": "0",
      "target": "1"
    },
    {
      "source": "1",
      "target": "2"
    },
    {
      "source": "0",
      "target": "1"
    },
    {
      "source": "1",
      "target": "2"
    },
    {
      "source": "0",
      "target": "1"
    },
    {
      "source": "1",
      "target": "2"
    },
    {
      "source": "0",
      "target": "1"
    },
    {
      "source": "1",
      "target": "2"
    },
    {
      "source": "2",
      "target": "3"
    },
    {
      "source": "3",
      "target": "4"
    },
    {
      "source": "0",
      "target": "1"
    },
    {
      "source": "0",
      "target": "2"
    },
    {
      "source": "2",
      "target": "3"
    },
    {
      "source": "2",
      "target": "4"
    },
    {
      "source": "0",
      "target": "2"
    },
    {
      "source": "2",
      "target": "3"
    },
    {
      "source": "2",
      "target": "4"
    },
    {
      "source": "0",
      "target": "1"
    },
    {
      "source": "1",
      "target": "2"
    },
    {
      "source": "2",
      "target": "3"
    },
    {
      "source": "0",
      "target": "1"
    },
    {
      "source": "1",
      "target": "2"
    },
    {
      "source": "2",
      "target": "3"
    },
    {
      "source": "3",
      "target": "4"
    },
    {
      "source": "0",
      "target": "2"
    },
    {
      "source": "2",
      "target": "3"
    },
    {
      "source": "2",
      "target": "4"
    },
    {
      "source": "0",
      "target": "1"
    },
    {
      "source": "REF_0(uint256)",
      "target": "balances"
    },
    {
      "source": "REF_1(uint256)",
      "target": "balances"
    },
    {
      "source": "REF_0(uint256) (",
      "target": "balances) := TMP_59(uint256)\"]"
    },
    {
      "source": "1",
      "target": "2"
    },
    {
      "source": "REF_2(uint256)",
      "target": "balances"
    },
    {
      "source": "REF_3(uint256)",
      "target": "balances"
    },
    {
      "source": "REF_2(uint256) (",
      "target": "balances) := TMP_60(uint256)\"]"
    },
    {
      "source": "2",
      "target": "3"
    },
    {
      "source": "3",
      "target": "4"
    },
    {
      "source": "0",
      "target": "2"
    },
    {
      "source": "2",
      "target": "3"
    },
    {
      "source": "2",
      "target": "4"
    },
    {
      "source": "0",
      "target": "1"
    },
    {
      "source": "1",
      "target": "2"
    },
    {
      "source": "1",
      "target": "3"
    },
    {
      "source": "0",
      "target": "1"
    },
    {
      "source": "0",
      "target": "1"
    },
    {
      "source": "REF_12(uint256)",
      "target": "balances"
    },
    {
      "source": "0",
      "target": "1"
    },
    {
      "source": "1",
      "target": "2"
    },
    {
      "source": "2",
      "target": "3"
    },
    {
      "source": "0",
      "target": "4"
    },
    {
      "source": "1",
      "target": "2"
    },
    {
      "source": "1",
      "target": "3"
    },
    {
      "source": "2",
      "target": "3"
    },
    {
      "source": "4",
      "target": "1"
    },
    {
      "source": "0",
      "target": "1"
    },
    {
      "source": "1",
      "target": "2"
    },
    {
      "source": "2",
      "target": "3"
    },
    {
      "source": "0",
      "target": "2"
    },
    {
      "source": "2",
      "target": "3"
    },
    {
      "source": "2",
      "target": "4"
    },
    {
      "source": "0",
      "target": "2"
    },
    {
      "source": "2",
      "target": "3"
    },
    {
      "source": "2",
      "target": "4"
    },
    {
      "source": "0",
      "target": "2"
    },
    {
      "source": "2",
      "target": "3"
    },
    {
      "source": "2",
      "target": "4"
    },
    {
      "source": "0",
      "target": "1"
    },
    {
      "source": "REF_15(mapping(address => uint256))",
      "target": "allowed"
    },
    {
      "source": "REF_16(uint256)",
      "target": "REF_15"
    },
    {
      "source": "0",
      "target": "1"
    },
    {
      "source": "1",
      "target": "2"
    },
    {
      "source": "1",
      "target": "3"
    },
    {
      "source": "0",
      "target": "2"
    },
    {
      "source": "2",
      "target": "1"
    },
    {
      "source": "0",
      "target": "1"
    },
    {
      "source": "1",
      "target": "2"
    },
    {
      "source": "2",
      "target": "3"
    },
    {
      "source": "0",
      "target": "1"
    },
    {
      "source": "1",
      "target": "2"
    },
    {
      "source": "0",
      "target": "1"
    },
    {
      "source": "REF_13(mapping(address => uint256))",
      "target": "allowed"
    },
    {
      "source": "REF_14(uint256)",
      "target": "REF_13"
    },
    {
      "source": "REF_14(uint256) (",
      "target": "allowed) := _value(uint256)\"]"
    },
    {
      "source": "1",
      "target": "2"
    },
    {
      "source": "2",
      "target": "3"
    },
    {
      "source": "0",
      "target": "2"
    },
    {
      "source": "2",
      "target": "3"
    },
    {
      "source": "2",
      "target": "4"
    },
    {
      "source": "0",
      "target": "2"
    },
    {
      "source": "2",
      "target": "3"
    },
    {
      "source": "2",
      "target": "4"
    },
    {
      "source": "0",
      "target": "2"
    },
    {
      "source": "2",
      "target": "3"
    },
    {
      "source": "2",
      "target": "4"
    },
    {
      "source": "0",
      "target": "1"
    },
    {
      "source": "1",
      "target": "2"
    },
    {
      "source": "2",
      "target": "3"
    },
    {
      "source": "0",
      "target": "1"
    },
    {
      "source": "1",
      "target": "2"
    },
    {
      "source": "0",
      "target": "1"
    },
    {
      "source": "REF_40(uint256)",
      "target": "balances"
    },
    {
      "source": "REF_40(uint256) (",
      "target": "balances) := totalSupply(uint256)\"]"
    },
    {
      "source": "0",
      "target": "1"
    },
    {
      "source": "REF_34(uint256)",
      "target": "balances"
    },
    {
      "source": "REF_35(uint256)",
      "target": "balances"
    },
    {
      "source": "REF_34(uint256) (",
      "target": "balances) := TMP_105(uint256)\"]"
    },
    {
      "source": "1",
      "target": "2"
    },
    {
      "source": "REF_36(uint256)",
      "target": "balances"
    },
    {
      "source": "REF_37(uint256)",
      "target": "balances"
    },
    {
      "source": "REF_36(uint256) (",
      "target": "balances) := TMP_106(uint256)\"]"
    },
    {
      "source": "2",
      "target": "3"
    },
    {
      "source": "3",
      "target": "4"
    },
    {
      "source": "3",
      "target": "5"
    },
    {
      "source": "4",
      "target": "5"
    },
    {
      "source": "5",
      "target": "6"
    },
    {
      "source": "6",
      "target": "7"
    },
    {
      "source": "0",
      "target": "2"
    },
    {
      "source": "2",
      "target": "3"
    },
    {
      "source": "2",
      "target": "4"
    }
  ]
}