{
  "nodes": [
    "0",
    "1",
    "10",
    "11",
    "12",
    "13",
    "14",
    "15",
    "2",
    "3",
    "4",
    "5",
    "6",
    "7",
    "8",
    "9",
    "HIGH_LEVEL_CALL, dest:pass(DSToken), function:mint, arguments:",
    "HIGH_LEVEL_CALL, dest:pass(DSToken), function:setName, arguments:",
    "HIGH_LEVEL_CALL, dest:pass(DSToken), function:setOwner, arguments:",
    "REF_10(uint256)",
    "REF_10(uint256) (",
    "REF_11(uint256)",
    "REF_12(uint256)",
    "REF_13",
    "REF_13(mapping(address => uint256))",
    "REF_14(uint256)",
    "REF_15",
    "REF_15(mapping(address => uint256))",
    "REF_16(uint256)",
    "REF_16(uint256) (",
    "REF_17",
    "REF_17(mapping(address => uint256))",
    "REF_18(uint256)",
    "REF_19(uint256)",
    "REF_19(uint256) (",
    "REF_20(uint256)",
    "REF_21(uint256)",
    "REF_21(uint256) (",
    "REF_22(uint256)",
    "REF_23",
    "REF_23(mapping(address => uint256))",
    "REF_24(uint256)",
    "REF_24(uint256) (",
    "REF_27(uint256)",
    "REF_27(uint256) (",
    "REF_3(uint256)",
    "REF_3(uint256) (",
    "REF_4(uint256)",
    "REF_49(uint256)",
    "REF_49(uint256) (",
    "REF_5",
    "REF_5(mapping(address => uint256))",
    "REF_50(uint256)",
    "REF_51(uint256)",
    "REF_51(uint256) (",
    "REF_52(uint256)",
    "REF_6(uint256)",
    "REF_7(uint256)",
    "REF_8(uint256)",
    "REF_8(uint256) (",
    "REF_9(uint256)",
    "TMP_1(bool) = LOW_LEVEL_CALL, dest:target, function:call, arguments:",
    "TMP_18(bool) = HIGH_LEVEL_CALL, dest:authority(DSAuthority), function:canCall, arguments:",
    "TMP_199(bool) = HIGH_LEVEL_CALL, dest:authority(DSAuthority), function:canCall, arguments:",
    "TMP_224(bool) = HIGH_LEVEL_CALL, dest:authority(DSAuthority), function:canCall, arguments:",
    "TMP_353(bool) = HIGH_LEVEL_CALL, dest:pass(DSToken), function:transfer, arguments:",
    "_approvals",
    "_approvals) := TMP_182(uint256)\"]",
    "_approvals) := wad(uint256)\"]",
    "_balances",
    "_balances) := TMP_175(uint256)\"]",
    "_balances) := TMP_176(uint256)\"]",
    "_balances) := TMP_183(uint256)\"]",
    "_balances) := TMP_184(uint256)\"]",
    "_balances) := TMP_325(uint256)\"]",
    "_balances) := TMP_330(uint256)\"]",
    "_balances) := supply(uint256)\"]",
    "assert(bool)(_approvals",
    "assert(bool)(_balances"
  ],
  "edges": [
    {
      "source": "0",
      "target": "1"
    },
    {
      "source": "1",
      "target": "2"
    },
    {
      "source": "0",
      "target": "1"
    },
    {
      "source": "1",
      "target": "2"
    },
    {
      "source": "0",
      "target": "2"
    },
    {
      "source": "2",
      "target": "3"
    },
    {
      "source": "3",
      "target": "1"
    },
    {
      "source": "0",
      "target": "1"
    },
    {
      "source": "0",
      "target": "1"
    },
    {
      "source": "0",
      "target": "1"
    },
    {
      "source": "1",
      "target": "2"
    },
    {
      "source": "2",
      "target": "3"
    },
    {
      "source": "0",
      "target": "1"
    },
    {
      "source": "0",
      "target": "2"
    },
    {
      "source": "2",
      "target": "3"
    },
    {
      "source": "2",
      "target": "4"
    },
    {
      "source": "0",
      "target": "2"
    },
    {
      "source": "2",
      "target": "3"
    },
    {
      "source": "2",
      "target": "4"
    },
    {
      "source": "0",
      "target": "1"
    },
    {
      "source": "1",
      "target": "2"
    },
    {
      "source": "2",
      "target": "3"
    },
    {
      "source": "3",
      "target": "4"
    },
    {
      "source": "4",
      "target": "5"
    },
    {
      "source": "5",
      "target": "6"
    },
    {
      "source": "0",
      "target": "2"
    },
    {
      "source": "2",
      "target": "3"
    },
    {
      "source": "2",
      "target": "4"
    },
    {
      "source": "0",
      "target": "2"
    },
    {
      "source": "2",
      "target": "3"
    },
    {
      "source": "3",
      "target": "1"
    },
    {
      "source": "0",
      "target": "1"
    },
    {
      "source": "REF_12(uint256)",
      "target": "_balances"
    },
    {
      "source": "1",
      "target": "2"
    },
    {
      "source": "REF_13(mapping(address => uint256))",
      "target": "_approvals"
    },
    {
      "source": "REF_14(uint256)",
      "target": "REF_13"
    },
    {
      "source": "2",
      "target": "3"
    },
    {
      "source": "REF_15(mapping(address => uint256))",
      "target": "_approvals"
    },
    {
      "source": "REF_16(uint256)",
      "target": "REF_15"
    },
    {
      "source": "REF_17(mapping(address => uint256))",
      "target": "_approvals"
    },
    {
      "source": "REF_18(uint256)",
      "target": "REF_17"
    },
    {
      "source": "REF_16(uint256) (",
      "target": "_approvals) := TMP_182(uint256)\"]"
    },
    {
      "source": "3",
      "target": "4"
    },
    {
      "source": "REF_19(uint256)",
      "target": "_balances"
    },
    {
      "source": "REF_20(uint256)",
      "target": "_balances"
    },
    {
      "source": "REF_19(uint256) (",
      "target": "_balances) := TMP_183(uint256)\"]"
    },
    {
      "source": "4",
      "target": "5"
    },
    {
      "source": "REF_21(uint256)",
      "target": "_balances"
    },
    {
      "source": "REF_22(uint256)",
      "target": "_balances"
    },
    {
      "source": "REF_21(uint256) (",
      "target": "_balances) := TMP_184(uint256)\"]"
    },
    {
      "source": "5",
      "target": "6"
    },
    {
      "source": "6",
      "target": "7"
    },
    {
      "source": "0",
      "target": "1"
    },
    {
      "source": "1",
      "target": "2"
    },
    {
      "source": "2",
      "target": "3"
    },
    {
      "source": "0",
      "target": "2"
    },
    {
      "source": "2",
      "target": "3"
    },
    {
      "source": "3",
      "target": "1"
    },
    {
      "source": "0",
      "target": "1"
    },
    {
      "source": "1",
      "target": "2"
    },
    {
      "source": "0",
      "target": "2"
    },
    {
      "source": "2",
      "target": "3"
    },
    {
      "source": "2",
      "target": "4"
    },
    {
      "source": "0",
      "target": "11"
    },
    {
      "source": "2",
      "target": "5"
    },
    {
      "source": "3",
      "target": "15"
    },
    {
      "source": "4",
      "target": "2"
    },
    {
      "source": "5",
      "target": "6"
    },
    {
      "source": "5",
      "target": "3"
    },
    {
      "source": "6",
      "target": "7"
    },
    {
      "source": "7",
      "target": "8"
    },
    {
      "source": "7",
      "target": "9"
    },
    {
      "source": "8",
      "target": "9"
    },
    {
      "source": "9",
      "target": "10"
    },
    {
      "source": "10",
      "target": "5"
    },
    {
      "source": "11",
      "target": "12"
    },
    {
      "source": "11",
      "target": "13"
    },
    {
      "source": "12",
      "target": "14"
    },
    {
      "source": "13",
      "target": "14"
    },
    {
      "source": "14",
      "target": "4"
    },
    {
      "source": "0",
      "target": "1"
    },
    {
      "source": "0",
      "target": "1"
    },
    {
      "source": "1",
      "target": "2"
    },
    {
      "source": "0",
      "target": "2"
    },
    {
      "source": "2",
      "target": "3"
    },
    {
      "source": "3",
      "target": "1"
    },
    {
      "source": "0",
      "target": "1"
    },
    {
      "source": "1",
      "target": "2"
    },
    {
      "source": "0",
      "target": "1"
    },
    {
      "source": "1",
      "target": "2"
    },
    {
      "source": "0",
      "target": "1"
    },
    {
      "source": "1",
      "target": "2"
    },
    {
      "source": "0",
      "target": "1"
    },
    {
      "source": "0",
      "target": "2"
    },
    {
      "source": "2",
      "target": "3"
    },
    {
      "source": "2",
      "target": "4"
    },
    {
      "source": "0",
      "target": "2"
    },
    {
      "source": "2",
      "target": "3"
    },
    {
      "source": "2",
      "target": "4"
    },
    {
      "source": "0",
      "target": "1"
    },
    {
      "source": "1",
      "target": "2"
    },
    {
      "source": "2",
      "target": "3"
    },
    {
      "source": "3",
      "target": "4"
    },
    {
      "source": "4",
      "target": "5"
    },
    {
      "source": "5",
      "target": "6"
    },
    {
      "source": "0",
      "target": "1"
    },
    {
      "source": "0",
      "target": "2"
    },
    {
      "source": "2",
      "target": "3"
    },
    {
      "source": "2",
      "target": "4"
    },
    {
      "source": "0",
      "target": "11"
    },
    {
      "source": "2",
      "target": "5"
    },
    {
      "source": "3",
      "target": "15"
    },
    {
      "source": "4",
      "target": "2"
    },
    {
      "source": "5",
      "target": "6"
    },
    {
      "source": "5",
      "target": "3"
    },
    {
      "source": "6",
      "target": "7"
    },
    {
      "source": "7",
      "target": "8"
    },
    {
      "source": "7",
      "target": "9"
    },
    {
      "source": "8",
      "target": "9"
    },
    {
      "source": "9",
      "target": "10"
    },
    {
      "source": "10",
      "target": "5"
    },
    {
      "source": "11",
      "target": "12"
    },
    {
      "source": "11",
      "target": "13"
    },
    {
      "source": "12",
      "target": "14"
    },
    {
      "source": "13",
      "target": "14"
    },
    {
      "source": "14",
      "target": "4"
    },
    {
      "source": "0",
      "target": "1"
    },
    {
      "source": "1",
      "target": "2"
    },
    {
      "source": "2",
      "target": "3"
    },
    {
      "source": "0",
      "target": "1"
    },
    {
      "source": "1",
      "target": "2"
    },
    {
      "source": "0",
      "target": "1"
    },
    {
      "source": "1",
      "target": "2"
    },
    {
      "source": "0",
      "target": "1"
    },
    {
      "source": "1",
      "target": "2"
    },
    {
      "source": "1",
      "target": "3"
    },
    {
      "source": "3",
      "target": "4"
    },
    {
      "source": "3",
      "target": "5"
    },
    {
      "source": "5",
      "target": "6"
    },
    {
      "source": "5",
      "target": "7"
    },
    {
      "source": "0",
      "target": "2"
    },
    {
      "source": "2",
      "target": "3"
    },
    {
      "source": "3",
      "target": "1"
    },
    {
      "source": "0",
      "target": "3"
    },
    {
      "source": "1",
      "target": "2"
    },
    {
      "source": "3",
      "target": "1"
    },
    {
      "source": "0",
      "target": "1"
    },
    {
      "source": "0",
      "target": "1"
    },
    {
      "source": "1",
      "target": "2"
    },
    {
      "source": "0",
      "target": "1"
    },
    {
      "source": "0",
      "target": "1"
    },
    {
      "source": "1",
      "target": "2"
    },
    {
      "source": "0",
      "target": "1"
    },
    {
      "source": "0",
      "target": "1"
    },
    {
      "source": "1",
      "target": "2"
    },
    {
      "source": "0",
      "target": "2"
    },
    {
      "source": "2",
      "target": "1"
    },
    {
      "source": "0",
      "target": "1"
    },
    {
      "source": "1",
      "target": "2"
    },
    {
      "source": "0",
      "target": "1"
    },
    {
      "source": "1",
      "target": "2"
    },
    {
      "source": "0",
      "target": "1"
    },
    {
      "source": "1",
      "target": "2"
    },
    {
      "source": "0",
      "target": "1"
    },
    {
      "source": "0",
      "target": "1"
    },
    {
      "source": "1",
      "target": "2"
    },
    {
      "source": "0",
      "target": "1"
    },
    {
      "source": "0",
      "target": "1"
    },
    {
      "source": "0",
      "target": "1"
    },
    {
      "source": "0",
      "target": "1"
    },
    {
      "source": "0",
      "target": "1"
    },
    {
      "source": "1",
      "target": "2"
    },
    {
      "source": "1",
      "target": "3"
    },
    {
      "source": "0",
      "target": "1"
    },
    {
      "source": "1",
      "target": "2"
    },
    {
      "source": "1",
      "target": "3"
    },
    {
      "source": "3",
      "target": "4"
    },
    {
      "source": "3",
      "target": "5"
    },
    {
      "source": "5",
      "target": "6"
    },
    {
      "source": "5",
      "target": "7"
    },
    {
      "source": "0",
      "target": "1"
    },
    {
      "source": "1",
      "target": "2"
    },
    {
      "source": "0",
      "target": "1"
    },
    {
      "source": "1",
      "target": "2"
    },
    {
      "source": "0",
      "target": "2"
    },
    {
      "source": "2",
      "target": "3"
    },
    {
      "source": "2",
      "target": "4"
    },
    {
      "source": "0",
      "target": "1"
    },
    {
      "source": "0",
      "target": "1"
    },
    {
      "source": "1",
      "target": "2"
    },
    {
      "source": "0",
      "target": "1"
    },
    {
      "source": "1",
      "target": "2"
    },
    {
      "source": "1",
      "target": "3"
    },
    {
      "source": "3",
      "target": "4"
    },
    {
      "source": "3",
      "target": "5"
    },
    {
      "source": "5",
      "target": "6"
    },
    {
      "source": "5",
      "target": "7"
    },
    {
      "source": "0",
      "target": "2"
    },
    {
      "source": "2",
      "target": "3"
    },
    {
      "source": "3",
      "target": "1"
    },
    {
      "source": "0",
      "target": "2"
    },
    {
      "source": "2",
      "target": "3"
    },
    {
      "source": "3",
      "target": "1"
    },
    {
      "source": "0",
      "target": "1"
    },
    {
      "source": "REF_4(uint256)",
      "target": "_balances"
    },
    {
      "source": "0",
      "target": "1"
    },
    {
      "source": "1",
      "target": "2"
    },
    {
      "source": "0",
      "target": "3"
    },
    {
      "source": "1",
      "target": "2"
    },
    {
      "source": "3",
      "target": "1"
    },
    {
      "source": "0",
      "target": "1"
    },
    {
      "source": "1",
      "target": "2"
    },
    {
      "source": "0",
      "target": "2"
    },
    {
      "source": "2",
      "target": "3"
    },
    {
      "source": "3",
      "target": "1"
    },
    {
      "source": "0",
      "target": "1"
    },
    {
      "source": "1",
      "target": "2"
    },
    {
      "source": "0",
      "target": "1"
    },
    {
      "source": "1",
      "target": "2"
    },
    {
      "source": "0",
      "target": "1"
    },
    {
      "source": "1",
      "target": "2"
    },
    {
      "source": "0",
      "target": "1"
    },
    {
      "source": "1",
      "target": "2"
    },
    {
      "source": "0",
      "target": "1"
    },
    {
      "source": "1",
      "target": "2"
    },
    {
      "source": "1",
      "target": "3"
    },
    {
      "source": "0",
      "target": "1"
    },
    {
      "source": "1",
      "target": "2"
    },
    {
      "source": "0",
      "target": "1"
    },
    {
      "source": "REF_27(uint256)",
      "target": "_balances"
    },
    {
      "source": "REF_27(uint256) (",
      "target": "_balances) := supply(uint256)\"]"
    },
    {
      "source": "1",
      "target": "2"
    },
    {
      "source": "0",
      "target": "1"
    },
    {
      "source": "0",
      "target": "1"
    },
    {
      "source": "1",
      "target": "2"
    },
    {
      "source": "0",
      "target": "1"
    },
    {
      "source": "0",
      "target": "1"
    },
    {
      "source": "0",
      "target": "1"
    },
    {
      "source": "1",
      "target": "2"
    },
    {
      "source": "0",
      "target": "1"
    },
    {
      "source": "1",
      "target": "2"
    },
    {
      "source": "0",
      "target": "2"
    },
    {
      "source": "2",
      "target": "3"
    },
    {
      "source": "2",
      "target": "4"
    },
    {
      "source": "0",
      "target": "1"
    },
    {
      "source": "1",
      "target": "2"
    },
    {
      "source": "0",
      "target": "1"
    },
    {
      "source": "1",
      "target": "2"
    },
    {
      "source": "2",
      "target": "3"
    },
    {
      "source": "3",
      "target": "4"
    },
    {
      "source": "4",
      "target": "5"
    },
    {
      "source": "5",
      "target": "6"
    },
    {
      "source": "6",
      "target": "7"
    },
    {
      "source": "0",
      "target": "1"
    },
    {
      "source": "1",
      "target": "2"
    },
    {
      "source": "2",
      "target": "3"
    },
    {
      "source": "0",
      "target": "1"
    },
    {
      "source": "0",
      "target": "1"
    },
    {
      "source": "1",
      "target": "2"
    },
    {
      "source": "0",
      "target": "1"
    },
    {
      "source": "REF_3(uint256)",
      "target": "_balances"
    },
    {
      "source": "REF_3(uint256) (",
      "target": "_balances) := supply(uint256)\"]"
    },
    {
      "source": "1",
      "target": "2"
    },
    {
      "source": "0",
      "target": "3"
    },
    {
      "source": "1",
      "target": "2"
    },
    {
      "source": "3",
      "target": "1"
    },
    {
      "source": "0",
      "target": "2"
    },
    {
      "source": "2",
      "target": "3"
    },
    {
      "source": "2",
      "target": "4"
    },
    {
      "source": "0",
      "target": "3"
    },
    {
      "source": "1",
      "target": "2"
    },
    {
      "source": "3",
      "target": "1"
    },
    {
      "source": "0",
      "target": "1"
    },
    {
      "source": "0",
      "target": "2"
    },
    {
      "source": "2",
      "target": "3"
    },
    {
      "source": "2",
      "target": "4"
    },
    {
      "source": "0",
      "target": "1"
    },
    {
      "source": "REF_7(uint256)",
      "target": "_balances"
    },
    {
      "source": "1",
      "target": "2"
    },
    {
      "source": "REF_8(uint256)",
      "target": "_balances"
    },
    {
      "source": "REF_9(uint256)",
      "target": "_balances"
    },
    {
      "source": "REF_8(uint256) (",
      "target": "_balances) := TMP_175(uint256)\"]"
    },
    {
      "source": "2",
      "target": "3"
    },
    {
      "source": "REF_10(uint256)",
      "target": "_balances"
    },
    {
      "source": "REF_11(uint256)",
      "target": "_balances"
    },
    {
      "source": "REF_10(uint256) (",
      "target": "_balances) := TMP_176(uint256)\"]"
    },
    {
      "source": "3",
      "target": "4"
    },
    {
      "source": "4",
      "target": "5"
    },
    {
      "source": "0",
      "target": "2"
    },
    {
      "source": "2",
      "target": "3"
    },
    {
      "source": "2",
      "target": "4"
    },
    {
      "source": "0",
      "target": "1"
    },
    {
      "source": "0",
      "target": "1"
    },
    {
      "source": "1",
      "target": "2"
    },
    {
      "source": "0",
      "target": "1"
    },
    {
      "source": "1",
      "target": "2"
    },
    {
      "source": "0",
      "target": "1"
    },
    {
      "source": "0",
      "target": "1"
    },
    {
      "source": "0",
      "target": "3"
    },
    {
      "source": "REF_49(uint256)",
      "target": "_balances"
    },
    {
      "source": "REF_50(uint256)",
      "target": "_balances"
    },
    {
      "source": "REF_49(uint256) (",
      "target": "_balances) := TMP_325(uint256)\"]"
    },
    {
      "source": "1",
      "target": "2"
    },
    {
      "source": "3",
      "target": "4"
    },
    {
      "source": "4",
      "target": "5"
    },
    {
      "source": "5",
      "target": "1"
    },
    {
      "source": "0",
      "target": "3"
    },
    {
      "source": "1",
      "target": "2"
    },
    {
      "source": "3",
      "target": "1"
    },
    {
      "source": "0",
      "target": "2"
    },
    {
      "source": "2",
      "target": "3"
    },
    {
      "source": "2",
      "target": "4"
    },
    {
      "source": "0",
      "target": "1"
    },
    {
      "source": "1",
      "target": "2"
    },
    {
      "source": "0",
      "target": "1"
    },
    {
      "source": "1",
      "target": "2"
    },
    {
      "source": "0",
      "target": "1"
    },
    {
      "source": "1",
      "target": "2"
    },
    {
      "source": "2",
      "target": "3"
    },
    {
      "source": "0",
      "target": "1"
    },
    {
      "source": "0",
      "target": "2"
    },
    {
      "source": "2",
      "target": "3"
    },
    {
      "source": "2",
      "target": "4"
    },
    {
      "source": "0",
      "target": "1"
    },
    {
      "source": "0",
      "target": "1"
    },
    {
      "source": "1",
      "target": "2"
    },
    {
      "source": "0",
      "target": "1"
    },
    {
      "source": "0",
      "target": "1"
    },
    {
      "source": "1",
      "target": "2"
    },
    {
      "source": "1",
      "target": "3"
    },
    {
      "source": "3",
      "target": "4"
    },
    {
      "source": "0",
      "target": "1"
    },
    {
      "source": "0",
      "target": "1"
    },
    {
      "source": "0",
      "target": "11"
    },
    {
      "source": "2",
      "target": "5"
    },
    {
      "source": "3",
      "target": "15"
    },
    {
      "source": "4",
      "target": "2"
    },
    {
      "source": "5",
      "target": "6"
    },
    {
      "source": "5",
      "target": "3"
    },
    {
      "source": "6",
      "target": "7"
    },
    {
      "source": "7",
      "target": "8"
    },
    {
      "source": "7",
      "target": "9"
    },
    {
      "source": "8",
      "target": "9"
    },
    {
      "source": "9",
      "target": "10"
    },
    {
      "source": "10",
      "target": "5"
    },
    {
      "source": "11",
      "target": "12"
    },
    {
      "source": "11",
      "target": "13"
    },
    {
      "source": "12",
      "target": "14"
    },
    {
      "source": "13",
      "target": "14"
    },
    {
      "source": "14",
      "target": "4"
    },
    {
      "source": "0",
      "target": "1"
    },
    {
      "source": "1",
      "target": "2"
    },
    {
      "source": "1",
      "target": "3"
    },
    {
      "source": "0",
      "target": "1"
    },
    {
      "source": "0",
      "target": "1"
    },
    {
      "source": "1",
      "target": "2"
    },
    {
      "source": "2",
      "target": "3"
    },
    {
      "source": "0",
      "target": "1"
    },
    {
      "source": "1",
      "target": "2"
    },
    {
      "source": "0",
      "target": "1"
    },
    {
      "source": "1",
      "target": "2"
    },
    {
      "source": "1",
      "target": "3"
    },
    {
      "source": "0",
      "target": "1"
    },
    {
      "source": "1",
      "target": "2"
    },
    {
      "source": "0",
      "target": "2"
    },
    {
      "source": "2",
      "target": "3"
    },
    {
      "source": "2",
      "target": "4"
    },
    {
      "source": "0",
      "target": "1"
    },
    {
      "source": "REF_23(mapping(address => uint256))",
      "target": "_approvals"
    },
    {
      "source": "REF_24(uint256)",
      "target": "REF_23"
    },
    {
      "source": "REF_24(uint256) (",
      "target": "_approvals) := wad(uint256)\"]"
    },
    {
      "source": "1",
      "target": "2"
    },
    {
      "source": "2",
      "target": "3"
    },
    {
      "source": "0",
      "target": "1"
    },
    {
      "source": "1",
      "target": "2"
    },
    {
      "source": "0",
      "target": "1"
    },
    {
      "source": "0",
      "target": "2"
    },
    {
      "source": "2",
      "target": "3"
    },
    {
      "source": "2",
      "target": "4"
    },
    {
      "source": "0",
      "target": "1"
    },
    {
      "source": "0",
      "target": "1"
    },
    {
      "source": "1",
      "target": "2"
    },
    {
      "source": "0",
      "target": "1"
    },
    {
      "source": "0",
      "target": "1"
    },
    {
      "source": "REF_5(mapping(address => uint256))",
      "target": "_approvals"
    },
    {
      "source": "REF_6(uint256)",
      "target": "REF_5"
    },
    {
      "source": "0",
      "target": "2"
    },
    {
      "source": "2",
      "target": "3"
    },
    {
      "source": "2",
      "target": "4"
    },
    {
      "source": "0",
      "target": "3"
    },
    {
      "source": "REF_51(uint256)",
      "target": "_balances"
    },
    {
      "source": "REF_52(uint256)",
      "target": "_balances"
    },
    {
      "source": "REF_51(uint256) (",
      "target": "_balances) := TMP_330(uint256)\"]"
    },
    {
      "source": "1",
      "target": "2"
    },
    {
      "source": "3",
      "target": "4"
    },
    {
      "source": "4",
      "target": "5"
    },
    {
      "source": "5",
      "target": "1"
    },
    {
      "source": "0",
      "target": "1"
    },
    {
      "source": "0",
      "target": "1"
    },
    {
      "source": "1",
      "target": "2"
    },
    {
      "source": "0",
      "target": "3"
    },
    {
      "source": "1",
      "target": "2"
    },
    {
      "source": "3",
      "target": "1"
    },
    {
      "source": "0",
      "target": "2"
    },
    {
      "source": "2",
      "target": "3"
    },
    {
      "source": "2",
      "target": "4"
    },
    {
      "source": "0",
      "target": "1"
    },
    {
      "source": "1",
      "target": "2"
    },
    {
      "source": "2",
      "target": "3"
    },
    {
      "source": "3",
      "target": "4"
    },
    {
      "source": "4",
      "target": "5"
    },
    {
      "source": "5",
      "target": "6"
    },
    {
      "source": "0",
      "target": "1"
    },
    {
      "source": "1",
      "target": "2"
    },
    {
      "source": "0",
      "target": "1"
    },
    {
      "source": "1",
      "target": "2"
    },
    {
      "source": "0",
      "target": "1"
    },
    {
      "source": "0",
      "target": "1"
    },
    {
      "source": "1",
      "target": "2"
    }
  ]
}